Date,Open,High,Low,Close,Volume,Dividends,Stock Splits
2020-03-16 00:00:00-04:00,58.716182706946256,62.87327141626091,58.242959402399286,58.77928161621094,322423600,0.0,0.0
2020-03-17 00:00:00-04:00,60.06549231026202,62.5165485741774,57.854685943845006,61.363826751708984,324056000,0.0,0.0
2020-03-18 00:00:00-04:00,58.18714954728448,60.66975488014331,57.54404792376218,59.86163330078125,300233600,0.0,0.0
2020-03-19 00:00:00-04:00,60.036357886139776,61.35895770048267,58.87635255804571,59.4029655456543,271857200,0.0,0.0
2020-03-20 00:00:00-04:00,59.98539913252844,61.11385881136198,55.330817248448476,55.63174057006836,401693200,0.0,0.0
2020-03-23 00:00:00-04:00,55.350234801464175,55.45215955190559,51.595989830091725,54.449893951416016,336752800,0.0,0.0
2020-03-24 00:00:00-04:00,57.359609676283746,60.10916324280381,56.85969151927787,59.912593841552734,287531200,0.0,0.0
2020-03-25 00:00:00-04:00,60.851767993758266,62.67186075528643,59.28648895944169,59.582557678222656,303602000,0.0,0.0
2020-03-26 00:00:00-04:00,59.82524536167027,62.77622003802829,59.786415821760485,62.717979431152344,252087200,0.0,0.0
2020-03-27 00:00:00-04:00,61.33712415208677,62.09428153233142,59.95385443702902,60.12130355834961,204216800,0.0,0.0
2020-03-30 00:00:00-04:00,60.84933827038797,62.0093436795025,60.52414557218957,61.837039947509766,167976400,0.0,0.0
2020-03-31 00:00:00-04:00,62.0287624061651,63.700817094858024,61.15511640489983,61.71084976196289,197002000,0.0,0.0
2020-04-01 00:00:00-04:00,59.82038104472191,60.35912878890937,58.031837774101646,58.46380615234375,176218400,0.0,0.0
2020-04-02 00:00:00-04:00,58.32547341461665,59.49275888105111,57.49065701285396,59.439369201660156,165934000,0.0,0.0
2020-04-03 00:00:00-04:00,58.9224639013772,59.626231543601605,57.99300285608874,58.585140228271484,129880000,0.0,0.0
2020-04-06 00:00:00-04:00,60.88815209400792,63.85126024414228,60.51928272574537,63.69594955444336,201820400,0.0,0.0
2020-04-07 00:00:00-04:00,65.71746500197477,65.93588200935402,62.85385599250536,62.95820617675781,202887200,0.0,0.0
2020-04-08 00:00:00-04:00,63.76147775323179,64.88508270225176,63.395037501230945,64.5696029663086,168895200,0.0,0.0
2020-04-09 00:00:00-04:00,65.20786042767898,65.54032952455171,64.2371442763535,65.03555297851562,161834800,0.0,0.0
2020-04-13 00:00:00-04:00,65.11321477612952,66.42125839971293,64.51136807094039,66.31204986572266,131022800,0.0,0.0
2020-04-14 00:00:00-04:00,67.9501340306998,69.95223619410436,67.47690692059525,69.66101837158203,194994800,0.0,0.0
2020-04-15 00:00:00-04:00,68.53255414367216,69.48628092008256,68.10301494206142,69.02519226074219,131154400,0.0,0.0
2020-04-16 00:00:00-04:00,69.74110330393147,69.94010189303526,68.52042803590564,69.57365417480469,157125200,0.0,0.0
2020-04-17 00:00:00-04:00,69.08829031254295,69.63674726381512,67.1881094519009,68.62962341308594,215250000,0.0,0.0
2020-04-20 00:00:00-04:00,67.45265367496387,68.35784190926253,67.18570520408012,67.20511627197266,130015200,0.0,0.0
2020-04-21 00:00:00-04:00,67.0473614677832,67.28276042085989,64.41429253639382,65.12776947021484,180991600,0.0,0.0
2020-04-22 00:00:00-04:00,66.39939402555568,67.44048895263322,66.05722317141493,67.00366973876953,116862400,0.0,0.0
2020-04-23 00:00:00-04:00,66.94785276175145,68.37480642869768,66.7051737682157,66.74400329589844,124814400,0.0,0.0
2020-04-24 00:00:00-04:00,67.27061293971914,68.68057715232159,67.22207418369496,68.67086791992188,126161200,0.0,0.0
2020-04-27 00:00:00-04:00,68.38695250061332,69.05189812563647,67.93800218832392,68.71942901611328,117087600,0.0,0.0
2020-04-28 00:00:00-04:00,69.1829514944405,69.36496081135085,67.51332558167111,67.60553741455078,112004800,0.0,0.0
2020-04-29 00:00:00-04:00,69.0980050622793,70.29684010085327,68.89415555935265,69.82604217529297,137280800,0.0,0.0
2020-04-30 00:00:00-04:00,70.36720857906009,71.47625350962926,69.97649890054853,71.2990951538086,183064000,0.0,0.0
2020-05-01 00:00:00-04:00,69.46688076275679,72.56103877053023,69.36981062017894,70.15123748779297,240616800,0.0,0.0
2020-05-04 00:00:00-04:00,70.17548910786692,71.27239551263796,69.48385248239573,71.1437759399414,133568000,0.0,0.0
2020-05-05 00:00:00-04:00,71.60485804116813,73.04637175058454,71.45924917442386,72.21155548095703,147751200,0.0,0.0
2020-05-06 00:00:00-04:00,72.9153300566067,73.58997737842726,72.52947133643356,72.95658874511719,142333600,0.0,0.0
2020-05-07 00:00:00-04:00,73.58513616899319,74.05836324243135,73.28178737986006,73.7113265991211,115215200,0.0,0.0
2020-05-08 00:00:00-04:00,74.37321360469922,75.51932400836401,74.04470854157813,75.46578979492188,133838400,0.205,0.0
2020-05-11 00:00:00-04:00,74.97179952522458,77.14965158521665,74.76252676945559,76.65325164794922,145946400,0.0,0.0
2020-05-12 00:00:00-04:00,77.33946490194451,77.79207364909227,75.65558421726155,75.77725219726562,162301200,0.0,0.0
2020-05-13 00:00:00-04:00,75.95730873840742,76.88198972405412,73.78188493945902,74.86229705810547,200622400,0.0,0.0
2020-05-14 00:00:00-04:00,74.09823268490378,75.38304620688119,73.37308887883164,75.32221221923828,158929200,0.0,0.0
2020-05-15 00:00:00-04:00,73.085943325568,74.92312650763014,73.05187273308422,74.87689208984375,166348400,0.0,0.0
2020-05-18 00:00:00-04:00,76.20553196590271,77.01583751017019,75.51202293913698,76.64109802246094,135178400,0.0,0.0
2020-05-19 00:00:00-04:00,76.65812036126512,77.50736040977804,76.16658443916718,76.1982192993164,101729600,0.0,0.0
2020-05-20 00:00:00-04:00,77.05961137211806,77.7506844400657,77.0206767368224,77.68012237548828,111504800,0.0,0.0
2020-05-21 00:00:00-04:00,77.54143540411926,78.08407725078851,76.86252601832638,77.10099792480469,102688800,0.0,0.0
2020-05-22 00:00:00-04:00,76.83818252513326,77.68013017413679,76.73598559499173,77.59739685058594,81803200,0.0,0.0
2020-05-26 00:00:00-04:00,78.71917419280368,78.89924040659268,77.01582266467501,77.07179260253906,125522000,0.0,0.0
2020-05-27 00:00:00-04:00,76.92824326203885,77.55361111108796,76.18606403867054,77.40760803222656,112945200,0.0,0.0
2020-05-28 00:00:00-04:00,77.08154855382563,78.70460307829444,76.80414935194091,77.44168853759766,133560800,0.0,0.0
2020-05-29 00:00:00-04:00,77.68500333141107,78.14734015890691,77.00852967618476,77.3662338256836,153532400,0.0,0.0
2020-06-01 00:00:00-04:00,77.32000896800524,78.43935598036309,77.18860545726987,78.31768798828125,80791200,0.0,0.0
2020-06-02 00:00:00-04:00,78.05000523231972,78.70457952577789,77.6071320252172,78.68024444580078,87642800,0.0,0.0
2020-06-03 00:00:00-04:00,79.00146321507341,79.37620271806179,78.42718641851751,79.11339569091797,104491200,0.0,0.0
2020-06-04 00:00:00-04:00,78.93575985874213,79.23505835292487,78.05731313453714,78.43205261230469,87560400,0.0,0.0
2020-06-05 00:00:00-04:00,78.68268407951567,80.72670465644849,78.65348495250613,80.6658706665039,137250400,0.0,0.0
2020-06-08 00:00:00-04:00,80.36167798797216,81.17685470787667,79.64870560971856,81.14278411865234,95654400,0.0,0.0
2020-06-09 00:00:00-04:00,80.82159908143493,84.09932691847067,80.78996422247816,83.70512390136719,147712400,0.0,0.0
2020-06-10 00:00:00-04:00,84.65658514258793,86.32830212094579,84.21614761710595,85.8586654663086,166651600,0.0,0.0
2020-06-11 00:00:00-04:00,84.99967763398335,85.42551553412683,81.63434481058569,81.73654174804688,201662400,0.0,0.0
2020-06-12 00:00:00-04:00,83.88276702365586,84.63223846471662,81.32773960827684,82.44221496582031,200146000,0.0,0.0
2020-06-15 00:00:00-04:00,81.0917097169114,84.11637395651466,80.9286713541559,83.46179962158203,138808800,0.0,0.0
2020-06-16 00:00:00-04:00,85.52286943873968,85.94627913317997,83.8827871566956,85.67373657226562,165428800,0.0,0.0
2020-06-17 00:00:00-04:00,86.42074914445539,86.48158312349922,85.43280591886547,85.55447387695312,114406400,0.0,0.0
2020-06-18 00:00:00-04:00,85.51069272033729,86.00710017036369,84.97778636060843,85.58856201171875,96820400,0.0,0.0
2020-06-19 00:00:00-04:00,86.2966575684398,86.76385839432308,83.98739454869698,85.09944152832031,264476000,0.0,0.0
2020-06-22 00:00:00-04:00,85.49366152486377,87.469548475875,85.44742709501291,87.32598114013672,135445200,0.0,0.0
2020-06-23 00:00:00-04:00,88.57428648623221,90.61344295119446,88.1533126161021,89.18992614746094,212155600,0.0,0.0
2020-06-24 00:00:00-04:00,88.81761197618738,89.73985720448684,87.24079252033772,87.61553192138672,192623200,0.0,0.0
2020-06-25 00:00:00-04:00,87.77127955859044,88.81762116630449,87.00963685193202,88.7786865234375,137522400,0.0,0.0
2020-06-26 00:00:00-04:00,88.67404914924855,88.89548574168278,85.90244927933195,86.05088806152344,205256800,0.0,0.0
2020-06-29 00:00:00-04:00,85.95843257929042,88.12899272885664,85.47906041478672,88.03408813476562,130646000,0.0,0.0
2020-06-30 00:00:00-04:00,87.62040543722048,89.0560934802323,87.60094182870904,88.76895141601562,140223200,0.0,0.0
2020-07-01 00:00:00-04:00,88.84682302233178,89.39189318717276,88.55238859500506,88.6010513305664,110737200,0.0,0.0
2020-07-02 00:00:00-04:00,89.51113285524976,90.14867187148857,88.48669056028642,88.6010513305664,114041600,0.0,0.0
2020-07-06 00:00:00-04:00,90.03429319420877,91.44077455841791,90.00265833546331,90.97113800048828,118655600,0.0,0.0
2020-07-07 00:00:00-04:00,91.35074735374833,92.13185365235528,90.57694083639849,90.68887329101562,112424400,0.0,0.0
2020-07-08 00:00:00-04:00,91.66952230167387,92.83266788269125,91.58191749535032,92.80103302001953,117092000,0.0,0.0
2020-07-09 00:00:00-04:00,93.69649607659868,93.75003027778281,92.14888313949528,93.2000961303711,125642800,0.0,0.0
2020-07-10 00:00:00-04:00,92.79375380347602,93.42156487218855,92.18054972740808,93.3631591796875,90257200,0.0,0.0
2020-07-13 00:00:00-04:00,94.67229242141129,97.29058984952216,92.7183048684692,92.93244171142578,191649200,0.0,0.0
2020-07-14 00:00:00-04:00,92.31192546978035,94.66255171537146,91.37508797222462,94.47032165527344,170989200,0.0,0.0
2020-07-15 00:00:00-04:00,96.35129727473847,96.60193299733245,93.91793786080713,95.1200180053711,153198000,0.0,0.0
2020-07-16 00:00:00-04:00,93.98850434264295,94.80854525062085,93.34852964918174,93.94956970214844,110577600,0.0,0.0
2020-07-17 00:00:00-04:00,94.40219140138757,94.55792255878987,93.28527277756179,93.75978088378906,92186800,0.0,0.0
2020-07-20 00:00:00-04:00,93.8473898583791,95.87437528671072,93.50184950233145,95.73567199707031,90318000,0.0,0.0
2020-07-21 00:00:00-04:00,96.52895030233236,96.60438386189568,94.16372428454169,94.41436004638672,103433200,0.0,0.0
2020-07-22 00:00:00-04:00,94.11503952134649,95.36335409074172,94.02744214680403,94.67958068847656,89001600,0.0,0.0
2020-07-23 00:00:00-04:00,94.41191626887031,94.48978555792418,89.55736834691913,90.37010955810547,197004400,0.0,0.0
2020-07-24 00:00:00-04:00,88.56213563459892,90.49178823352345,86.76874316858824,90.14624786376953,185438800,0.0,0.0
2020-07-27 00:00:00-04:00,91.21205332883926,92.37519895851747,90.98818839691468,92.28273010253906,121214000,0.0,0.0
2020-07-28 00:00:00-04:00,91.85202279586937,92.02966071554671,90.7618750492638,90.7667465209961,103625600,0.0,0.0
2020-07-29 00:00:00-04:00,91.2509849817971,92.69153713216036,91.21448607300921,92.50659942626953,90329200,0.0,0.0
2020-07-30 00:00:00-04:00,91.67681516469625,93.73057108721883,91.26801256876887,93.62593841552734,158130000,0.0,0.0
2020-07-31 00:00:00-04:00,100.142485220989,103.57838786224833,98.13739181757805,103.42752075195312,374336800,0.0,0.0
2020-08-03 00:00:00-04:00,105.31578641481019,108.66165541676666,105.01648797674454,106.03363037109375,308151200,0.0,0.0
2020-08-04 00:00:00-04:00,106.22343825153119,107.83675673192468,105.49829447245462,106.74174499511719,173071600,0.0,0.0
2020-08-05 00:00:00-04:00,106.46190875588427,107.44985207142959,105.9947004868368,107.12864685058594,121776800,0.0,0.0
2020-08-06 00:00:00-04:00,107.46202710488257,111.36270230609243,106.8707224953162,110.86629486083984,202428800,0.0,0.0
2020-08-07 00:00:00-04:00,110.38605796245164,110.84435557432207,107.54608428478957,108.34566497802734,198045600,0.205,0.0
2020-08-10 00:00:00-04:00,109.79611320774808,110.94185716723757,107.26085805079369,109.92044067382812,212403600,0.0,0.0
2020-08-11 00:00:00-04:00,109.18180291672903,109.68153802602951,106.390579904866,106.65142059326172,187902400,0.0,0.0
2020-08-12 00:00:00-04:00,107.74596761374468,110.45430815645663,107.55095084699191,110.19590759277344,165598000,0.0,0.0
2020-08-13 00:00:00-04:00,111.58055146808589,113.15290119524892,111.09056196029391,112.14611053466797,210082000,0.0,0.0
2020-08-14 00:00:00-04:00,111.97058065669567,112.13634564305688,110.23002598166595,112.04615020751953,165565200,0.0,0.0
2020-08-17 00:00:00-04:00,113.17240210150105,113.19678105887246,111.1246961523291,111.75363159179688,119561600,0.0,0.0
2020-08-18 00:00:00-04:00,111.50498397074077,113.11145831572809,111.1685737018232,112.68485260009766,105633600,0.0,0.0
2020-08-19 00:00:00-04:00,113.09438654850844,114.2450033462818,112.73116465257537,112.82623291015625,145538000,0.0,0.0
2020-08-20 00:00:00-04:00,112.86767022580362,115.44437022786464,112.85060421374463,115.32979583740234,126907200,0.0,0.0
2020-08-21 00:00:00-04:00,116.29271798267843,121.7581500452213,116.28053222340992,121.27304077148438,338054800,0.0,0.0
2020-08-24 00:00:00-04:00,125.49276470400675,125.57809477103142,120.85130005912201,122.7234878540039,345937600,0.0,0.0
2020-08-25 00:00:00-04:00,121.59237004026225,122.06285336909471,119.98832854152907,121.71669006347656,211495600,0.0,0.0
2020-08-26 00:00:00-04:00,123.03797806314277,123.83024591014328,121.96780346196795,123.3719482421875,163022400,0.0,0.0
2020-08-27 00:00:00-04:00,123.97650023718222,124.31047038391692,120.74891816931488,121.89710235595703,155552400,0.0,0.0
2020-08-28 00:00:00-04:00,122.87463439456488,123.2939271755795,121.4753699990524,121.69964599609375,187630000,0.0,0.0
2020-08-31 00:00:00-04:00,124.40310060397898,127.73793655138815,122.86244278988478,125.82673645019531,225702700,0.0,4.0
2020-09-01 00:00:00-04:00,129.45406136472445,131.44327048106922,127.27959604609978,130.8386993408203,151948100,0.0,0.0
2020-09-02 00:00:00-04:00,134.16385535146685,134.54414333091748,123.83756147352996,128.12799072265625,200119000,0.0,0.0
2020-09-03 00:00:00-04:00,123.74978578666541,125.6317192300971,117.49939923565937,117.86993408203125,257599600,0.0,0.0
2020-09-04 00:00:00-04:00,117.08010734336685,120.6197131497007,108.1287004650969,117.94794464111328,332607200,0.0,0.0
2020-09-08 00:00:00-04:00,111.11249423218894,116.02699258808728,109.87412215270822,110.01063537597656,231366600,0.0,0.0
2020-09-09 00:00:00-04:00,114.34008654092767,116.17326959342994,112.38988895508609,114.39859008789062,176940500,0.0,0.0
2020-09-10 00:00:00-04:00,117.36288681754456,117.49940004817361,109.69861000348159,110.66395568847656,182274400,0.0,0.0
2020-09-11 00:00:00-04:00,111.71706305037618,112.36063179376235,107.2608620779855,109.2110595703125,180860300,0.0,0.0
2020-09-14 00:00:00-04:00,111.86332602698766,113.04319458206483,109.99113827543115,112.48738861083984,140150100,0.0,0.0
2020-09-15 00:00:00-04:00,115.38342905287787,115.87097839483434,110.78096207450275,112.66290283203125,184642000,0.0,0.0
2020-09-16 00:00:00-04:00,112.36064976741665,113.1114726487254,109.25008188896413,109.33783721923828,154679000,0.0,0.0
2020-09-17 00:00:00-04:00,106.98784309353663,109.40608398688913,106.00299120807408,107.59239959716797,178011000,0.0,0.0
2020-09-18 00:00:00-04:00,107.65091477299849,108.11895805599245,103.44823366112779,104.17955780029297,287104900,0.0,0.0
2020-09-21 00:00:00-04:00,101.93682671673261,107.44613627717712,100.53268210169752,107.33887481689453,195713800,0.0,0.0
2020-09-22 00:00:00-04:00,109.874118243747,110.0496363016209,106.44177420460605,109.0257797241211,183055400,0.0,0.0
2020-09-23 00:00:00-04:00,108.84051984457511,109.31831612573531,104.11128518620949,104.45257568359375,150718700,0.0,0.0
2020-09-24 00:00:00-04:00,102.55113797500798,107.5046416144481,102.38537296614106,105.52519226074219,167743300,0.0,0.0
2020-09-25 00:00:00-04:00,105.72994906280776,109.64009681169752,104.98887199073256,109.48407745361328,149981400,0.0,0.0
2020-09-28 00:00:00-04:00,112.1461089873391,112.44838721832883,109.97163550795793,112.09735107421875,137672400,0.0,0.0
2020-09-29 00:00:00-04:00,111.69756779185069,112.43863750540089,110.74196771781253,111.24901580810547,99382200,0.0,0.0
2020-09-30 00:00:00-04:00,110.95648937570999,114.34008328098176,110.79072437109879,112.92618560791016,142675200,0.0,0.0
2020-10-01 00:00:00-04:00,114.71061497135939,114.78862465587767,112.94568863575778,113.88178253173828,116120400,0.0,0.0
2020-10-02 00:00:00-04:00,110.07889017847046,112.49713819553232,109.4255758436502,110.20565032958984,144712000,0.0,0.0
2020-10-05 00:00:00-04:00,111.07349695083026,113.74526531692963,110.72246082221426,113.5989990234375,106243800,0.0,0.0
2020-10-06 00:00:00-04:00,112.81890702677832,113.22845409992826,109.45481977342668,110.3421630859375,161498200,0.0,0.0
2020-10-07 00:00:00-04:00,111.76582617611366,112.6726683499166,111.28802241183179,112.21437072753906,96849000,0.0,0.0
2020-10-08 00:00:00-04:00,113.35522661630749,113.50149291272723,111.73655916424462,112.10710144042969,83477200,0.0,0.0
2020-10-09 00:00:00-04:00,112.40938507947115,114.0865561551348,112.05834892691767,114.05730438232422,100506900,0.0,0.0
2020-10-12 00:00:00-04:00,117.07035185818188,122.06286006446172,116.30977603444282,121.30228424072266,240226800,0.0,0.0
2020-10-13 00:00:00-04:00,122.15064108478958,122.26765563591707,116.6705897967397,118.08448028564453,262330500,0.0,0.0
2020-10-14 00:00:00-04:00,117.98694718210373,119.96639642799329,116.6413136031742,118.1722183227539,150712000,0.0,0.0
2020-10-15 00:00:00-04:00,115.7637182773626,118.18195887523946,115.20791231870913,117.70416259765625,112559200,0.0,0.0
2020-10-16 00:00:00-04:00,118.25996903954183,118.52324985437662,115.85147406239771,116.05624389648438,115393800,0.0,0.0
2020-10-19 00:00:00-04:00,116.97284597845898,117.42139051387834,112.7799257876711,113.09195709228516,120639300,0.0,0.0
2020-10-20 00:00:00-04:00,113.3064551822562,116.0172355594113,112.7506492737219,114.5838394165039,124423700,0.0,0.0
2020-10-21 00:00:00-04:00,113.7647612616899,115.75396346252074,113.55023836168668,113.95978546142578,89946000,0.0,0.0
2020-10-22 00:00:00-04:00,114.5253328724893,115.10064494149853,111.73655015280667,112.86766815185547,101988000,0.0,0.0
2020-10-23 00:00:00-04:00,113.49175118318755,113.64777056546903,111.43429207568546,112.17536926269531,82572600,0.0,0.0
2020-10-26 00:00:00-04:00,111.17101598676972,113.64776782516624,110.0691495843626,112.18511962890625,111850700,0.0,0.0
2020-10-27 00:00:00-04:00,112.61415013058482,114.35957774824622,111.68780931378838,113.6965103149414,92276800,0.0,0.0
2020-10-28 00:00:00-04:00,112.1851208602056,112.55565572913613,108.33347610413212,108.43098449707031,143937800,0.0,0.0
2020-10-29 00:00:00-04:00,109.57186368811263,114.01831219479435,109.4060912247632,112.44840240478516,146129200,0.0,0.0
2020-10-30 00:00:00-04:00,108.2944759702273,109.20131819888869,105.0376493800456,106.14926147460938,190272600,0.0,0.0
2020-11-02 00:00:00-05:00,106.39302272628981,107.9239274305086,104.64759511176818,106.06148529052734,122866900,0.0,0.0
2020-11-03 00:00:00-05:00,106.9293350359113,108.71376013684448,106.0224928792937,107.68991088867188,107624400,0.0,0.0
2020-11-04 00:00:00-05:00,111.29777308441078,112.71166332605715,109.55234539225575,112.08760070800781,138235500,0.0,0.0
2020-11-05 00:00:00-05:00,115.01290102705485,116.64132168469465,113.95979997203881,116.06600952148438,126387100,0.0,0.0
2020-11-06 00:00:00-05:00,115.5727390073877,116.4323036892573,113.43358602193297,115.93415069580078,114457900,0.205,0.0
2020-11-09 00:00:00-05:00,117.7021241226147,119.15752589443073,113.35545115043828,113.61917877197266,154515300,0.0,0.0
2020-11-10 00:00:00-05:00,112.86703652339298,114.85966301108157,111.48000197495716,113.27728271484375,138023400,0.0,0.0
2020-11-11 00:00:00-05:00,114.46897654176517,116.85231729677409,113.73639073565728,116.71556854248047,112295000,0.0,0.0
2020-11-12 00:00:00-05:00,116.84254616591035,117.7314130027431,115.81692313270185,116.44206237792969,103162300,0.0,0.0
2020-11-13 00:00:00-05:00,116.66673428315598,116.89138975772552,115.13318828954677,116.49091339111328,81581900,0.0,0.0
2020-11-16 00:00:00-05:00,116.15879706701332,118.1807334795776,115.40667896087977,117.50675964355469,91183000,0.0,0.0
2020-11-17 00:00:00-05:00,116.77417031034764,117.86816024947451,116.19786565120255,116.61788177490234,74271000,0.0,0.0
2020-11-18 00:00:00-05:00,115.85599399209619,117.03789809748132,115.26015699113172,115.28945922851562,76322100,0.0,0.0
2020-11-19 00:00:00-05:00,114.85966906826211,116.29553826630797,114.09778111474732,115.88529205322266,74113000,0.0,0.0
2020-11-20 00:00:00-05:00,115.88530450548863,116.0122833606363,114.566651563308,114.61548614501953,73604300,0.0,0.0
2020-11-23 00:00:00-05:00,114.45921058973786,114.88899666218843,111.10885108956266,111.20652770996094,127959300,0.0,0.0
2020-11-24 00:00:00-05:00,111.26512618596215,113.1600762396807,109.97576812456435,112.49586486816406,113874200,0.0,0.0
2020-11-25 00:00:00-05:00,112.86705623950492,114.0391905490455,112.49587466142678,113.33590698242188,76499200,0.0,0.0
2020-11-27 00:00:00-05:00,113.86334882560618,114.76198546199446,113.52147700222442,113.88288116455078,46691300,0.0,0.0
2020-11-30 00:00:00-05:00,114.25409806560913,118.16122286250574,114.09780949665367,116.28580474853516,169410200,0.0,0.0
2020-12-01 00:00:00-05:00,118.20026515774896,120.60314540681418,117.2234842051738,119.87055969238281,127728200,0.0,0.0
2020-12-02 00:00:00-05:00,119.18683588918579,120.5054964393888,118.08307584244258,120.22222900390625,89004200,0.0,0.0
2020-12-03 00:00:00-05:00,120.65198415652675,120.90594929961036,119.37240344911088,120.08545684814453,78967600,0.0,0.0
2020-12-04 00:00:00-05:00,119.7533479916129,120.00731313587139,118.69842273292154,119.4114761352539,78260400,0.0,0.0
2020-12-07 00:00:00-05:00,119.47008847443368,121.67761574577153,119.4114839958422,120.87665557861328,86712000,0.0,0.0
2020-12-08 00:00:00-05:00,121.48226483759503,122.07810188882368,120.23197880317792,121.49202728271484,82225500,0.0,0.0
2020-12-09 00:00:00-05:00,121.63854821088353,123.02557557317189,118.19051214801601,118.95240020751953,115089200,0.0,0.0
2020-12-10 00:00:00-05:00,117.70210881817248,120.99386342394624,117.36023696350695,120.37848663330078,81312200,0.0,0.0
2020-12-11 00:00:00-05:00,119.58729662299177,119.90963613747431,117.75095104891274,119.56776428222656,86939800,0.0,0.0
2020-12-14 00:00:00-05:00,119.75336040497812,120.48594622407741,118.71797483203729,118.95240020751953,79184500,0.0,0.0
2020-12-15 00:00:00-05:00,121.45293829735053,124.9302835054043,121.2478151945667,124.9107437133789,157243700,0.0,0.0
2020-12-16 00:00:00-05:00,124.45169308895106,125.38939467047082,123.62142312836772,124.84239959716797,98208600,0.0,0.0
2020-12-17 00:00:00-05:00,125.90707656477707,126.57129545645023,125.06704423102657,125.71172332763672,94359800,0.0,0.0
2020-12-18 00:00:00-05:00,125.96568498617573,126.10243373072133,123.19162305629168,123.71908569335938,192541500,0.0,0.0
2020-12-21 00:00:00-05:00,122.11715836957907,125.33076878091637,120.58361248475222,125.25262451171875,121251600,0.0,0.0
2020-12-22 00:00:00-05:00,128.5541208474198,131.28911005051614,126.6396239339047,128.81785583496094,168904800,0.0,0.0
2020-12-23 00:00:00-05:00,129.09140784350487,129.35512803805244,127.74344500893473,127.91927337646484,88223700,0.0,0.0
2020-12-24 00:00:00-05:00,128.27089053594116,130.36120131987872,128.0559975194573,128.90579223632812,54930100,0.0,0.0
2020-12-28 00:00:00-05:00,130.87891392295424,134.1511218894807,130.41004823158806,133.51622009277344,124486200,0.0,0.0
2020-12-29 00:00:00-05:00,134.84462043635702,135.56742883965345,131.22075635748268,131.7384490966797,121047300,0.0,0.0
2020-12-30 00:00:00-05:00,132.43197135905453,132.83245515094322,130.3025810031429,130.6151580810547,96452100,0.0,0.0
2020-12-31 00:00:00-05:00,130.9667947818931,131.61147380180907,128.66159108708325,129.60906982421875,99116600,0.0,0.0
2021-01-04 00:00:00-05:00,130.41979013281448,130.5076968368651,123.81674915248705,126.40522003173828,143301900,0.0,0.0
2021-01-05 00:00:00-05:00,125.8972925672046,128.6811241595061,125.44796678465465,127.96806335449219,97664900,0.0,0.0
2021-01-06 00:00:00-05:00,124.75448181589701,128.00716462914988,123.44559128213457,123.66048431396484,155088000,0.0,0.0
2021-01-07 00:00:00-05:00,125.37962311713653,128.57370150076903,124.89123256509167,127.88018035888672,109578200,0.0,0.0
2021-01-08 00:00:00-05:00,129.35509913564104,129.55046725691102,127.20618394212671,128.9839324951172,105158200,0.0,0.0
2021-01-11 00:00:00-05:00,126.1903448095608,127.1475860544949,125.51636350795053,125.98521423339844,100384500,0.0,0.0
2021-01-12 00:00:00-05:00,125.51636516935064,126.67873700583286,123.91444484041192,125.80940246582031,91951100,0.0,0.0
2021-01-13 00:00:00-05:00,125.77032737017872,128.39787087837826,125.50660720798145,127.85087585449219,88636800,0.0,0.0
2021-01-14 00:00:00-05:00,127.76295505402753,127.95830826895903,125.77031351003957,125.91683959960938,90221800,0.0,0.0
2021-01-15 00:00:00-05:00,125.78985510810772,127.19642212299213,124.05118613262425,124.18793487548828,111598500,0.0,0.0
2021-01-19 00:00:00-05:00,124.81308118444944,125.72149530988855,123.9925886807919,124.86192321777344,90757300,0.0,0.0
2021-01-20 00:00:00-05:00,125.67265386569356,129.4137270875099,125.56520735367549,128.9644012451172,104319500,0.0,0.0
2021-01-21 00:00:00-05:00,130.6933214660753,136.42702207412472,130.48819086563083,133.69203186035156,120150900,0.0,0.0
2021-01-22 00:00:00-05:00,133.11572996769436,136.60284572356557,131.88499112094416,135.84095764160156,114459400,0.0,0.0
2021-01-25 00:00:00-05:00,139.74807334283994,141.72116035187767,133.36967931189386,139.60154724121094,157611700,0.0,0.0
2021-01-26 00:00:00-05:00,140.26576933716714,140.94951311366867,138.08753679306704,139.8359832763672,98390600,0.0,0.0
2021-01-27 00:00:00-05:00,140.09967490857025,140.94948441192093,137.14980737284998,138.76148986816406,140843800,0.0,0.0
2021-01-28 00:00:00-05:00,136.28047622181393,138.6931262527624,133.52594691185897,133.90689086914062,142621100,0.0,0.0
2021-01-29 00:00:00-05:00,132.67617999744974,133.56505438488097,127.18667492713263,128.8960418701172,177523800,0.0,0.0
2021-02-01 00:00:00-05:00,130.64449230969086,132.2366505181197,127.88996202795502,131.0254364013672,106239800,0.0,0.0
2021-02-02 00:00:00-05:00,132.57850617042217,133.14504104670476,131.48451601180642,131.85569763183594,83305400,0.0,0.0
2021-02-03 00:00:00-05:00,132.60781218328634,132.6175895343007,130.5077385359951,130.830078125,89880900,0.0,0.0
2021-02-04 00:00:00-05:00,133.13527851593736,134.2097288768962,131.4649761313631,134.19996643066406,84183100,0.0,0.0
2021-02-05 00:00:00-05:00,134.36133766383486,134.42980673641648,132.90375395585087,133.78416442871094,75693800,0.205,0.0
2021-02-08 00:00:00-05:00,133.07008212234413,133.979853741386,131.98423434096625,133.93093872070312,71297200,0.0,0.0
2021-02-09 00:00:00-05:00,133.64726464501388,134.8798577105995,132.89402991245743,133.050537109375,76774200,0.0,0.0
2021-02-10 00:00:00-05:00,133.5102943457137,134.0092066849529,131.47555177979126,132.4440155029297,73046600,0.0,0.0
2021-02-11 00:00:00-05:00,132.94288597227373,133.42222921972905,130.85924373219854,132.1896514892578,64280000,0.0,0.0
2021-02-12 00:00:00-05:00,131.42662856832374,132.58094529380088,130.78098619978562,132.42442321777344,60145100,0.0,0.0
2021-02-16 00:00:00-05:00,132.54184204307595,133.05051647602303,129.90058012743768,130.29188537597656,80576300,0.0,0.0
2021-02-17 00:00:00-05:00,128.3941167097973,129.34301156647996,126.65284912113184,127.99303436279297,97918500,0.0,0.0
2021-02-18 00:00:00-05:00,126.38870666417387,127.17130227893666,124.63766222365031,126.88761901855469,96856700,0.0,0.0
2021-02-19 00:00:00-05:00,127.40607236333011,127.86584668005416,125.99740338670905,127.04411315917969,87668800,0.0,0.0
2021-02-22 00:00:00-05:00,125.22458978162501,126.89738798845885,122.86703351631368,123.25833129882812,103916400,0.0,0.0
2021-02-23 00:00:00-05:00,121.067072044615,123.95287914625916,115.81391675875304,123.12137603759766,158273000,0.0,0.0
2021-02-24 00:00:00-05:00,122.22139224547901,122.82789668702961,119.57036091351185,122.62246704101562,111039900,0.0,0.0
2021-02-25 00:00:00-05:00,121.96704059219421,123.70830769868415,117.91712502936959,118.35733032226562,148199500,0.0,0.0
2021-02-26 00:00:00-05:00,119.92250660347193,122.13333235763007,118.56275282287397,118.62145233154297,164560400,0.0,0.0
2021-03-01 00:00:00-05:00,121.05727592228418,125.14632198530556,120.11816582891734,125.00936889648438,116307900,0.0,0.0
2021-03-02 00:00:00-05:00,125.61588891931011,125.91914114090521,122.28986912474551,122.39747619628906,102260900,0.0,0.0
2021-03-03 00:00:00-05:00,122.09421455304867,122.97463264092775,119.18883859473966,119.404052734375,112966300,0.0,0.0
2021-03-04 00:00:00-05:00,119.10081259436319,120.91055650866424,116.038921700727,117.51605987548828,178155000,0.0,0.0
2021-03-05 00:00:00-05:00,118.3475637840084,119.28667396527544,115.01175939727409,118.77798461914062,153766600,0.0,0.0
2021-03-08 00:00:00-05:00,118.29865441984433,118.36713097393849,113.68135687696733,113.82809448242188,154376600,0.0,0.0
2021-03-09 00:00:00-05:00,116.43997360787498,119.40404133459487,116.20519796131644,118.45514678955078,129525800,0.0,0.0
2021-03-10 00:00:00-05:00,119.04209897356596,119.51165027406911,116.8508346932734,117.36930847167969,111943300,0.0,0.0
2021-03-11 00:00:00-05:00,119.87361767091576,120.52903715634345,118.62147075446155,119.30623626708984,103026500,0.0,0.0
2021-03-12 00:00:00-05:00,117.78018776009442,118.53342985349681,116.56717132017769,118.39647674560547,88105100,0.0,0.0
2021-03-15 00:00:00-04:00,118.76819807777808,121.30183771867131,117.79973448364598,121.29205322265625,92403800,0.0,0.0
2021-03-16 00:00:00-04:00,122.96485323576835,124.45178328205833,122.00618152746164,122.83768463134766,115227900,0.0,0.0
2021-03-17 00:00:00-04:00,121.35074580559845,123.12135885064626,119.6779478615808,122.04529571533203,111932600,0.0,0.0
2021-03-18 00:00:00-04:00,120.20619719483877,120.49967234787186,117.70190375225354,117.90733337402344,121229700,0.0,0.0
2021-03-19 00:00:00-04:00,117.2910589061766,118.787765950923,117.07584476265258,117.37909698486328,185549500,0.0,0.0
2021-03-22 00:00:00-04:00,117.71170219523187,121.17467507978692,117.64322564652812,120.70511627197266,111912300,0.0,0.0
2021-03-23 00:00:00-04:00,120.64643782486614,121.53663305840064,119.48232890224382,119.87362670898438,95467100,0.0,0.0
2021-03-24 00:00:00-04:00,120.14752145372104,120.22578250026773,117.45735955159839,117.47692108154297,88530500,0.0,0.0
2021-03-25 00:00:00-04:00,116.93890087847339,119.01277396820035,116.41064997457923,117.96604919433594,98844700,0.0,0.0
2021-03-26 00:00:00-04:00,117.731260359211,118.83667706674994,116.33237593563868,118.57254791259766,94071200,0.0,0.0
2021-03-29 00:00:00-04:00,119.00298664807106,119.91275082818898,118.10300696502964,118.74864196777344,80819200,0.0,0.0
2021-03-30 00:00:00-04:00,117.49648340996671,117.78017409006814,116.27368261472802,117.29105377197266,85671900,0.0,0.0
2021-03-31 00:00:00-04:00,119.00297562612528,120.83228085062457,118.51385530498492,119.49209594726562,118323800,0.0,0.0
2021-04-01 00:00:00-04:00,120.96925085519509,121.47793274502293,119.82470354215977,120.3236083984375,75089100,0.0,0.0
2021-04-05 00:00:00-04:00,121.17466473706477,123.41483658685715,120.3920692786332,123.16049194335938,88651200,0.0,0.0
2021-04-06 00:00:00-04:00,123.74745108038357,124.3637400471671,122.91594796105788,123.46376037597656,80171300,0.0,0.0
2021-04-07 00:00:00-04:00,123.09203115107863,125.1365506661835,122.41704266839598,125.11698913574219,83466700,0.0,0.0
2021-04-08 00:00:00-04:00,126.14412984874876,127.55279878438414,125.72349353070734,127.52345275878906,88844600,0.0,0.0
2021-04-09 00:00:00-04:00,126.97565069226758,130.1451411281215,126.65282945773264,130.10601806640625,106686700,0.0,0.0
2021-04-12 00:00:00-04:00,129.6364546951069,129.9592758997672,127.78758046970171,128.38430786132812,91420000,0.0,0.0
2021-04-13 00:00:00-04:00,129.55816341522393,131.72985833844848,129.05925124865675,131.50485229492188,91266500,0.0,0.0
2021-04-14 00:00:00-04:00,132.0038037995852,132.06249585390395,128.79517546483183,129.15711975097656,87222800,0.0,0.0
2021-04-15 00:00:00-04:00,130.90818297831848,132.06249988655176,130.73209188321647,131.57337951660156,89347100,0.0,0.0
2021-04-16 00:00:00-04:00,131.37773680047187,131.73968110440896,130.37992704769707,131.24078369140625,84922400,0.0,0.0
2021-04-19 00:00:00-04:00,130.60489828233995,132.52225644299975,130.4385991700877,131.9059600830078,94264200,0.0,0.0
2021-04-20 00:00:00-04:00,132.08208188525987,132.58097933809216,128.94192223323031,130.21363830566406,94812300,0.0,0.0
2021-04-21 00:00:00-04:00,129.47994470532655,130.83969873435487,128.44301191111677,130.5951385498047,68847100,0.0,0.0
2021-04-22 00:00:00-04:00,130.1451477062781,131.23099557668175,128.55062537401983,129.069091796875,84566500,0.0,0.0
2021-04-23 00:00:00-04:00,129.28427466174912,132.17985833056576,129.28427466174912,131.39727783203125,78657500,0.0,0.0
2021-04-26 00:00:00-04:00,131.89621182382086,132.12120303338915,130.65384180036304,131.78860473632812,66905100,0.0,0.0
2021-04-27 00:00:00-04:00,132.07226369879982,132.46356891164857,131.1918530917334,131.46575927734375,66015800,0.0,0.0
2021-04-28 00:00:00-04:00,131.38748176093378,132.08203909742446,130.18425010167056,130.67337036132812,107760100,0.0,0.0
2021-04-29 00:00:00-04:00,133.50050652437227,134.08745690189525,129.567974819212,130.5755615234375,151101000,0.0,0.0
2021-04-30 00:00:00-04:00,128.9125776490249,130.65384516288776,128.2180350065091,128.59954833984375,109839500,0.0,0.0
2021-05-03 00:00:00-04:00,129.16690074814014,131.15274318306484,128.96147855172077,129.65602111816406,75135100,0.0,0.0
2021-05-04 00:00:00-04:00,128.3353972104989,128.6288723998823,123.9430911832169,125.06806945800781,137564700,0.0,0.0
2021-05-05 00:00:00-04:00,126.38868542828287,127.61148620627858,125.18545364222994,125.31262969970703,84000900,0.0,0.0
2021-05-06 00:00:00-04:00,125.10721029187536,126.92673870389211,124.36374522397769,126.91696166992188,78128300,0.0,0.0
2021-05-07 00:00:00-04:00,128.22020778860636,128.62195632366613,126.87773161828585,127.59307098388672,78973300,0.22,0.0
2021-05-10 00:00:00-04:00,126.80916075602343,126.936537888107,124.2614087846363,124.30060577392578,88071200,0.0,0.0
2021-05-11 00:00:00-04:00,121.01793322731803,123.73225929039904,120.30260126371391,123.37950134277344,126142800,0.0,0.0
2021-05-12 00:00:00-04:00,120.9199555908277,122.13503245278615,119.79306635485392,120.3026123046875,112172300,0.0,0.0
2021-05-13 00:00:00-04:00,122.07622038504428,123.6146665716941,121.76265197362714,122.45838165283203,105861300,0.0,0.0
2021-05-14 00:00:00-04:00,123.71265487611407,125.31969391364765,123.32069249416574,124.88853454589844,81918000,0.0,0.0
2021-05-17 00:00:00-04:00,124.27121858241347,124.37900844147428,122.65437817256301,123.73226928710938,74244600,0.0,0.0
2021-05-18 00:00:00-04:00,124.01641394809468,124.43777217244039,122.27218931393898,122.34078216552734,63342900,0.0,0.0
2021-05-19 00:00:00-04:00,120.68476412746298,122.40938669653873,120.39079046342964,122.18401336669922,92612000,0.0,0.0
2021-05-20 00:00:00-04:00,122.7131594479721,125.15311390529939,122.58576737350162,124.75135040283203,76857100,0.0,0.0
2021-05-21 00:00:00-04:00,125.25110735850839,125.42749006545537,122.69356184580758,122.90914154052734,79295400,0.0,0.0
2021-05-24 00:00:00-04:00,123.4774881087248,125.36869980376578,123.40889524832689,124.54557800292969,63092900,0.0,0.0
2021-05-25 00:00:00-04:00,125.25110237090293,125.74106096052154,123.78124903022919,124.34959411621094,72009500,0.0,0.0
2021-05-26 00:00:00-04:00,124.40839562545654,124.82975391524182,123.87924748414049,124.30060577392578,56575900,0.0,0.0
2021-05-27 00:00:00-04:00,123.89882843264199,125.07470800508072,122.56616092997943,122.76213836669922,94625600,0.0,0.0
2021-05-28 00:00:00-04:00,123.04632661129708,123.27170742078762,122.04682959457176,122.10562133789062,71311100,0.0,0.0
2021-06-01 00:00:00-04:00,122.56618191328505,122.83075224575715,121.449093885405,121.78225708007812,67637100,0.0,0.0
2021-06-02 00:00:00-04:00,121.7822624487701,122.72296780445203,121.55688909562903,122.54658508300781,59278900,0.0,0.0
2021-06-03 00:00:00-04:00,122.17421691048338,122.34079850429373,120.65536538181918,121.05712890625,76229200,0.0,0.0
2021-06-04 00:00:00-04:00,121.576456962591,123.62445630171639,121.36087729783465,123.35987854003906,75169300,0.0,0.0
2021-06-07 00:00:00-04:00,123.63426024908394,123.7812470760429,122.32119487398776,123.36968994140625,71057600,0.0,0.0
2021-06-08 00:00:00-04:00,124.05561671962153,125.87824288128334,123.67345546064644,124.19280242919922,74403800,0.0,0.0
2021-06-09 00:00:00-04:00,124.6533680366472,125.1825161645287,123.97723307167732,124.5749740600586,56877900,0.0,0.0
2021-06-10 00:00:00-04:00,124.4671847907461,125.61367614452429,123.40889600611712,123.57547760009766,71186400,0.0,0.0
2021-06-11 00:00:00-04:00,123.98703826502418,124.87875295690584,123.56567997208057,124.79055786132812,53522400,0.0,0.0
2021-06-14 00:00:00-04:00,125.25109952078272,127.91642723799659,124.51617286716927,127.85763549804688,96906500,0.0,0.0
2021-06-15 00:00:00-04:00,127.32851196033258,127.9752510907451,126.78956268498881,127.03453826904297,62746300,0.0,0.0
2021-06-16 00:00:00-04:00,127.74987385723517,128.25942730281437,125.87827159650314,127.53429412841797,91815000,0.0,0.0
2021-06-17 00:00:00-04:00,127.19133075522794,129.88606227566868,127.04433642829339,129.14132690429688,96721700,0.0,0.0
2021-06-18 00:00:00-04:00,128.0830111104863,128.86692083515925,127.62245592357515,127.8380355834961,108953300,0.0,0.0
2021-06-21 00:00:00-04:00,127.6812931089003,129.74888789079176,126.61320301951973,129.64109802246094,79663300,0.0,0.0
2021-06-22 00:00:00-04:00,129.47449743106563,131.38530395142936,128.9747376819625,131.2873077392578,74783600,0.0,0.0
2021-06-23 00:00:00-04:00,131.08153979372707,131.6204890694468,130.55238415861209,131.012939453125,60214200,0.0,0.0
2021-06-24 00:00:00-04:00,131.74788225881792,131.93406611785448,130.25842633865025,130.72879028320312,68711000,0.0,0.0
2021-06-25 00:00:00-04:00,130.7777709892388,131.19912181234292,130.14082550615106,130.43479919433594,70783700,0.0,0.0
2021-06-28 00:00:00-04:00,130.72876668918406,132.53178329485237,130.66997494475694,132.07122802734375,62111300,0.0,0.0
2021-06-29 00:00:00-04:00,132.09083850565023,133.74687585363333,131.64988544279703,133.590087890625,64556100,0.0,0.0
2021-06-30 00:00:00-04:00,133.43331194530575,134.6483963398724,133.13933822621914,134.2074432373047,63261400,0.0,0.0
2021-07-01 00:00:00-04:00,133.85462161710942,134.56994590353588,133.03149255851818,134.5111541748047,52485800,0.0,0.0
2021-07-02 00:00:00-04:00,135.1285290871627,137.18633001828633,134.98154971442102,137.1471405029297,78852600,0.0,0.0
2021-07-06 00:00:00-04:00,137.25490420705506,140.27298973450715,137.25490420705506,139.16571044921875,108181800,0.0,0.0
2021-07-07 00:00:00-04:00,140.65519172092976,141.9780660151754,139.79288772853153,141.6645050048828,104911600,0.0,0.0
2021-07-08 00:00:00-04:00,138.73457978552972,141.16473348435932,137.84286503744906,140.36122131347656,105575500,0.0,0.0
2021-07-09 00:00:00-04:00,139.88104882276198,142.72275942044914,139.7830526150671,142.19361877441406,99890800,0.0,0.0
2021-07-12 00:00:00-04:00,143.27149490960213,143.37928474040953,141.10590465506056,141.59585571289062,76299700,0.0,0.0
2021-07-13 00:00:00-04:00,141.13533874616226,144.496411688261,140.7433837745926,142.71298217773438,100827100,0.0,0.0
2021-07-14 00:00:00-04:00,145.12353460486517,146.56399216212412,144.7119624866864,146.1524200439453,127050800,0.0,0.0
2021-07-15 00:00:00-04:00,146.24060006037655,146.98532030046908,144.1338014981312,145.49586486816406,106820300,0.0,0.0
2021-07-16 00:00:00-04:00,145.47629609045745,146.7501570666892,142.94814646554318,143.44789123535156,93251400,0.0,0.0
2021-07-19 00:00:00-04:00,140.8609425122298,141.17451839605775,138.82274412371135,139.58706665039062,121434600,0.0,0.0
2021-07-20 00:00:00-04:00,140.57681298890034,144.14365733248744,140.0868617606487,143.21273803710938,96350000,0.0,0.0
2021-07-21 00:00:00-04:00,142.60516000969034,143.19310728596565,141.72325404739772,142.47776794433594,74993500,0.0,0.0
2021-07-22 00:00:00-04:00,143.00692343798204,145.2214969339576,142.8795313726681,143.84963989257812,77338200,0.0,0.0
2021-07-23 00:00:00-04:00,144.58458386878672,145.73106773788473,143.96724064999466,145.57427978515625,71447400,0.0,0.0
2021-07-26 00:00:00-04:00,145.29010519733632,146.8187502561115,144.731553759334,145.99563598632812,72434100,0.0,0.0
2021-07-27 00:00:00-04:00,146.1230281888383,146.21123076065714,142.62478470512065,143.8202667236328,104818600,0.0,0.0
2021-07-28 00:00:00-04:00,141.89964155731053,144.0162339928002,139.67525927689903,142.06622314453125,118931200,0.0,0.0
2021-07-29 00:00:00-04:00,141.78207790616358,143.60469693299768,141.67428804616338,142.71298217773438,56699500,0.0,0.0
2021-07-30 00:00:00-04:00,141.4782919442919,143.38909834548167,141.21371414962817,142.9285430908203,70440600,0.0,0.0
2021-08-02 00:00:00-04:00,143.418481662853,143.99662035248164,142.33078966013647,142.59536743164062,62880000,0.0,0.0
2021-08-03 00:00:00-04:00,142.87955539064197,145.06473338535233,142.26221214218597,144.39840698242188,64786600,0.0,0.0
2021-08-04 00:00:00-04:00,144.31021898611445,144.81975742745607,143.34011030565534,143.99664306640625,56368300,0.0,0.0
2021-08-05 00:00:00-04:00,144.0260371733782,144.86875375710454,143.2323186955207,144.10443115234375,46397700,0.0,0.0
2021-08-06 00:00:00-04:00,143.62355957636092,144.36939566640558,142.91697171230874,143.41746520996094,54126800,0.22,0.0
2021-08-09 00:00:00-04:00,143.47634428340314,143.9670294656135,142.80901962336827,143.36839294433594,48908700,0.0,0.0
2021-08-10 00:00:00-04:00,143.71192099783377,144.95826592154302,142.5931590510202,142.8875732421875,69023100,0.0,0.0
2021-08-11 00:00:00-04:00,143.32916298423876,143.9866794152509,142.81884613683928,143.1427001953125,48493500,0.0,0.0
2021-08-12 00:00:00-04:00,143.4665592940723,146.27327959158745,143.12307362087492,146.1162567138672,72282600,0.0,0.0
2021-08-13 00:00:00-04:00,146.19472847602927,146.6559736950737,145.50777229059764,146.3223114013672,59375000,0.0,0.0
2021-08-16 00:00:00-04:00,145.77276511297995,148.37340588044512,143.74133599773583,148.30470275878906,103296000,0.0,0.0
2021-08-17 00:00:00-04:00,147.43126177455844,148.85424577061949,146.3125001875388,147.3920135498047,92229700,0.0,0.0
2021-08-18 00:00:00-04:00,147.00927814091656,147.91213704580514,143.42726745871994,143.63336181640625,86326000,0.0,0.0
2021-08-19 00:00:00-04:00,142.3281541725026,145.24282558662867,141.80802903559353,143.967041015625,86960300,0.0,0.0
2021-08-20 00:00:00-04:00,144.6932629269492,145.7335132179683,144.04555482987226,145.42929077148438,60549600,0.0,0.0
2021-08-23 00:00:00-04:00,145.54703201865243,147.39201304068925,145.13485827480818,146.92095947265625,60131800,0.0,0.0
2021-08-24 00:00:00-04:00,146.6657951809347,148.0495309623608,146.37138108229806,146.83262634277344,48606400,0.0,0.0
2021-08-25 00:00:00-04:00,147.01911462456798,147.51962317148752,145.04656527798858,145.59613037109375,58991300,0.0,0.0
2021-08-26 00:00:00-04:00,145.58635046407457,146.3419951272753,144.76198768903862,144.7914276123047,48597200,0.0,0.0
2021-08-27 00:00:00-04:00,144.73251987566385,145.97886462702738,144.0946350284485,145.8316650390625,55802400,0.0,0.0
2021-08-30 00:00:00-04:00,146.2241695758551,150.6305274592708,145.84143577124814,150.2674102783203,90956700,0.0,0.0
2021-08-31 00:00:00-04:00,149.81601938873746,149.953410655414,148.4715316635546,149.00148010253906,86453100,0.0,0.0
2021-09-01 00:00:00-04:00,149.98285372785378,152.0927942907588,149.50197679710354,149.66880798339844,80313700,0.0,0.0
2021-09-02 00:00:00-04:00,151.0034698406252,151.83764073221985,149.56085404781211,150.78756713867188,71115500,0.0,0.0
2021-09-03 00:00:00-04:00,150.89552760123323,151.74933014670412,150.23801114177232,151.42547607421875,57808700,0.0,0.0
2021-09-07 00:00:00-04:00,152.08296162989393,154.33029310259397,151.51376504008468,153.7709197998047,82278300,0.0,0.0
2021-09-08 00:00:00-04:00,154.05555622258143,154.11443606404353,151.1114443532583,152.22039794921875,74420200,0.0,0.0
2021-09-09 00:00:00-04:00,152.59329705325342,153.20174194196827,151.0819781706379,151.1997528076172,57305700,0.0,0.0
2021-09-10 00:00:00-04:00,152.11242604398817,152.58347968661215,145.92978895826295,146.19476318359375,140893200,0.0,0.0
2021-09-13 00:00:00-04:00,147.82382836372247,148.5991043920851,145.97884721713058,146.76394653320312,102404300,0.0,0.0
2021-09-14 00:00:00-04:00,147.5490317533872,148.25561957289722,144.17311549895538,145.36056518554688,109296300,0.0,0.0
2021-09-15 00:00:00-04:00,145.79240150994914,146.6560123561671,143.64319768326396,146.25364685058594,83281300,0.0,0.0
2021-09-16 00:00:00-04:00,145.67464148744824,146.19476666188248,144.47736826246071,146.0181121826172,68034100,0.0,0.0
2021-09-17 00:00:00-04:00,146.04756618473306,146.04756618473306,143.04455985172558,143.33897399902344,129868800,0.0,0.0
2021-09-20 00:00:00-04:00,141.12109417657655,142.14171300384132,138.63822777586256,140.27711486816406,123478900,0.0,0.0
2021-09-21 00:00:00-04:00,141.24863503100102,141.90616637912737,140.1200650564419,140.75794982910156,75834000,0.0,0.0
2021-09-22 00:00:00-04:00,141.7589460412651,143.7020551685205,141.02291826849162,143.13287353515625,76404300,0.0,0.0
2021-09-23 00:00:00-04:00,143.9179652896226,144.33996235458966,142.92678656185444,144.09461975097656,64838200,0.0,0.0
2021-09-24 00:00:00-04:00,142.94641630674622,144.7226943379148,142.8482732767658,144.1829376220703,53477900,0.0,0.0
2021-09-27 00:00:00-04:00,142.75994722486152,143.24082409127374,141.14069212341911,142.66180419921875,74150700,0.0,0.0
2021-09-28 00:00:00-04:00,140.58131390847566,142.05336955149633,139.05037843565805,139.2662811279297,108972300,0.0,0.0
2021-09-29 00:00:00-04:00,139.81584971450067,141.7589590196526,139.38404431901697,140.1691436767578,74602000,0.0,0.0
2021-09-30 00:00:00-04:00,140.9836859376015,141.69027387708846,138.64801941682376,138.86392211914062,89056700,0.0,0.0
2021-10-01 00:00:00-04:00,139.25643446026405,140.2574363223273,136.5184180127203,139.99246215820312,94639600,0.0,0.0
2021-10-04 00:00:00-04:00,139.11906783458025,139.56069651109203,135.69409459126777,136.54788208007812,98322000,0.0,0.0
2021-10-05 00:00:00-04:00,136.89137056313777,139.59013932235956,136.76378761176298,138.48118591308594,80861100,0.0,0.0
2021-10-06 00:00:00-04:00,136.87173304580557,139.50179857153668,135.79221959896122,139.35459899902344,83221100,0.0,0.0
2021-10-07 00:00:00-04:00,140.39483345627966,141.5332266041183,140.06117114642012,140.62054443359375,61732700,0.0,0.0
2021-10-08 00:00:00-04:00,141.3467614453176,141.49396099877396,139.9041459233565,140.23780822753906,58773200,0.0,0.0
2021-10-11 00:00:00-04:00,139.6195569824435,142.11223095937743,139.16812005497925,140.1494903564453,64452200,0.0,0.0
2021-10-12 00:00:00-04:00,140.5616765276079,140.58130812824112,138.41247298124185,138.87371826171875,73035900,0.0,0.0
2021-10-13 00:00:00-04:00,138.6087661510849,138.7657740406363,136.60676207042818,138.284912109375,78762700,0.0,0.0
2021-10-14 00:00:00-04:00,139.46253212516237,141.1995617265244,138.873703962982,141.081787109375,69907100,0.0,0.0
2021-10-15 00:00:00-04:00,141.09161936901995,142.2005576815035,140.83645349440351,142.1416778564453,67940300,0.0,0.0
2021-10-18 00:00:00-04:00,140.77760009146203,144.10444560236448,140.49300922542568,143.81985473632812,85589200,0.0,0.0
2021-10-19 00:00:00-04:00,144.27126443259647,146.39102819802582,143.81984241142754,145.98866271972656,76378900,0.0,0.0
2021-10-20 00:00:00-04:00,145.92977457496073,146.96021648343887,145.36057794956784,146.47933959960938,58418800,0.0,0.0
2021-10-21 00:00:00-04:00,146.0377198663419,146.852259056455,145.1152293383939,146.6952362060547,61421000,0.0,0.0
2021-10-22 00:00:00-04:00,146.90133805459163,147.38219996847627,145.87089613630118,145.9199676513672,58883400,0.0,0.0
2021-10-25 00:00:00-04:00,145.91017413866788,146.58732225099823,144.86992369489604,145.8709259033203,50720600,0.0,0.0
2021-10-26 00:00:00-04:00,146.54807735839762,148.02994161263436,146.23403157034545,146.53826904296875,60893400,0.0,0.0
2021-10-27 00:00:00-04:00,146.57747407165155,146.94057630434148,145.72368667066797,146.0769805908203,56094900,0.0,0.0
2021-10-28 00:00:00-04:00,147.0288930371917,150.31647427805345,146.9307500257243,149.7276611328125,100077900,0.0,0.0
2021-10-29 00:00:00-04:00,144.47734011409685,147.14666858995494,143.68243254858814,147.00927734375,124953200,0.0,0.0
2021-11-01 00:00:00-04:00,146.214391698361,146.9111563462423,145.0465584432789,146.18495178222656,74588300,0.0,0.0
2021-11-02 00:00:00-04:00,145.89055512860912,148.7463471320613,145.88073183903717,147.2252197265625,69122000,0.0,0.0
2021-11-03 00:00:00-04:00,147.58831781584547,149.1388850965005,147.02894438379172,148.66783142089844,54511500,0.0,0.0
2021-11-04 00:00:00-04:00,148.7561500283499,149.59030601260565,147.83365931379845,148.147705078125,60394600,0.0,0.0
2021-11-05 00:00:00-04:00,149.2778854264306,149.58255183119843,147.47935487956067,148.67837524414062,65463900,0.22,0.0
2021-11-08 00:00:00-05:00,148.80614872335738,148.96340074214248,147.5776454448072,147.8528289794922,55020900,0.0,0.0
2021-11-09 00:00:00-05:00,147.6169509817295,148.82579400908614,147.47935921435865,148.21646118164062,56787900,0.0,0.0
2021-11-10 00:00:00-05:00,147.4400666143663,147.54817551221967,145.30738653523977,145.3761749267578,65187100,0.0,0.0
2021-11-11 00:00:00-05:00,146.39829267733833,146.86019613669237,145.14029146001317,145.3270263671875,41000000,0.0,0.0
2021-11-12 00:00:00-05:00,145.87738357535494,147.8135059084211,144.94372409915425,147.4105682373047,63804000,0.0,0.0
2021-11-15 00:00:00-05:00,147.78404236912726,149.26808409571646,146.86020539939403,147.42041015625,59222800,0.0,0.0
2021-11-16 00:00:00-05:00,147.36146014934985,148.8848075498025,146.77177244711618,148.40322875976562,59256200,0.0,0.0
2021-11-17 00:00:00-05:00,148.40317349796268,152.33438339194845,148.39335087192296,150.85035705566406,88807000,0.0,0.0
2021-11-18 00:00:00-05:00,151.06661191740037,155.94130498570996,150.41795852638504,155.15505981445312,137827700,0.0,0.0
2021-11-19 00:00:00-05:00,154.9388192362829,158.25087409630834,153.8380851561955,157.78895568847656,117305600,0.0,0.0
2021-11-22 00:00:00-05:00,158.8995693177575,162.8504412653493,158.23127052869495,158.2509307861328,117467900,0.0,0.0
2021-11-23 00:00:00-05:00,158.34921030706514,159.01752412723022,156.32463858087715,158.6342315673828,96041900,0.0,0.0
2021-11-24 00:00:00-05:00,157.9855374355737,159.35163261820963,156.89462581516804,159.1550750732422,69463600,0.0,0.0
2021-11-26 00:00:00-05:00,156.82581063613492,157.69066668554564,153.67100784147934,154.11326599121094,76959800,0.0,0.0
2021-11-29 00:00:00-05:00,156.62923504514734,158.41794285529275,156.05920777586067,157.48428344726562,88748200,0.0,0.0
2021-11-30 00:00:00-05:00,157.23859590016,162.6734931658107,157.1697925187928,162.457275390625,174048100,0.0,0.0
2021-12-01 00:00:00-05:00,164.59978822518326,167.3712989739356,161.7005233258962,161.9364013671875,152052500,0.0,0.0
2021-12-02 00:00:00-05:00,156.01009761206393,161.3761916676954,155.08626072429414,160.94375610351562,136739200,0.0,0.0
2021-12-03 00:00:00-05:00,161.19929553834072,162.12313243269475,156.97324112607134,159.05677795410156,118023100,0.0,0.0
2021-12-06 00:00:00-05:00,161.46465859062198,164.99293189077792,161.4548359617341,162.47695922851562,107497000,0.0,0.0
2021-12-07 00:00:00-05:00,166.17228359031526,168.62929035916358,165.44500418803963,168.2361602783203,120405400,0.0,0.0
2021-12-08 00:00:00-05:00,169.1698119426696,172.9339476024618,167.7643964630588,172.06907653808594,116998900,0.0,0.0
2021-12-09 00:00:00-05:00,171.90203139222558,173.7103848403719,170.92905127787418,171.55804443359375,108923700,0.0,0.0
2021-12-10 00:00:00-05:00,172.19684872711986,176.54083438380087,171.68578718034047,176.36392211914062,115402700,0.0,0.0
2021-12-13 00:00:00-05:00,178.00522669948663,178.99786706027314,172.51136300579722,172.71775817871094,153237000,0.0,0.0
2021-12-14 00:00:00-05:00,172.23617743924208,174.68336162152622,169.24846375567876,171.33200073242188,139380400,0.0,0.0
2021-12-15 00:00:00-05:00,172.09857661870694,176.41307975206385,169.34672613583356,176.21652221679688,131063300,0.0,0.0
2021-12-16 00:00:00-05:00,176.19685561719783,178.02486912244925,167.81355032065514,169.29757690429688,150185800,0.0,0.0
2021-12-17 00:00:00-05:00,167.0076406202552,170.48677026390172,166.77177759111154,168.19683837890625,195432700,0.0,0.0
2021-12-20 00:00:00-05:00,165.38607379928263,167.64652350938445,164.58018320484638,166.83079528808594,107499100,0.0,0.0
2021-12-21 00:00:00-05:00,168.60962950115896,170.22142533588615,166.21158850394502,170.01504516601562,91185900,0.0,0.0
2021-12-22 00:00:00-05:00,170.06418314156005,172.83569412545992,169.18948928424598,172.61947631835938,92135300,0.0,0.0
2021-12-23 00:00:00-05:00,172.82583045617022,173.8086329836517,172.2558031906658,173.24842834472656,68356600,0.0,0.0
2021-12-27 00:00:00-05:00,174.04451952373478,177.3172541822936,174.02487426792013,177.2288055419922,74919600,0.0,0.0
2021-12-28 00:00:00-05:00,177.0617287998104,178.2116060992947,175.45975568348982,176.20668029785156,79144300,0.0,0.0
2021-12-29 00:00:00-05:00,176.245977114149,177.52362338509639,175.0764397198905,176.2951202392578,62348900,0.0,0.0
2021-12-30 00:00:00-05:00,176.3835852641225,177.46467413151436,175.0273128661905,175.1354217529297,59773000,0.0,0.0
2021-12-31 00:00:00-05:00,175.02731242664456,176.14770679713808,174.21158446445702,174.51626586914062,64062300,0.0,0.0
2022-01-03 00:00:00-05:00,174.77183507509497,179.73499253673097,174.65390353027703,178.87994384765625,104487900,0.0,0.0
2022-01-04 00:00:00-05:00,179.4892694890775,179.79393593953884,176.0396222685355,176.60964965820312,99310400,0.0,0.0
2022-01-05 00:00:00-05:00,176.52121279952414,177.07157997213048,171.63668164807183,171.911865234375,94537600,0.0,0.0
2022-01-06 00:00:00-05:00,169.730058030557,172.28535157211834,168.6882893547516,169.04209899902344,96904000,0.0,0.0
2022-01-07 00:00:00-05:00,169.91675609783337,171.14525945761193,168.08874249862777,169.20913696289062,86709100,0.0,0.0
2022-01-10 00:00:00-05:00,166.17228843262194,169.53347199078678,165.27793434356843,169.2288055419922,106765600,0.0,0.0
2022-01-11 00:00:00-05:00,169.3565468312396,172.1673477977068,167.8823429695319,172.06907653808594,76138300,0.0,0.0
2022-01-12 00:00:00-05:00,173.09121782891782,174.13298635832638,171.81358623406135,172.51136779785156,74805200,0.0,0.0
2022-01-13 00:00:00-05:00,172.7570637657418,173.5826144650006,168.835675449693,169.2288055419922,84505800,0.0,0.0
2022-01-14 00:00:00-05:00,168.39338399296278,170.79142459551545,168.14768335739595,170.09364318847656,80440800,0.0,0.0
2022-01-18 00:00:00-05:00,168.56045143128856,169.5727368069087,166.49657517844096,166.87986755371094,90956700,0.0,0.0
2022-01-19 00:00:00-05:00,167.07647817629606,168.13790701368765,163.08630115574192,163.37130737304688,94815000,0.0,0.0
2022-01-20 00:00:00-05:00,164.10841720591074,166.7619819260812,161.35656620128222,161.68089294433594,91420500,0.0,0.0
2022-01-21 00:00:00-05:00,161.59241715203612,163.46957389675498,159.50888023954428,159.6169891357422,122848900,0.0,0.0
2022-01-24 00:00:00-05:00,157.26810076459748,159.50888984216238,152.03958291935942,158.840576171875,162294600,0.0,0.0
2022-01-25 00:00:00-05:00,156.2459965237476,159.96099018333973,154.31971129097184,157.03224182128906,115798400,0.0,0.0
2022-01-26 00:00:00-05:00,160.6882317654177,161.56292551584528,155.1059199641222,156.94375610351562,108275300,0.0,0.0
2022-01-27 00:00:00-05:00,159.65630602886313,161.02240127110773,155.55802030212934,156.4818572998047,121954600,0.0,0.0
2022-01-28 00:00:00-05:00,162.8602584781643,167.4204628672782,160.0002987329338,167.4008026123047,179935700,0.0,0.0
2022-01-31 00:00:00-05:00,167.23373247599272,171.990494554835,166.59490164124617,171.77427673339844,115541600,0.0,0.0
2022-02-01 00:00:00-05:00,171.01752053648133,171.83324871111864,169.34675867115328,171.60720825195312,86213900,0.0,0.0
2022-02-02 00:00:00-05:00,171.7448037548215,172.85537581113408,170.34922546092898,172.81605529785156,84914300,0.0,0.0
2022-02-03 00:00:00-05:00,171.47940471663034,173.20914700397037,169.1599898283705,169.92657470703125,89418100,0.0,0.0
2022-02-04 00:00:00-05:00,168.94251932550307,171.32394513354754,167.9584645344212,169.64120483398438,82465400,0.22,0.0
2022-02-07 00:00:00-05:00,170.1037450572418,171.1763613855954,168.22419643494246,168.92288208007812,77251200,0.0,0.0
2022-02-08 00:00:00-05:00,168.99170657969145,172.55399474420673,168.69648717156835,172.0422821044922,74829200,0.0,0.0
2022-02-09 00:00:00-05:00,173.24284884864312,173.83327271357754,172.11117683042102,173.46917724609375,71285000,0.0,0.0
2022-02-10 00:00:00-05:00,171.36329839541398,172.68192819387235,168.8146001247778,169.37550354003906,90865900,0.0,0.0
2022-02-11 00:00:00-05:00,169.5821531192089,170.32019416538782,165.3605499263947,165.95098876953125,98670700,0.0,0.0
2022-02-14 00:00:00-05:00,164.70124720629926,166.87601492289843,163.90416522012222,166.1871795654297,86185500,0.0,0.0
2022-02-15 00:00:00-05:00,168.24386374496802,170.192288199675,167.53534303134987,170.0348358154297,62527400,0.0,0.0
2022-02-16 00:00:00-05:00,169.1098249151892,170.57605697053586,167.33852325607717,169.7986602783203,61177400,0.0,0.0
2022-02-17 00:00:00-05:00,168.30289138097328,169.1688644106395,165.78371349338204,166.1871795654297,69589300,0.0,0.0
2022-02-18 00:00:00-05:00,167.11217679103845,167.8206823626154,163.54005341590076,164.63235473632812,82772700,0.0,0.0
2022-02-22 00:00:00-05:00,162.3493548856938,164.03209518170536,159.5644780309518,161.69989013671875,91162800,0.0,0.0
2022-02-23 00:00:00-05:00,162.90043598288878,163.50071005203375,157.20276491304196,157.51766967773438,90009200,0.0,0.0
2022-02-24 00:00:00-05:00,150.14709468760051,160.25334246210673,149.5763410580208,160.1450958251953,141147500,0.0,0.0
2022-02-25 00:00:00-05:00,161.22754578023935,162.48713480856267,158.30490162446958,162.22145080566406,91974200,0.0,0.0
2022-02-28 00:00:00-05:00,160.45998619224247,162.78235630766343,159.84002681342048,162.4871368408203,95056600,0.0,0.0
2022-03-01 00:00:00-05:00,162.07383007117033,163.94354328714707,159.3873645469528,160.59774780273438,83474400,0.0,0.0
2022-03-02 00:00:00-05:00,161.7687775639212,164.69142169446647,160.35173616541616,163.9041748046875,79724800,0.0,0.0
2022-03-03 00:00:00-05:00,165.78374104030155,166.21672762708047,162.91030234634437,163.57945251464844,76678400,0.0,0.0
2022-03-04 00:00:00-05:00,161.86718160657645,162.9102773059474,159.51529120397137,160.56822204589844,83737200,0.0,0.0
2022-03-07 00:00:00-05:00,160.75520922600182,162.3887439653584,156.50408484630077,156.75994873046875,96418800,0.0,0.0
2022-03-08 00:00:00-05:00,156.28756564227362,160.28282509123494,153.31571641544002,154.9295654296875,131148300,0.0,0.0
2022-03-09 00:00:00-05:00,158.90513831388122,160.8043715681801,156.8681530267331,160.35169982910156,91454900,0.0,0.0
2022-03-10 00:00:00-05:00,157.64557545679153,157.83254827067594,153.49286301272676,155.99237060546875,105342000,0.0,0.0
2022-03-11 00:00:00-05:00,156.39582947431037,156.74025467661986,152.03647371376925,152.26280212402344,96970100,0.0,0.0
2022-03-14 00:00:00-04:00,149.03512069014965,151.6625456315132,147.7066555034308,148.21835327148438,108732100,0.0,0.0
2022-03-15 00:00:00-04:00,148.49385829575584,153.089407270085,147.98216062819657,152.61705017089844,92964300,0.0,0.0
2022-03-16 00:00:00-04:00,154.54579572106195,157.44875412209134,151.9970976174266,157.0452880859375,102300200,0.0,0.0
2022-03-17 00:00:00-04:00,156.0809539111175,158.43284460620507,155.11658427872035,158.05889892578125,75615400,0.0,0.0
2022-03-18 00:00:00-04:00,157.9506540620346,161.8573534009996,157.21261285213674,161.36532592773438,123511700,0.0,0.0
2022-03-21 00:00:00-04:00,160.90278834594352,163.69751527513725,160.410760966115,162.74298095703125,95811400,0.0,0.0
2022-03-22 00:00:00-04:00,162.87089425645846,166.71855188517935,162.28047042303692,166.1281280517578,81532000,0.0,0.0
2022-03-23 00:00:00-04:00,165.31135379443643,169.88720212485975,164.9767637860135,167.49595642089844,98062700,0.0,0.0
2022-03-24 00:00:00-04:00,168.33241890873853,171.36330962465348,167.4959813021374,171.29443359375,90131400,0.0,0.0
2022-03-25 00:00:00-04:00,171.10744910627062,172.4851197852727,169.99546240540764,171.93405151367188,80546200,0.0,0.0
2022-03-28 00:00:00-04:00,169.42471770580778,172.92795048627315,169.25743018713217,172.80003356933594,90371900,0.0,0.0
2022-03-29 00:00:00-04:00,173.87263681747436,176.15563603779327,173.528211647518,176.1064453125,100589400,0.0,0.0
2022-03-30 00:00:00-04:00,175.7030016679424,176.74609743731983,173.88249413539714,174.93544006347656,92633200,0.0,0.0
2022-03-31 00:00:00-04:00,175.00432947989117,175.19130232369773,171.61917803441048,171.82583618164062,103049300,0.0,0.0
2022-04-01 00:00:00-04:00,171.25505972274473,172.09151232886626,169.1983887454629,171.5305938720703,78751300,0.0,0.0
2022-04-04 00:00:00-04:00,171.7864694584347,175.64396282770502,171.65853751770197,175.59475708007812,76468400,0.0,0.0
2022-04-05 00:00:00-04:00,174.66972709725982,175.4569739407951,171.638836509714,172.2686309814453,73401800,0.0,0.0
2022-04-06 00:00:00-04:00,169.61169680197753,170.86145068243167,167.4172586616336,169.09014892578125,89058800,0.0,0.0
2022-04-07 00:00:00-04:00,168.43081790840108,170.5957353976524,167.14170856316215,169.3951873779297,77594700,0.0,0.0
2022-04-08 00:00:00-04:00,169.04090817021842,169.04090817021842,166.50204534741303,167.3778533935547,76575500,0.0,0.0
2022-04-11 00:00:00-04:00,166.0198795202021,166.33476922464124,162.8610572412183,163.10707092285156,72246700,0.0,0.0
2022-04-12 00:00:00-04:00,165.34089363354275,167.1613860255376,163.98289318870957,164.98663330078125,79265200,0.0,0.0
2022-04-13 00:00:00-04:00,164.72093797881234,168.3127321148904,164.11082878699807,167.6829376220703,70618900,0.0,0.0
2022-04-14 00:00:00-04:00,167.89941732735232,168.53906192676106,162.40838999801636,162.65440368652344,75329400,0.0,0.0
2022-04-18 00:00:00-04:00,161.30627040967605,163.9435452353402,160.9618602189061,162.4379425048828,69023900,0.0,0.0
2022-04-19 00:00:00-04:00,162.38871857930025,165.14407487442162,161.29641720934256,164.7307586669922,67723800,0.0,0.0
2022-04-20 00:00:00-04:00,166.06907917381437,166.1871759578773,163.45150487225482,164.5634765625,67929800,0.0,0.0
2022-04-21 00:00:00-04:00,166.21672062047585,168.79493971335873,163.26455585195845,163.76641845703125,87227800,0.0,0.0
2022-04-22 00:00:00-04:00,163.8057851903542,165.1932911869879,158.92486628163977,159.21023559570312,84882400,0.0,0.0
2022-04-25 00:00:00-04:00,158.55093628607733,160.56825203269904,155.93336140625067,160.2828826904297,96046400,0.0,0.0
2022-04-26 00:00:00-04:00,159.66290065876512,159.7514619922399,154.22107849702726,154.2998046875,95623200,0.0,0.0
2022-04-27 00:00:00-04:00,153.42399128149194,157.24211378977282,152.9024434257798,154.07347106933594,88063200,0.0,0.0
2022-04-28 00:00:00-04:00,156.71071626419635,161.89668891256514,156.39581154213602,161.0307159423828,130216800,0.0,0.0
2022-04-29 00:00:00-04:00,159.25943807460507,163.54991794930683,154.7426297819827,155.13624572753906,131747600,0.0,0.0
2022-05-02 00:00:00-04:00,154.21124610323508,155.70699870242646,150.8260949299853,155.44131469726562,123055300,0.0,0.0
2022-05-03 00:00:00-04:00,155.62827792248643,158.14747110367338,153.82747065183054,156.93707275390625,88966500,0.0,0.0
2022-05-04 00:00:00-04:00,157.12403328379716,163.82544428980776,156.7205671988061,163.37278747558594,108256500,0.0,0.0
2022-05-05 00:00:00-04:00,161.23740483289234,161.46373326041538,152.47930702556806,154.27029418945312,130525300,0.0,0.0
2022-05-06 00:00:00-04:00,153.7479370549887,157.12821179757466,151.94446922447622,154.99952697753906,116124600,0.23,0.0
2022-05-09 00:00:00-04:00,152.68360662844097,153.5705662251753,149.29349706523496,149.855224609375,131577900,0.0,0.0
2022-05-10 00:00:00-04:00,153.26504901265346,154.46736088090017,150.71259117184084,152.26968383789062,115366700,0.0,0.0
2022-05-11 00:00:00-04:00,151.2743434971103,153.19606667734942,143.69584140711092,144.37583923339844,142689800,0.0,0.0
2022-05-12 00:00:00-04:00,140.69992744454566,144.08018734631574,136.78748878802156,140.4929656982422,182602000,0.0,0.0
2022-05-13 00:00:00-04:00,142.4935240941809,145.9526407258744,141.03498745815705,144.97698974609375,113990900,0.0,0.0
2022-05-16 00:00:00-04:00,143.43962842487466,145.38106598701418,142.08948225415682,143.4297637939453,86643800,0.0,0.0
2022-05-17 00:00:00-04:00,146.7016158103138,147.59842494021692,144.55321674293847,147.07611083984375,78336300,0.0,0.0
2022-05-18 00:00:00-04:00,144.72078142086878,145.2233813560545,137.87153963890293,138.77821350097656,109742900,0.0,0.0
2022-05-19 00:00:00-04:00,137.85185149313176,139.6060416476657,134.6194101946053,135.35853576660156,136095600,0.0,0.0
2022-05-20 00:00:00-04:00,137.07329814838306,138.65995498562737,130.68725738522548,135.5950469970703,137426100,0.0,0.0
2022-05-23 00:00:00-04:00,135.79213279876197,141.18282274987226,135.65416330433425,141.03500366210938,117726300,0.0,0.0
2022-05-24 00:00:00-04:00,138.76837778809255,139.91156242846,135.33883890454032,138.3249053955078,104132700,0.0,0.0
2022-05-25 00:00:00-04:00,136.42286639453397,139.73414963230113,136.33417493293138,138.48257446289062,92482700,0.0,0.0
2022-05-26 00:00:00-04:00,135.3979480231376,142.24717525757603,135.1515728345783,141.69529724121094,90601500,0.0,0.0
2022-05-27 00:00:00-04:00,143.28192892561134,147.50971980321964,143.15380903801713,147.47030639648438,90978500,0.0,0.0
2022-05-31 00:00:00-04:00,146.90857598068396,148.47551826509655,144.710898900611,146.68190002441406,103718400,0.0,0.0
2022-06-01 00:00:00-04:00,147.72652020499015,149.53985256911304,145.53870787317794,146.5537872314453,74286600,0.0,0.0
2022-06-02 00:00:00-04:00,145.68656579095972,149.07669050037924,144.73062893844732,149.01756286621094,72348100,0.0,0.0
2022-06-03 00:00:00-04:00,144.770060362495,145.82455342819665,142.36545106101252,143.27210998535156,88570300,0.0,0.0
2022-06-06 00:00:00-04:00,144.89815206168706,146.41583140720172,142.799030970996,144.02105712890625,71598400,0.0,0.0
2022-06-07 00:00:00-04:00,142.257004413004,146.83957576238276,142.01062928588593,146.5537872314453,67808200,0.0,0.0
2022-06-08 00:00:00-04:00,146.4256722718094,147.69696135392218,145.32191647725907,145.81466674804688,53950200,0.0,0.0
2022-06-09 00:00:00-04:00,144.9474644884546,145.80484540213257,140.4634326856499,140.57183837890625,69473000,0.0,0.0
2022-06-10 00:00:00-04:00,138.24601378405768,138.71904983013044,135.0727008597942,135.14169311523438,91437900,0.0,0.0
2022-06-13 00:00:00-04:00,130.94350126835883,133.23972019612276,129.53424218326774,129.96786499023438,122207100,0.0,0.0
2022-06-14 00:00:00-04:00,131.19969793288186,131.9486729653345,129.57361294213226,130.83505249023438,84784300,0.0,0.0
2022-06-15 00:00:00-04:00,132.34285389788312,135.34863339335774,130.24374808427632,133.46632385253906,91533000,0.0,0.0
2022-06-16 00:00:00-04:00,130.16489408726036,130.47039680396443,127.16896446287808,128.17417907714844,108123900,0.0,0.0
2022-06-17 00:00:00-04:00,128.18407944512376,131.15043105016284,127.92783964673345,129.6524658203125,134520300,0.0,0.0
2022-06-21 00:00:00-04:00,131.48553483725294,135.0727576908251,131.38699376486397,133.90000915527344,81000500,0.0,0.0
2022-06-22 00:00:00-04:00,132.83561923956722,135.7625572241762,131.96838893721528,133.38751220703125,73409200,0.0,0.0
2022-06-23 00:00:00-04:00,134.8361944256016,136.58051959738074,133.6634463480769,136.26516723632812,72433800,0.0,0.0
2022-06-24 00:00:00-04:00,137.87154246227976,139.85240850117333,137.7434375963034,139.6060333251953,89116800,0.0,0.0
2022-06-27 00:00:00-04:00,140.63094744074303,141.4095014178601,138.9260354334884,139.6060333251953,70207900,0.0,0.0
2022-06-28 00:00:00-04:00,140.06920480029078,141.34049395514106,135.328949330103,135.44720458984375,67083400,0.0,0.0
2022-06-29 00:00:00-04:00,135.46693252662052,138.63038134531047,134.6883785543866,137.2112579345703,66242400,0.0,0.0
2022-06-30 00:00:00-04:00,135.25995448479154,136.36371032139607,131.83041667995218,134.73764038085938,98964500,0.0,0.0
2022-07-01 00:00:00-04:00,134.06750724522163,137.02400931509246,133.69302720857007,136.9156036376953,71051600,0.0,0.0
2022-07-05 00:00:00-04:00,135.77243576693132,139.5567548491927,134.94460374967946,139.50747680664062,73353800,0.0,0.0
2022-07-06 00:00:00-04:00,139.30051963790794,142.03034554759492,139.03443025811183,140.84774780273438,74064300,0.0,0.0
2022-07-07 00:00:00-04:00,141.21236775834944,144.42510918824107,141.20251816632623,144.22801208496094,66253700,0.0,0.0
2022-07-08 00:00:00-04:00,143.15379978350074,145.41060438999426,142.89757506242208,144.90798950195312,64547800,0.0,0.0
2022-07-11 00:00:00-04:00,143.55785837644726,144.51379508007224,141.69526300251138,142.7694549560547,63141600,0.0,0.0
2022-07-12 00:00:00-04:00,143.6465763614465,146.29757564571045,142.946879286725,143.74513244628906,77588800,0.0,0.0
2022-07-13 00:00:00-04:00,140.91675656689353,144.3265807145126,140.0593606954875,143.38050842285156,71185600,0.0,0.0
2022-07-14 00:00:00-04:00,141.99094375492155,146.79032738889836,141.17297636311127,146.31729125976562,78140700,0.0,0.0
2022-07-15 00:00:00-04:00,147.60825491664284,148.67259719790874,146.05116241465439,147.9925994873047,76259900,0.0,0.0
2022-07-18 00:00:00-04:00,148.55437722703743,149.37234459214557,144.5729460772953,144.93759155273438,81420900,0.0,0.0
2022-07-19 00:00:00-04:00,145.77526390456921,149.0372688640094,144.77991359630315,148.81060791015625,82982400,0.0,0.0
2022-07-20 00:00:00-04:00,148.9288549414216,151.49116267268522,148.18972944635095,150.82101440429688,64823400,0.0,0.0
2022-07-21 00:00:00-04:00,152.25983742490192,153.3143302483906,149.73695838231532,153.09751892089844,65086600,0.0,0.0
2022-07-22 00:00:00-04:00,153.13694301712763,154.01403798046638,151.18565597102892,151.8557891845703,66675400,0.0,0.0
2022-07-25 00:00:00-04:00,151.7769586670234,152.7920231935369,150.07204665223094,150.73233032226562,53623900,0.0,0.0
2022-07-26 00:00:00-04:00,150.05232023117222,150.87028755705626,148.61349773507445,149.4019012451172,55138700,0.0,0.0
2022-07-27 00:00:00-04:00,150.36769783431046,155.04882613514658,149.95378934695273,154.5166473388672,78620700,0.0,0.0
2022-07-28 00:00:00-04:00,154.70389699283152,155.3543310693815,152.17116799178928,155.06854248046875,81378700,0.0,0.0
2022-07-29 00:00:00-04:00,158.90212681060993,161.25747271207914,157.18735030288008,160.15370178222656,101786900,0.0,0.0
2022-08-01 00:00:00-04:00,158.6754625398599,161.2180561543135,158.55720726769144,159.168212890625,67829400,0.0,0.0
2022-08-02 00:00:00-04:00,157.77866315380257,160.05516729364513,157.31547663627524,157.68995666503906,59907000,0.0,0.0
2022-08-03 00:00:00-04:00,158.50794479712317,164.17457438761855,158.41925333428367,163.72125244140625,82507500,0.0,0.0
2022-08-04 00:00:00-04:00,163.60296566260632,164.76586430720064,162.04587275334626,163.40586853027344,55474100,0.0,0.0
2022-08-05 00:00:00-04:00,161.06699370571175,163.6723288419394,160.85974446443265,163.17889404296875,56697000,0.23,0.0
2022-08-08 00:00:00-04:00,164.18547392802034,165.60656841764427,162.04396891961866,162.70516967773438,60276900,0.0,0.0
2022-08-09 00:00:00-04:00,161.8663704234178,163.64273887329983,161.10647654738344,162.75454711914062,63135500,0.0,0.0
2022-08-10 00:00:00-04:00,165.47827786948693,167.11648492615134,164.70852083002953,167.01780700683594,70170500,0.0,0.0
2022-08-11 00:00:00-04:00,167.82705702584587,168.74485366768013,165.9816155247536,166.27767944335938,57149200,0.0,0.0
2022-08-12 00:00:00-04:00,167.59020942251294,169.9093440404782,167.1757109224635,169.84027099609375,68039400,0.0,0.0
2022-08-15 00:00:00-04:00,169.2678689938365,171.1133102288565,169.10010297778325,170.9159393310547,54091700,0.0,0.0
2022-08-16 00:00:00-04:00,170.5113239880509,171.42912052331732,169.40603488259293,170.75804138183594,56377100,0.0,0.0
2022-08-17 00:00:00-04:00,170.50146052110878,173.83706944158646,170.3040896179902,172.25808715820312,79542000,0.0,0.0
2022-08-18 00:00:00-04:00,171.468570003892,172.60346386831435,170.846837420575,171.86331176757812,62290100,0.0,0.0
2022-08-19 00:00:00-04:00,170.75803562921558,171.45871962967124,169.06061881248345,169.2678680419922,70346300,0.0,0.0
2022-08-22 00:00:00-04:00,167.4618943197239,167.62966033417896,164.94537398602955,165.36973571777344,69026800,0.0,0.0
2022-08-23 00:00:00-04:00,164.88615528818852,166.49475736672866,164.4617935794401,165.0341796875,54147100,0.0,0.0
2022-08-24 00:00:00-04:00,165.12304228892702,165.90266271137483,164.06708450197766,165.3302764892578,53841500,0.0,0.0
2022-08-25 00:00:00-04:00,166.56382226218187,167.9059652979528,166.13947563259975,167.7974090576172,51218200,0.0,0.0
2022-08-26 00:00:00-04:00,168.33037524819332,168.8040684970926,161.41240887853596,161.47161865234375,78961000,0.0,0.0
2022-08-29 00:00:00-04:00,159.0340260013609,160.76104775775735,157.72150271792214,159.26101684570312,73314000,0.0,0.0
2022-08-30 00:00:00-04:00,160.00116164152158,160.4255083111715,155.64906340226676,156.8234405517578,77906200,0.0,0.0
2022-08-31 00:00:00-04:00,158.20506309707196,158.47152210531658,155.07668827346,155.1556396484375,87991100,0.0,0.0
2022-09-01 00:00:00-04:00,154.58325022090398,156.3398768664933,152.6391159459931,155.88592529296875,74229900,0.0,0.0
2022-09-02 00:00:00-04:00,157.65241340262483,158.2544044411162,152.93517807481416,153.76414489746094,76957800,0.0,0.0
2022-09-06 00:00:00-04:00,154.41549077748996,155.02734512371137,151.67199443622994,152.50096130371094,73714800,0.0,0.0
2022-09-07 00:00:00-04:00,152.78715495485997,154.61285463504657,151.59303614241935,153.9121856689453,87449600,0.0,0.0
2022-09-08 00:00:00-04:00,152.60949878868428,154.3069155323693,150.6752279441013,152.43186950683594,84923800,0.0,0.0
2022-09-09 00:00:00-04:00,153.42861893209738,155.74776853082003,152.71807161072002,155.3036651611328,68028800,0.0,0.0
2022-09-12 00:00:00-04:00,157.49451256385936,162.10319169268726,157.20832701154205,161.28408813476562,104956000,0.0,0.0
2022-09-13 00:00:00-04:00,157.80045022276116,158.4320461932663,151.35619264515168,151.8200225830078,122656600,0.0,0.0
2022-09-14 00:00:00-04:00,152.75752979849568,155.0372110898694,151.59303096684667,153.2707061767578,87965400,0.0,0.0
2022-09-15 00:00:00-04:00,152.6193698403597,153.2016343191028,149.39231725485783,150.3693084716797,90481100,0.0,0.0
2022-09-16 00:00:00-04:00,149.22456559759132,149.36272674550892,146.4218443622924,148.72125244140625,162278800,0.0,0.0
2022-09-19 00:00:00-04:00,147.34950026158054,152.530565756339,147.142266074514,152.4516143798828,81474200,0.0,0.0
2022-09-20 00:00:00-04:00,151.3857850189289,156.00434240653766,151.06999458899193,154.83982849121094,107689800,0.0,0.0
2022-09-21 00:00:00-04:00,155.27406232514645,156.6556888275703,151.5831795854477,151.70159912109375,101696800,0.0,0.0
2022-09-22 00:00:00-04:00,150.37920812092767,152.44176215818038,148.9285084725313,150.73448181152344,86652500,0.0,0.0
2022-09-23 00:00:00-04:00,149.20480341314504,149.4811256708757,146.60933178685332,148.45477294921875,96029900,0.0,0.0
2022-09-26 00:00:00-04:00,147.69491830315658,151.7509532458143,147.67517669341092,148.79034423828125,93339400,0.0,0.0
2022-09-27 00:00:00-04:00,150.73444637733243,152.68844368705126,147.98107215786084,149.76730346679688,84442700,0.0,0.0
2022-09-28 00:00:00-04:00,145.7014181025515,148.6620267188795,142.93818038229188,147.87252807617188,146691400,0.0,0.0
2022-09-29 00:00:00-04:00,144.18163918720862,144.7934934551737,138.83279327495222,140.60916137695312,128138200,0.0,0.0
2022-09-30 00:00:00-04:00,139.42495175640798,141.22106186093816,136.18802030456854,136.38539123535156,124925300,0.0,0.0
2022-10-03 00:00:00-04:00,136.39527183139853,141.19145931529042,135.8820953561044,140.57958984375,114311700,0.0,0.0
2022-10-04 00:00:00-04:00,143.12569817421627,144.30007541815792,142.36580435900075,144.18165588378906,87830100,0.0,0.0
2022-10-05 00:00:00-04:00,142.17831393701783,145.44484998263232,141.13221948664446,144.4777069091797,79471000,0.0,0.0
2022-10-06 00:00:00-04:00,143.8954467664891,145.60272687269935,143.31319734564778,143.5204315185547,68402200,0.0,0.0
2022-10-07 00:00:00-04:00,140.6683921871329,141.22105183590455,137.61896860646343,138.2505645751953,85925600,0.0,0.0
2022-10-10 00:00:00-04:00,138.57623291015625,140.0269324842531,136.75053311295184,138.57623291015625,74899000,0.0,0.0
2022-10-11 00:00:00-04:00,138.06303899554518,139.49401183769913,136.40510543994947,137.15512084960938,77033700,0.0,0.0
2022-10-12 00:00:00-04:00,137.3031797708572,138.51702522883681,136.3459150018641,136.52354431152344,70433700,0.0,0.0
2022-10-13 00:00:00-04:00,133.21753108987443,141.7046005106399,132.6056617056489,141.11248779296875,113224000,0.0,0.0
2022-10-14 00:00:00-04:00,142.4151641571206,142.62241342006476,136.37552640505737,136.5630340576172,88598000,0.0,0.0
2022-10-17 00:00:00-04:00,139.21768336307096,141.0236412417774,138.4281847753723,140.5400848388672,85250900,0.0,0.0
2022-10-18 00:00:00-04:00,143.5796769966995,144.77378089201514,138.7637480781357,141.86251831054688,99136600,0.0,0.0
2022-10-19 00:00:00-04:00,139.82954896048238,143.0467382727137,139.6420413366173,141.97105407714844,61758300,0.0,0.0
2022-10-20 00:00:00-04:00,141.14211094871374,143.97442221393123,140.77695891418597,141.5072479248047,64522000,0.0,0.0
2022-10-21 00:00:00-04:00,140.99406803245788,145.90868993912767,140.77695549561207,145.3363037109375,86548600,0.0,0.0
2022-10-24 00:00:00-04:00,145.25735083913412,148.25742804538453,144.08297350872007,147.4876708984375,75981900,0.0,0.0
2022-10-25 00:00:00-04:00,148.11924989222194,150.4877458912043,147.39883932372416,150.33970642089844,74732300,0.0,0.0
2022-10-26 00:00:00-04:00,148.9778376688811,149.9943121264643,146.09616525843597,147.38897705078125,88194300,0.0,0.0
2022-10-27 00:00:00-04:00,146.12574855806736,147.09287628270366,142.2374809981796,142.898681640625,109180200,0.0,0.0
2022-10-28 00:00:00-04:00,146.25407807739884,155.43196876876547,145.87907785280416,153.69508361816406,164762400,0.0,0.0
2022-10-31 00:00:00-04:00,151.14893931793952,152.21476020669766,149.92521569193562,151.32656860351562,97943200,0.0,0.0
2022-11-01 00:00:00-04:00,153.0437301537615,153.40886706506188,147.17185939924275,148.67189025878906,80379300,0.0,0.0
2022-11-02 00:00:00-04:00,146.9942133937789,150.1719344831505,143.09608176430027,143.1256866455078,93604600,0.0,0.0
2022-11-03 00:00:00-04:00,140.1946956802254,140.92498461939732,136.92815965034873,137.05645751953125,97918500,0.0,0.0
2022-11-04 00:00:00-04:00,140.45691755937278,141.03025327243037,132.83553912246873,136.78956604003906,140814800,0.23,0.0
2022-11-07 00:00:00-05:00,135.5341241648205,137.55067074863877,134.1106724193432,137.3233184814453,83374600,0.0,0.0
2022-11-08 00:00:00-05:00,138.79625816046723,139.8045243435743,135.90981980768203,137.89671325683594,89908500,0.0,0.0
2022-11-09 00:00:00-05:00,136.90818484099725,136.95761319516816,133.04311982943733,133.3199005126953,74917800,0.0,0.0
2022-11-10 00:00:00-05:00,139.61667909909517,145.1819610595703,137.89667216677097,145.1819610595703,118854000,0.0,0.0
2022-11-11 00:00:00-05:00,144.14406562748653,148.28589635779667,142.71071873245964,147.97946166992188,93979700,0.0,0.0
2022-11-14 00:00:00-05:00,147.25783186642536,148.5527731206919,145.73552323030617,146.5757598876953,73374100,0.0,0.0
2022-11-15 00:00:00-05:00,150.47048891741846,151.82473825025608,146.85255082741247,148.31553649902344,89868300,0.0,0.0
2022-11-16 00:00:00-05:00,147.41599873753398,148.14748399123684,145.5971350727314,147.07989501953125,64218300,0.0,0.0
2022-11-17 00:00:00-05:00,144.74701489370946,149.7389762643868,144.47023425105218,148.9877166748047,80389400,0.0,0.0
2022-11-18 00:00:00-05:00,150.5594283528078,150.94494529919749,148.24632667446954,149.5511474609375,74829600,0.0,0.0
2022-11-21 00:00:00-05:00,148.4341513417214,148.64172927634687,146.0221928785554,146.30885314941406,58724100,0.0,0.0
2022-11-22 00:00:00-05:00,146.42747688170903,148.6911501950918,145.24125698087363,148.4539031982422,51804100,0.0,0.0
2022-11-23 00:00:00-05:00,147.73230356123182,150.0849540196098,147.62356723542243,149.3336944580078,58301400,0.0,0.0
2022-11-25 00:00:00-05:00,146.6054284287757,147.16888449613631,145.42910302505686,146.40773010253906,35195900,0.0,0.0
2022-11-28 00:00:00-05:00,143.47184797217477,144.95460787890806,141.73208177830335,142.5624237060547,69246000,0.0,0.0
2022-11-29 00:00:00-05:00,142.63160575157164,143.14563338917574,138.7369025521412,139.54747009277344,83763800,0.0,0.0
2022-11-30 00:00:00-05:00,139.77485420692707,147.01073115671917,138.93463248466975,146.3286590576172,111380900,0.0,0.0
2022-12-01 00:00:00-05:00,146.5065813559001,147.41600568948158,144.92496463802757,146.6054229736328,71250400,0.0,0.0
2022-12-02 00:00:00-05:00,144.2824471593233,146.2989942268281,143.97599740675216,146.11117553710938,65447400,0.0,0.0
2022-12-05 00:00:00-05:00,146.07164500360574,149.18543519719876,144.0946315261712,144.9447479248047,68826400,0.0,0.0
2022-12-06 00:00:00-05:00,145.37966208348357,145.6070143612091,140.28884442227303,141.26747131347656,64727200,0.0,0.0
2022-12-07 00:00:00-05:00,140.55576270463825,141.72219330934035,138.39093073198447,139.32012939453125,69721100,0.0,0.0
2022-12-08 00:00:00-05:00,140.72382246539036,141.87049392300491,139.47830938217072,141.01048278808594,62128300,0.0,0.0
2022-12-09 00:00:00-05:00,140.7040317435328,143.89691905591846,139.28057976630063,140.52610778808594,76097000,0.0,0.0
2022-12-12 00:00:00-05:00,141.0598951045821,142.83921008074833,139.4387448115005,142.82933044433594,70462700,0.0,0.0
2022-12-13 00:00:00-05:00,147.78174582279246,148.24634516014598,142.58220621584587,143.79806518554688,93886200,0.0,0.0
2022-12-14 00:00:00-05:00,143.67944472283807,144.9743859949628,139.5375995292449,141.5640411376953,82291200,0.0,0.0
2022-12-15 00:00:00-05:00,139.48818419596876,140.17025624774567,134.46656823635524,134.93116760253906,98931900,0.0,0.0
2022-12-16 00:00:00-05:00,135.1189720463015,136.06792995299983,132.19298581991796,132.96401977539062,160156900,0.0,0.0
2022-12-19 00:00:00-05:00,133.55716229440299,133.64612429167383,129.8107279362941,130.84864807128906,79592600,0.0,0.0
2022-12-20 00:00:00-05:00,129.87988952300458,131.7185125149171,128.39712953221752,130.77943420410156,77432800,0.0,0.0
2022-12-21 00:00:00-05:00,131.45162141055363,135.23760401600552,131.2242690848365,133.8932342529297,85928000,0.0,0.0
2022-12-22 00:00:00-05:00,132.80586453500828,133.0134424692819,128.802409885042,130.71022033691406,77852100,0.0,0.0
2022-12-23 00:00:00-05:00,129.41528379353238,130.89804371107982,128.14999653723166,130.344482421875,63814900,0.0,0.0
2022-12-27 00:00:00-05:00,129.87001251300126,129.89966650674359,127.24058112280677,128.5355224609375,69007800,0.0,0.0
2022-12-28 00:00:00-05:00,128.17965363057965,129.52402325835672,124.42333294025542,124.59137725830078,85438400,0.0,0.0
2022-12-29 00:00:00-05:00,126.51896259932623,128.9803420184741,126.26195630324504,128.12034606933594,75703700,0.0,0.0
2022-12-30 00:00:00-05:00,126.93415661096817,128.4564503839377,125.9654166682795,128.43667602539062,77034200,0.0,0.0
2023-01-03 00:00:00-05:00,128.78264911213327,129.39551842727084,122.74287269172645,123.63253021240234,112117500,0.0,0.0
2023-01-04 00:00:00-05:00,125.43159923588829,127.18126010449132,123.64240474081771,124.9076919555664,89113600,0.0,0.0
2023-01-05 00:00:00-05:00,125.66885678017948,126.30150047855705,123.32610067708713,123.5831069946289,80962700,0.0,0.0
2023-01-06 00:00:00-05:00,124.56171667837158,128.79251610668766,123.45458659001618,128.13021850585938,87754700,0.0,0.0
2023-01-09 00:00:00-05:00,128.9704583829939,131.87667022454877,128.39712274020837,128.6541290283203,70790800,0.0,0.0
2023-01-10 00:00:00-05:00,128.76287866678214,129.75138537718297,126.64747490986099,129.22747802734375,63896200,0.0,0.0
2023-01-11 00:00:00-05:00,129.74150433319187,131.9755240444425,128.9605906771462,131.9557647705078,69458900,0.0,0.0
2023-01-12 00:00:00-05:00,132.34127780837738,132.71690008626126,129.92931912019301,131.87667846679688,71379600,0.0,0.0
2023-01-13 00:00:00-05:00,130.51253218381837,133.36931580754018,130.14678954891528,133.21115112304688,57809700,0.0,0.0
2023-01-17 00:00:00-05:00,133.28035102906594,135.7120688975574,132.5883994032112,134.37759399414062,63646600,0.0,0.0
2023-01-18 00:00:00-05:00,135.24747146776636,137.01689153014115,133.47803632197883,133.65597534179688,69672800,0.0,0.0
2023-01-19 00:00:00-05:00,132.53897616267878,134.68403382720132,132.23254150823482,133.71530151367188,58280400,0.0,0.0
2023-01-20 00:00:00-05:00,133.72517191147224,136.4336854309728,132.67735732670167,136.285400390625,80223600,0.0,0.0
2023-01-23 00:00:00-05:00,136.5325490508029,141.67279627654958,136.3150763566329,139.48818969726562,81760300,0.0,0.0
2023-01-24 00:00:00-05:00,138.69738986782352,141.51464034564432,138.68751022962752,140.89187622070312,66435100,0.0,0.0
2023-01-25 00:00:00-05:00,139.27070057060922,140.79299416676852,137.21460493959157,140.22955322265625,65799300,0.0,0.0
2023-01-26 00:00:00-05:00,141.52450641893512,142.59209549504305,140.26909865118563,142.30543518066406,54105100,0.0,0.0
2023-01-27 00:00:00-05:00,141.51462437013356,145.53783884062292,141.43554202324185,144.25277709960938,70555800,0.0,0.0
2023-01-30 00:00:00-05:00,143.29392490593287,143.87714018615392,141.208175354279,141.3564453125,64015300,0.0,0.0
2023-01-31 00:00:00-05:00,141.05990031223737,142.68105066516867,140.64472931637368,142.63162231445312,65874500,0.0,0.0
2023-02-01 00:00:00-05:00,142.3152880410748,144.92494470830036,139.69575173845908,143.7584991455078,77663600,0.0,0.0
2023-02-02 00:00:00-05:00,147.18864741549214,149.44244157391893,146.46704171932092,149.0865936279297,118339000,0.0,0.0
2023-02-03 00:00:00-05:00,146.32863460622823,155.571177590554,146.13093629775682,152.72427368164062,154357300,0.0,0.0
2023-02-06 00:00:00-05:00,150.81648692074876,151.34039430836512,149.0470513348308,149.9861297607422,69858300,0.0,0.0
2023-02-07 00:00:00-05:00,148.90863720361276,153.44587898676582,148.90863720361276,152.87254333496094,83322600,0.0,0.0
2023-02-08 00:00:00-05:00,152.11141469080906,152.80336635897712,149.43255491704016,150.17393493652344,64120100,0.0,0.0
2023-02-09 00:00:00-05:00,152.0125441621068,152.55622581029445,148.69116137357645,149.135986328125,56007100,0.0,0.0
2023-02-10 00:00:00-05:00,147.9678216348465,149.82904173966972,147.7302123185839,149.50233459472656,57450700,0.23,0.0
2023-02-13 00:00:00-05:00,149.44290943263957,152.71985991539307,149.41321016170093,152.31396484375,62199000,0.0,0.0
2023-02-14 00:00:00-05:00,150.60122163396125,152.23475701699866,149.35380697400552,151.67044067382812,61707600,0.0,0.0
2023-02-15 00:00:00-05:00,151.58135329250317,153.94749097395436,151.35365383790918,153.77919006347656,65573800,0.0,0.0
2023-02-16 00:00:00-05:00,151.97733873436857,154.76919088525318,151.8189476677602,152.17535400390625,68167900,0.0,0.0
2023-02-17 00:00:00-05:00,150.8289315997935,151.47243590583543,149.34390771836374,151.0269317626953,59144100,0.0,0.0
2023-02-21 00:00:00-05:00,148.7004180444314,149.78944181785107,146.92829583835442,146.99758911132812,58867200,0.0,0.0
2023-02-22 00:00:00-05:00,147.3836697109664,148.4528887502369,145.69075089528818,147.42327880859375,51011300,0.0,0.0
2023-02-23 00:00:00-05:00,148.59146903762738,148.83897298969475,145.76993304792467,147.90835571289062,48394200,0.0,0.0
2023-02-24 00:00:00-05:00,145.64125487541327,145.72045796846467,144.26513323484133,145.24525451660156,55469600,0.0,0.0
2023-02-27 00:00:00-05:00,146.23526611588312,147.6806809778149,145.97785229460726,146.4431610107422,44998500,0.0,0.0
2023-02-28 00:00:00-05:00,145.58185657335414,147.59158785522064,145.36405184371336,145.93826293945312,50547000,0.0,0.0
2023-03-01 00:00:00-05:00,145.3640509605452,145.76005131760687,143.56221459109048,143.85922241210938,55479000,0.0,0.0
2023-03-02 00:00:00-05:00,142.93849350808966,145.24523225541392,142.46327502261613,144.45321655273438,52238100,0.0,0.0
2023-03-03 00:00:00-05:00,146.56195681168307,149.6013130753249,145.85905393614254,149.52210998535156,70732300,0.0,0.0
2023-03-06 00:00:00-05:00,152.25454983701871,154.73949959731118,151.92785785960842,152.29415893554688,87558000,0.0,0.0
2023-03-07 00:00:00-05:00,152.16543476603405,152.49214181283335,149.62110185942342,150.08641052246094,56182000,0.0,0.0
2023-03-08 00:00:00-05:00,151.28433620073233,151.93775035888638,150.31412479121082,151.34373474121094,47204800,0.0,0.0
2023-03-09 00:00:00-05:00,152.02685072996366,152.99706215582498,148.73009571987657,149.0865020751953,53833600,0.0,0.0
2023-03-10 00:00:00-05:00,148.7102983763868,149.43300577006005,146.13625093512175,147.01736450195312,68572400,0.0,0.0
2023-03-13 00:00:00-04:00,146.33425116280637,151.6110378452132,146.2253488070177,148.9676971435547,84457100,0.0,0.0
2023-03-14 00:00:00-04:00,149.7696098588517,151.86843881288326,148.60139830336453,151.0665283203125,73695900,0.0,0.0
2023-03-15 00:00:00-04:00,149.6804929323757,151.71992308668965,148.42316862217967,151.4625244140625,77167900,0.0,0.0
2023-03-16 00:00:00-04:00,150.64081493684654,154.89788610113325,150.1260024664939,154.29397583007812,76161100,0.0,0.0
2023-03-17 00:00:00-04:00,154.52167252219854,155.17508659538842,152.7396410073364,153.45245361328125,98944600,0.0,0.0
2023-03-20 00:00:00-04:00,153.5217825705538,156.24432646768744,152.6109545912959,155.82850646972656,73641400,0.0,0.0
2023-03-21 00:00:00-04:00,155.7493201936468,157.80854012474336,154.97709383642948,157.6897430419922,73938300,0.0,0.0
2023-03-22 00:00:00-04:00,157.70955140928402,160.5211932163919,156.23442213481738,156.2542266845703,75701800,0.0,0.0
2023-03-23 00:00:00-04:00,157.24423866782476,159.9370833205621,156.10571123599644,157.34323120117188,67622100,0.0,0.0
2023-03-24 00:00:00-04:00,157.27391824812167,158.73913747364256,156.2740076797667,158.65003967285156,59196500,0.0,0.0
2023-03-27 00:00:00-04:00,158.34316780021032,159.1648829259014,156.2938273470206,156.69973754882812,52390300,0.0,0.0
2023-03-28 00:00:00-04:00,156.3928163743877,156.9076288835252,154.42267925169685,156.0760040283203,45992200,0.0,0.0
2023-03-29 00:00:00-04:00,157.77883979840226,159.44207447801494,157.75905035570605,159.1648712158203,51305700,0.0,0.0
2023-03-30 00:00:00-04:00,159.9172833200629,160.84790077737682,159.659884598305,160.73899841308594,49501700,0.0,0.0
2023-03-31 00:00:00-04:00,160.8181856716707,163.35262396586768,160.29347845168977,163.2536163330078,68749800,0.0,0.0
2023-04-03 00:00:00-04:00,162.62991638134497,164.62973762588464,162.5804125649775,164.5109405517578,56976200,0.0,0.0
2023-04-04 00:00:00-04:00,164.936680918264,165.17427510350078,163.46155155698554,163.9763641357422,46278300,0.0,0.0
2023-04-05 00:00:00-04:00,163.0952264685397,163.40212898364032,160.1845772758085,162.125,51511700,0.0,0.0
2023-04-06 00:00:00-04:00,160.8083054990294,163.3130600930005,160.38260583340545,163.01605224609375,45390100,0.0,0.0
2023-04-10 00:00:00-04:00,159.80836691031573,160.4122772216797,158.48174921205518,160.4122772216797,47716900,0.0,0.0
2023-04-11 00:00:00-04:00,160.72909253457362,160.7389872555695,158.90745173956898,159.19456481933594,47644200,0.0,0.0
2023-04-12 00:00:00-04:00,159.61036940374873,160.441979159197,158.18474404786926,158.50155639648438,50133100,0.0,0.0
2023-04-13 00:00:00-04:00,160.0163027979601,164.1446680117871,159.80839277568336,163.9070587158203,68445600,0.0,0.0
2023-04-14 00:00:00-04:00,162.94674189589546,164.65948057952454,162.18444039601638,163.56056213378906,49386500,0.0,0.0
2023-04-17 00:00:00-04:00,163.4417358903036,163.73874370809605,162.39232135968928,163.58033752441406,41516200,0.0,0.0
2023-04-18 00:00:00-04:00,164.44169749587934,165.7386163058423,163.99617811900487,164.80799865722656,49923000,0.0,0.0
2023-04-19 00:00:00-04:00,164.14465925023921,166.48109766330478,163.8872454167369,165.95639038085938,47720200,0.0,0.0
2023-04-20 00:00:00-04:00,164.43175373561738,166.19398100625685,163.90704646438456,164.9861602783203,52456400,0.0,0.0
2023-04-21 00:00:00-04:00,163.4021510550257,164.78816747380588,162.84774448751364,163.37245178222656,58337300,0.0,0.0
2023-04-24 00:00:00-04:00,163.35265993279046,163.9466756478522,162.25374143443926,163.6793670654297,41949600,0.0,0.0
2023-04-25 00:00:00-04:00,163.5407390651718,164.64955210777222,162.09530911482935,162.13491821289062,48714100,0.0,0.0
2023-04-26 00:00:00-04:00,161.43199188421733,163.6298284131595,161.1745931859106,162.125,45498800,0.0,0.0
2023-04-27 00:00:00-04:00,163.54072434320634,166.8770729984066,163.54072434320634,166.72857666015625,64902300,0.0,0.0
2023-04-28 00:00:00-04:00,166.80779457565893,168.15421688581486,166.2038842356674,167.98590087890625,55209200,0.0,0.0
2023-05-01 00:00:00-04:00,167.58988704485296,168.74820381228082,166.9562774855819,167.89678955078125,52472900,0.0,0.0
2023-05-02 00:00:00-04:00,168.3918123170909,168.6492261368123,165.86726857821876,166.85728454589844,48425700,0.0,0.0
2023-05-03 00:00:00-04:00,167.8077343335882,169.21355542791596,165.49110021081347,165.7781982421875,65136000,0.0,0.0
2023-05-04 00:00:00-04:00,163.243711633137,165.37223965151196,162.6695006318279,164.1347198486328,81235400,0.0,0.0
2023-05-05 00:00:00-04:00,169.27292902501793,172.55978934902075,169.0551242996228,171.8370819091797,113316400,0.0,0.0
2023-05-08 00:00:00-04:00,170.75794076749395,172.1142728432519,170.39163971305302,171.76776123046875,55962800,0.0,0.0
2023-05-09 00:00:00-04:00,171.3222729910744,171.80737116626167,169.88675280256177,170.0550537109375,45326900,0.0,0.0
2023-05-10 00:00:00-04:00,171.29256173687202,172.29247239543182,170.18373361448457,171.82716369628906,53724500,0.0,0.0
2023-05-11 00:00:00-04:00,172.11426641943214,172.8468685009711,170.45103188917147,172.0152587890625,49514700,0.0,0.0
2023-05-12 00:00:00-04:00,172.12430116865193,172.5605130962495,169.52687667093326,171.08335876464844,45497800,0.24,0.0
2023-05-15 00:00:00-04:00,171.6682987112497,171.71787100649163,169.99285497252012,170.5876922607422,37266700,0.0,0.0
2023-05-16 00:00:00-04:00,170.5083796138232,171.64846676768477,170.3200139683082,170.5876922607422,42110300,0.0,0.0
2023-05-17 00:00:00-04:00,170.23077817517168,171.4402543357864,168.9518826544196,171.20233154296875,57951600,0.0,0.0
2023-05-18 00:00:00-04:00,171.50966446616422,173.73037308197308,171.0932844370763,173.54200744628906,65496700,0.0,0.0
2023-05-19 00:00:00-04:00,174.87044639396197,174.87044639396197,173.43294078431077,173.6510467529297,55772400,0.0,0.0
2023-05-22 00:00:00-04:00,172.48123481307542,173.20495707678998,171.95580173946098,172.6993408203125,43570900,0.0,0.0
2023-05-23 00:00:00-04:00,171.63852857067366,171.88637487652753,169.80445985641978,170.08204650878906,50747300,0.0,0.0
2023-05-24 00:00:00-04:00,169.61611066863975,170.93465495874622,169.0510289027881,170.35964965820312,45143500,0.0,0.0
2023-05-25 00:00:00-04:00,170.92473533776644,172.4018896852921,170.21093674442764,171.49974060058594,56058300,0.0,0.0
2023-05-26 00:00:00-04:00,171.82690796374212,174.2557989304357,171.61871039409903,173.91871643066406,54835000,0.0,0.0
2023-05-30 00:00:00-04:00,175.43556138959772,177.44807247659148,175.04892170114425,175.7726287841797,55964400,0.0,0.0
2023-05-31 00:00:00-04:00,175.80236562165695,177.80496826079084,175.23726871202743,175.72305297851562,99625300,0.0,0.0
2023-06-01 00:00:00-04:00,176.1691489115404,178.56829930609416,175.4057780636658,178.53855895996094,68901800,0.0,0.0
2023-06-02 00:00:00-04:00,179.4704869589175,180.21402596420296,177.71573067078862,179.39117431640625,61945900,0.0,0.0
2023-06-05 00:00:00-04:00,181.05673347383532,183.35673990115512,176.5062626635481,178.0330047607422,121946500,0.0,0.0
2023-06-06 00:00:00-04:00,178.41961560329207,178.56831734898336,175.90148844243106,177.66616821289062,64848400,0.0,0.0
2023-06-07 00:00:00-04:00,176.90280103766142,179.64894264257165,175.79245430672572,176.28814697265625,61944600,0.0,0.0
2023-06-08 00:00:00-04:00,176.36743802214428,179.28211321134853,175.93124119908015,179.0144500732422,50214900,0.0,0.0
2023-06-09 00:00:00-04:00,179.93643394119178,180.6601409825454,179.0739335613958,179.40109252929688,48870700,0.0,0.0
2023-06-12 00:00:00-04:00,179.7084305703386,182.30585540353945,179.41101193334958,182.2067108154297,54274900,0.0,0.0
2023-06-13 00:00:00-04:00,181.22521869290037,182.56357964467625,180.86831941362593,181.73081970214844,54929100,0.0,0.0
2023-06-14 00:00:00-04:00,181.79033583961464,182.8015531826157,180.45197462688512,182.36534118652344,57462900,0.0,0.0
2023-06-15 00:00:00-04:00,182.37524971506843,184.91319370821412,182.19679249165128,184.40757751464844,65433200,0.0,0.0
2023-06-16 00:00:00-04:00,185.12138568804832,185.37915556544473,182.68258615200966,183.3269805908203,101235600,0.0,0.0
2023-06-20 00:00:00-04:00,182.82137659501507,184.4968202621219,182.82137659501507,183.41619873046875,49799100,0.0,0.0
2023-06-21 00:00:00-04:00,183.30713360389032,183.81274978200145,181.01703601018858,182.375244140625,49515700,0.0,0.0
2023-06-22 00:00:00-04:00,182.15714267343606,185.43862563579464,182.0877384404729,185.38905334472656,51245300,0.0,0.0
2023-06-23 00:00:00-04:00,183.9515678810459,185.94424713129428,183.41621128242684,185.0718231201172,53079300,0.0,0.0
2023-06-26 00:00:00-04:00,185.2205087707664,186.42999999051133,183.63428631385352,183.6739501953125,48088700,0.0,0.0
2023-06-27 00:00:00-04:00,184.28862175731683,186.767085127622,184.07051577054278,186.43992614746094,50730800,0.0,0.0
2023-06-28 00:00:00-04:00,186.31103877905792,188.26406909954764,185.9838949305078,187.6196746826172,51216800,0.0,0.0
2023-06-29 00:00:00-04:00,187.45114025988062,188.43261718372244,187.31234691859044,187.9567413330078,46347300,0.0,0.0
2023-06-30 00:00:00-04:00,189.9791732182635,192.8046122965116,189.61235036422667,192.29901123046875,85069600,0.0,0.0
2023-07-03 00:00:00-04:00,192.11066863921243,192.20981323378058,190.10806582219766,190.8020477294922,31458200,0.0,0.0
2023-07-05 00:00:00-04:00,189.91968534956396,191.3175270975779,188.97785723169864,189.68174743652344,46920300,0.0,0.0
2023-07-06 00:00:00-04:00,188.20460802565435,190.36583614793244,187.57012195006965,190.1576385498047,45094300,0.0,0.0
2023-07-07 00:00:00-04:00,189.76106040417397,191.01020041329645,188.60114143984475,189.03733825683594,46778000,0.0,0.0
2023-07-10 00:00:00-04:00,187.62957811566648,188.3533002828443,185.42870151973196,186.9851837158203,59922200,0.0,0.0
2023-07-11 00:00:00-04:00,187.53046059023825,187.66925393721883,184.99251645839882,186.4597625732422,46638100,0.0,0.0
2023-07-12 00:00:00-04:00,188.04597194874682,190.04857465553215,186.84640410814296,188.1352081298828,60750200,0.0,0.0
2023-07-13 00:00:00-04:00,188.85889555641208,189.54295381895912,188.1450969456968,188.89854431152344,41342300,0.0,0.0
2023-07-14 00:00:00-04:00,188.59122781892412,189.53304086059518,187.99640569502964,189.04727172851562,41573900,0.0,0.0
2023-07-17 00:00:00-04:00,190.24681060896586,192.64597606441495,190.15758957303703,192.31881713867188,50520200,0.0,0.0
2023-07-18 00:00:00-04:00,191.6843647836334,192.65591819761897,190.76236853561463,192.0610809326172,48353800,0.0,0.0
2023-07-19 00:00:00-04:00,191.43649527350667,196.52229125160747,190.99035981508428,193.4192657470703,80507300,0.0,0.0
2023-07-20 00:00:00-04:00,193.40936968617578,194.77748634801802,190.84168518874347,191.4662628173828,59581200,0.0,0.0
2023-07-21 00:00:00-04:00,192.42787949536395,193.29037980606682,189.58259359421706,190.28648376464844,71917800,0.0,0.0
2023-07-24 00:00:00-04:00,191.7438412670713,193.230919269526,190.5938306479448,191.0895233154297,45377800,0.0,0.0
2023-07-25 00:00:00-04:00,191.66453127210508,192.7649696142135,191.25805964859208,191.9520263671875,37283200,0.0,0.0
2023-07-26 00:00:00-04:00,192.0015959886147,193.95462630849192,191.6546201978147,192.82444763183594,47471900,0.0,0.0
2023-07-27 00:00:00-04:00,194.33134751765755,195.50117489112708,190.89123937354253,191.5554656982422,47460200,0.0,0.0
2023-07-28 00:00:00-04:00,192.99297950413737,194.9361013981904,192.46754649179775,194.1429901123047,48291400,0.0,0.0
2023-07-31 00:00:00-04:00,194.37100498050742,194.7973085377491,193.57789369266726,194.7576446533203,38824100,0.0,0.0
2023-08-01 00:00:00-04:00,194.54945856713078,195.0352276872512,193.59772201405482,193.9248809814453,35175100,0.0,0.0
2023-08-02 00:00:00-04:00,193.35977399392826,193.49856732490423,190.19726772902345,190.9209747314453,50389300,0.0,0.0
2023-08-03 00:00:00-04:00,189.91969553388512,190.71279169853844,189.04727159995883,189.52313232421875,61235200,0.0,0.0
2023-08-04 00:00:00-04:00,183.92179948550063,185.7657766923876,180.3528064633521,180.42221069335938,115799700,0.0,0.0
2023-08-07 00:00:00-04:00,180.56102321579414,181.5524085909385,175.82220233279125,177.3092803955078,97576100,0.0,0.0
2023-08-08 00:00:00-04:00,178.14203038384454,178.71703568412062,176.05020675575068,178.25108337402344,67823000,0.0,0.0
2023-08-09 00:00:00-04:00,179.31185840559957,179.3713391045639,175.48511045638642,176.6549530029297,60378500,0.0,0.0
2023-08-10 00:00:00-04:00,177.93383023619305,179.1928938087059,176.07003615011226,176.4368438720703,54686900,0.0,0.0
2023-08-11 00:00:00-04:00,176.02983256684112,177.32036168980022,175.26543082107975,176.49639892578125,51988100,0.24,0.0
2023-08-14 00:00:00-04:00,176.6751020557822,178.38258864969947,176.01990054114177,178.15426635742188,43675600,0.0,0.0
2023-08-15 00:00:00-04:00,177.5784931204611,178.17411849604412,175.7618061867858,176.1588897705078,43622600,0.0,0.0
2023-08-16 00:00:00-04:00,175.84121662599503,177.24094603057796,175.2157956243564,175.28529357910156,46964900,0.0,0.0
2023-08-17 00:00:00-04:00,175.8511621348624,176.2184652373002,172.21778796969687,172.7340087890625,66062900,0.0,0.0
2023-08-18 00:00:00-04:00,171.04636032936088,173.82599075554495,170.70883778094841,173.22042846679688,61114200,0.0,0.0
2023-08-21 00:00:00-04:00,173.79622123414413,174.8485063914746,172.47589631953025,174.56060791015625,46311900,0.0,0.0
2023-08-22 00:00:00-04:00,175.77172944077836,176.38721354501158,174.96762533098521,175.94049072265625,42084200,0.0,0.0
2023-08-23 00:00:00-04:00,177.2211114741355,180.2290643006026,177.032491470534,179.80218505859375,52722800,0.0,0.0
2023-08-24 00:00:00-04:00,179.35547499475715,179.78235426712118,174.72937670082027,175.09669494628906,54945800,0.0,0.0
2023-08-25 00:00:00-04:00,176.08939374478845,177.84650437604776,174.54074667761984,177.31044006347656,51449600,0.0,0.0
2023-08-28 00:00:00-04:00,178.77970406121776,179.27606617931616,177.25091540249335,178.8789825439453,43820700,0.0,0.0
2023-08-29 00:00:00-04:00,178.39251118833664,183.55467328918405,178.19396940518234,182.7803497314453,53003900,0.0,0.0
2023-08-30 00:00:00-04:00,183.59439418869403,186.48322490340712,183.39585240180426,186.28466796875,60813900,0.0,0.0
2023-08-31 00:00:00-04:00,186.47327124983738,187.7439567493299,186.1158900063697,186.5030517578125,60794500,0.0,0.0
2023-09-01 00:00:00-04:00,188.11129296200212,188.53815704908098,186.91009015003394,188.08151245117188,45732600,0.0,0.0
2023-09-05 00:00:00-04:00,186.91008160149724,188.5977094450193,186.24495831042893,188.3197479248047,45280000,0.0,0.0
2023-09-06 00:00:00-04:00,187.02920802693,187.47594597496703,180.14963751857883,181.57916259765625,81755800,0.0,0.0
2023-09-07 00:00:00-04:00,173.90537850075847,176.91334607803304,172.27731178924952,176.26806640625,112488800,0.0,0.0
2023-09-08 00:00:00-04:00,177.05235186894313,178.9285998393183,176.4964136407334,176.88357543945312,65551300,0.0,0.0
2023-09-11 00:00:00-04:00,178.75983344187836,178.98815574028976,176.04968578063105,178.05499267578125,58953100,0.0,0.0
2023-09-12 00:00:00-04:00,178.18404991763566,178.81939272059032,173.5480302988034,175.0172576904297,90370200,0.0,0.0
2023-09-13 00:00:00-04:00,175.22572770658326,176.00998823848755,172.7141369128852,172.94247436523438,84267900,0.0,0.0
2023-09-14 00:00:00-04:00,172.73398888645488,174.81871550108795,172.3170465930817,174.46133422851562,60895800,0.0,0.0
2023-09-15 00:00:00-04:00,175.19592350235882,175.2157822233053,172.5552892315787,173.7366180419922,109205100,0.0,0.0
2023-09-18 00:00:00-04:00,175.19594549627539,178.07485448429676,174.8882034479176,176.67510986328125,67257600,0.0,0.0
2023-09-19 00:00:00-04:00,176.22837977645918,178.32302815377042,175.84121799808253,177.76710510253906,51826900,0.0,0.0
2023-09-20 00:00:00-04:00,177.95572439538154,178.39252544188162,174.12380859804207,174.21316528320312,58436200,0.0,0.0
2023-09-21 00:00:00-04:00,173.27998896827123,175.01725608596104,172.59500693822505,172.66448974609375,63047900,0.0,0.0
2023-09-22 00:00:00-04:00,173.3991274596328,175.7915963241489,172.7836433268308,173.51824951171875,56725400,0.0,0.0
2023-09-25 00:00:00-04:00,172.93253251615403,175.6823824720043,172.88289328236814,174.79885864257812,46172700,0.0,0.0
2023-09-26 00:00:00-04:00,173.54802313417602,173.92524796713502,170.41101154694528,170.70883178710938,64588900,0.0,0.0
2023-09-27 00:00:00-04:00,171.36404026565756,171.7809825966186,167.82002287860425,169.18997192382812,66921800,0.0,0.0
2023-09-28 00:00:00-04:00,168.1078907839796,170.77832096236608,166.40040416763804,169.4480743408203,56294400,0.0,0.0
2023-09-29 00:00:00-04:00,170.76841383641792,171.81077723148027,169.10062937476448,169.9643096923828,51814200,0.0,0.0
2023-10-02 00:00:00-04:00,169.9742035727841,173.03179529398386,169.6863051315917,172.4857940673828,52164500,0.0,0.0
2023-10-03 00:00:00-04:00,171.0066338674304,172.36667607241205,169.5771240058018,171.14561462402344,49594600,0.0,0.0
2023-10-04 00:00:00-04:00,169.8451609338146,172.94247039530038,169.7260388902924,172.39646911621094,53020300,0.0,0.0
2023-10-05 00:00:00-04:00,172.5254984313363,174.17342391765436,171.42357417816774,173.63735961914062,48527900,0.0,0.0
2023-10-06 00:00:00-04:00,172.53545399514545,176.69497045530053,171.91995474415313,176.1986083984375,57224100,0.0,0.0
2023-10-09 00:00:00-04:00,175.5235669462164,177.7472746526145,174.52092093703254,177.68771362304688,42390800,0.0,0.0
2023-10-10 00:00:00-04:00,176.8041729428218,178.4123811800482,176.65525523522464,177.09205627441406,43698000,0.0,0.0
2023-10-11 00:00:00-04:00,176.90342620076967,178.54143000452555,176.30780084757703,178.49179077148438,47551100,0.0,0.0
2023-10-12 00:00:00-04:00,178.759844529376,181.01331743803624,177.73732472140046,179.3951873779297,56743100,0.0,0.0
2023-10-13 00:00:00-04:00,180.10001451689263,180.60629838312414,176.84388049788197,177.54872131347656,51427100,0.0,0.0
2023-10-16 00:00:00-04:00,175.46397958471027,177.7770284883398,175.22572035442593,177.41964721679688,52517000,0.0,0.0
2023-10-17 00:00:00-04:00,175.3646914585386,177.12181720914745,173.52816111664285,175.86105346679688,57549400,0.0,0.0
2023-10-18 00:00:00-04:00,174.3025050887744,176.2879533547619,173.8359235344459,174.56060791015625,54764400,0.0,0.0
2023-10-19 00:00:00-04:00,174.75913147519677,176.5460377577175,173.9153251388443,174.18336486816406,59302900,0.0,0.0
2023-10-20 00:00:00-04:00,174.03445888939677,174.14365914589465,171.38388737014972,171.6221466064453,64189300,0.0,0.0
2023-10-23 00:00:00-04:00,169.66648220683237,172.7439178760632,168.69360166729962,171.74127197265625,55980100,0.0,0.0
2023-10-24 00:00:00-04:00,171.79089305137515,172.40637709061713,170.2025285754243,172.1780548095703,43816600,0.0,0.0
2023-10-25 00:00:00-04:00,170.62942613878033,171.80083332633419,169.4083645680371,169.8551025390625,57157000,0.0,0.0
2023-10-26 00:00:00-04:00,169.13038017633548,170.13304109397222,164.46458048468762,165.6757049560547,70625300,0.0,0.0
2023-10-27 00:00:00-04:00,165.6955969766749,167.7306845808466,165.6161772243234,166.99606323242188,58499100,0.0,0.0
2023-10-30 00:00:00-04:00,167.79021577395145,169.92456632823416,167.6412980843576,169.05096435546875,51131000,0.0,0.0
2023-10-31 00:00:00-04:00,168.11782995408234,169.6565401685357,166.67836791176023,169.52749633789062,44846000,0.0,0.0
2023-11-01 00:00:00-04:00,169.75580166398598,172.96229589848681,168.88219970872248,172.70419311523438,56934900,0.0,0.0
2023-11-02 00:00:00-04:00,174.2429278242073,176.48647870246754,174.18336680542194,176.27801513671875,77334800,0.0,0.0
2023-11-03 00:00:00-04:00,172.97223177840408,175.53346146527645,172.08870804185926,175.36468505859375,79763700,0.0,0.0
2023-11-06 00:00:00-05:00,175.09667927913767,178.1244756256995,174.92791800211177,177.92593383789062,63841300,0.0,0.0
2023-11-07 00:00:00-05:00,177.87627966042598,181.11256960611928,177.66781610245852,180.49708557128906,70530000,0.0,0.0
2023-11-08 00:00:00-05:00,181.02323134779837,182.1152186825965,180.26875139702054,181.55929565429688,49340300,0.0,0.0
2023-11-09 00:00:00-05:00,181.62879543623518,182.78034380026955,180.48715371155149,181.08279418945312,53763500,0.0,0.0
2023-11-10 00:00:00-05:00,182.87206148972973,185.4565506612299,182.43468499907056,185.2875518798828,66133400,0.24,0.0
2023-11-13 00:00:00-05:00,184.7110299042217,184.91976812620925,183.11063780884533,183.69711303710938,43627500,0.0,0.0
2023-11-14 00:00:00-05:00,186.579792942837,186.987349680322,185.18815428767326,186.32135009765625,60108400,0.0,0.0
2023-11-15 00:00:00-05:00,186.72890587030213,188.36905250310778,186.65931635404164,186.887939453125,53790500,0.0,0.0
2023-11-16 00:00:00-05:00,188.43864070160558,189.82034448090351,187.52411797622008,188.5778045654297,54412900,0.0,0.0
2023-11-17 00:00:00-05:00,189.11456252266416,189.24379151892643,187.44459626814825,188.5579071044922,50922700,0.0,0.0
2023-11-20 00:00:00-05:00,188.75671623264228,190.76466491067268,188.7467813740569,190.30740356445312,46505100,0.0,0.0
2023-11-21 00:00:00-05:00,190.26765186097265,190.37699597796984,188.60762038854105,189.5022430419922,38134500,0.0,0.0
2023-11-22 00:00:00-05:00,190.3471923134316,191.77858564632436,189.69112755602794,190.1682586669922,39617700,0.0,0.0
2023-11-24 00:00:00-05:00,189.73086532541635,189.76068506922263,188.1205384889839,188.83624267578125,24048300,0.0,0.0
2023-11-27 00:00:00-05:00,188.78653185384877,189.53205575999598,187.77261509452617,188.6573028564453,40552600,0.0,0.0
2023-11-28 00:00:00-05:00,188.64736172795114,189.93960615586684,188.2696247743869,189.26365661621094,38415400,0.0,0.0
2023-11-29 00:00:00-05:00,189.76069003248776,190.9435904601538,187.84221568139642,188.2398223876953,43014200,0.0,0.0
2023-11-30 00:00:00-05:00,188.70701635554832,189.1841625986753,187.06686975200412,188.8163604736328,48794400,0.0,0.0
2023-12-01 00:00:00-05:00,189.19410585978827,190.41676093068807,188.1006646303825,190.0986785888672,45679300,0.0,0.0
2023-12-04 00:00:00-05:00,188.84617430866663,188.91576382150808,186.33127483914026,188.29945373535156,43389500,0.0,0.0
2023-12-05 00:00:00-05:00,189.07482149235318,193.23980256929687,189.0449865799245,192.26565551757812,66628400,0.0,0.0
2023-12-06 00:00:00-05:00,193.28950362567244,193.5976510937421,190.9634725753497,191.17222595214844,41089700,0.0,0.0
2023-12-07 00:00:00-05:00,192.4744158469115,193.83623479668313,192.43464607405332,193.110595703125,47477700,0.0,0.0
2023-12-08 00:00:00-05:00,193.0409791518531,194.82030462884575,192.5141434931892,194.54197692871094,53377300,0.0,0.0
2023-12-11 00:00:00-05:00,191.957494748212,192.3352317119437,190.27757846347603,192.02706909179688,60943700,0.0,0.0
2023-12-12 00:00:00-05:00,191.92769665062553,193.5579084922386,190.5758125501861,193.5479736328125,52696900,0.0,0.0
2023-12-13 00:00:00-05:00,193.925682544677,196.8183190559037,193.68712459255818,196.778564453125,70404200,0.0,0.0
2023-12-14 00:00:00-05:00,196.83821410318075,198.4286561477334,194.9893140401918,196.92767333984375,66831600,0.0,0.0
2023-12-15 00:00:00-05:00,196.35111463057538,197.21591750628332,195.82427895138287,196.39088439941406,128256700,0.0,0.0
2023-12-18 00:00:00-05:00,194.9197048287757,195.45649052996882,193.2298536912898,194.7209014892578,55751900,0.0,0.0
2023-12-19 00:00:00-05:00,194.98931995291727,195.77459855586707,194.72092706706565,195.76466369628906,40714100,0.0,0.0
2023-12-20 00:00:00-05:00,195.72488988877126,196.50023361616374,193.66725158691406,193.66725158691406,52242800,0.0,0.0
2023-12-21 00:00:00-05:00,194.9296507492267,195.90379770975298,192.34516188676014,193.5181121826172,46482500,0.0,0.0
2023-12-22 00:00:00-05:00,194.01515250091973,194.24379077463595,191.8183503425399,192.44459533691406,37122800,0.0,0.0
2023-12-26 00:00:00-05:00,192.4545436986589,192.7328714561915,191.6791999215717,191.89788818359375,28919300,0.0,0.0
2023-12-27 00:00:00-05:00,191.34121910492223,192.34518593287333,189.94956524818429,191.9972686767578,48087700,0.0,0.0
2023-12-28 00:00:00-05:00,192.98135331561093,193.49825415286705,192.01714115491455,192.42469787597656,34049900,0.0,0.0
2023-12-29 00:00:00-05:00,192.7427850763616,193.23980104114617,190.58573760932344,191.38096618652344,42628800,0.0,0.0
2024-01-02 00:00:00-05:00,186.03307200647276,187.31538170646215,182.79253333369908,184.53208923339844,82488700,0.0,0.0
2024-01-03 00:00:00-05:00,183.1205708792931,184.77066759112085,182.3352771284137,183.150390625,58414500,0.0,0.0
2024-01-04 00:00:00-05:00,181.06291404030495,181.99730650228184,179.80050438167336,180.82435607910156,71983600,0.0,0.0
2024-01-05 00:00:00-05:00,180.90387243418792,181.6692660827433,179.09472708075188,180.09869384765625,62303300,0.0,0.0
2024-01-08 00:00:00-05:00,181.0032684531674,184.49233019548157,180.41679326133186,184.4525604248047,59144500,0.0,0.0
2024-01-09 00:00:00-05:00,182.82234457021028,184.04499955584959,181.63944418662982,184.03506469726562,42841800,0.0,0.0
2024-01-10 00:00:00-05:00,183.2497813853363,185.28753458558947,182.8223397938252,185.07879638671875,46792900,0.0,0.0
2024-01-11 00:00:00-05:00,185.42670336710847,185.93366934185158,182.524132048394,184.4823760986328,49128400,0.0,0.0
2024-01-12 00:00:00-05:00,184.94955813530052,185.62550766060176,184.08475530494994,184.81039428710938,40444700,0.0,0.0
2024-01-16 00:00:00-05:00,181.07284484780743,183.16030262539027,179.85017475552078,182.53407287597656,65603000,0.0,0.0
2024-01-17 00:00:00-05:00,180.18817865322478,181.83826018866833,179.2239664331644,181.58975219726562,47317400,0.0,0.0
2024-01-18 00:00:00-05:00,184.97940747954695,188.01120805146246,184.72096462518135,187.50425720214844,78005800,0.0,0.0
2024-01-19 00:00:00-05:00,188.20007624137466,190.8044351704297,187.693125392904,190.41676330566406,68741000,0.0,0.0
2024-01-22 00:00:00-05:00,191.15234200232317,194.16425751836653,191.11257223144145,192.73284912109375,60133900,0.0,0.0
2024-01-23 00:00:00-05:00,193.8561031440579,194.58174217570732,192.6732027698961,194.01513671875,42355600,0.0,0.0
2024-01-24 00:00:00-05:00,194.25371040083746,195.20798769039715,193.18015413797895,193.33920288085938,53631300,0.0,0.0
2024-01-25 00:00:00-05:00,194.0549212884663,195.0986578845498,191.95751323703675,193.0111846923828,54822100,0.0,0.0
2024-01-26 00:00:00-05:00,193.11058683739938,193.59765277461963,190.79449062577763,191.27162170410156,44594000,0.0,0.0
2024-01-29 00:00:00-05:00,190.8640821459055,191.05295065599338,188.44859162482356,190.58575439453125,47145600,0.0,0.0
2024-01-30 00:00:00-05:00,189.80045678886228,190.65532484477694,186.35116482109103,186.91775512695312,55859400,0.0,0.0
2024-01-31 00:00:00-05:00,185.92372797618197,185.98338263365994,183.24979478995033,183.2994842529297,55467800,0.0,0.0
2024-02-01 00:00:00-05:00,182.8919451500293,185.83427124755644,182.72296153753896,185.74481201171875,64885400,0.0,0.0
2024-02-02 00:00:00-05:00,178.78658786144558,186.21200777158808,178.18022776276848,184.7408447265625,102518000,0.0,0.0
2024-02-05 00:00:00-05:00,187.02710222804,188.120543422021,184.73089088840356,186.55990600585938,69668800,0.0,0.0
2024-02-06 00:00:00-05:00,185.74480203892318,188.180177168222,185.65534280788862,188.1702423095703,43490800,0.0,0.0
2024-02-07 00:00:00-05:00,189.5022417883465,189.9097985097057,187.48435823433906,188.2795867919922,53439000,0.0,0.0
2024-02-08 00:00:00-05:00,188.25971226684047,188.40881099372643,186.23189374257132,187.19610595703125,40962000,0.0,0.0
2024-02-09 00:00:00-05:00,187.76339117385248,189.09710508715864,187.11645206865865,187.96246337890625,45155200,0.24,0.0
2024-02-12 00:00:00-05:00,187.53449778464588,187.78332288230948,185.91215328801408,186.2704620361328,41781900,0.0,0.0
2024-02-13 00:00:00-05:00,184.89694454758455,185.33487911795885,182.64755610649428,184.1703643798828,56529500,0.0,0.0
2024-02-14 00:00:00-05:00,184.44906062504626,184.65806518525375,181.58259087415234,183.2845458984375,54630500,0.0,0.0
2024-02-15 00:00:00-05:00,182.68738521978767,183.62296999377594,180.4977274519665,182.9959259033203,65434500,0.0,0.0
2024-02-16 00:00:00-05:00,182.5579699194549,183.981257173353,180.81619448303394,181.45318603515625,49701400,0.0,0.0
2024-02-20 00:00:00-05:00,180.93564089848354,181.5726325042779,179.15405998428736,180.70672607421875,53665600,0.0,0.0
2024-02-21 00:00:00-05:00,181.08496152111414,182.03049388623003,179.81097819372195,181.4631805419922,41529700,0.0,0.0
2024-02-22 00:00:00-05:00,182.6177232415446,184.09077884972692,181.60252771208349,183.5035400390625,52292200,0.0,0.0
2024-02-23 00:00:00-05:00,184.1405042298665,184.17036202409395,181.37357059288817,181.66221618652344,45119700,0.0,0.0
2024-02-26 00:00:00-05:00,181.38353517321784,181.90108040317875,179.8009961275691,180.30860900878906,40867400,0.0,0.0
2024-02-27 00:00:00-05:00,180.24888975946536,183.05562869813585,178.71611879819,181.77169799804688,54318900,0.0,0.0
2024-02-28 00:00:00-05:00,181.65227187035535,182.25940572629614,179.28346722817705,180.56739807128906,48953900,0.0,0.0
2024-02-29 00:00:00-05:00,180.41810366151438,181.71199718953457,178.6862755375109,179.90054321289062,136682600,0.0,0.0
2024-03-01 00:00:00-05:00,178.70617492699984,179.68156498512658,176.54637506189474,178.81565856933594,73488000,0.0,0.0
2024-03-04 00:00:00-05:00,175.3221528407019,176.0686281128373,172.9732433768994,174.277099609375,81510100,0.0,0.0
2024-03-05 00:00:00-05:00,169.9574719243141,171.23145507958293,168.82283020205665,169.3204803466797,95132400,0.0,0.0
2024-03-06 00:00:00-05:00,170.256065044738,170.43522699407845,167.88724549652,168.32518005371094,68587700,0.0,0.0
2024-03-07 00:00:00-05:00,168.35503848083317,169.92761476617306,167.6981518296525,168.20574951171875,71765100,0.0,0.0
2024-03-08 00:00:00-05:00,168.20576217934803,172.8836708711805,168.14604658720506,169.92762756347656,76114600,0.0,0.0
2024-03-11 00:00:00-04:00,172.12725037151972,173.56048535052068,171.2414336396481,171.93814086914062,60139500,0.0,0.0
2024-03-12 00:00:00-04:00,172.3362371923594,173.2121062975323,170.20629520329734,172.41586303710938,59825400,0.0,0.0
2024-03-13 00:00:00-04:00,171.9580519129805,172.37607625258147,169.95748841772314,170.3257598876953,52488700,0.0,0.0
2024-03-14 00:00:00-04:00,172.0973925529764,173.49080701178275,171.2414336176872,172.1869659423828,72913500,0.0,0.0
2024-03-15 00:00:00-04:00,170.36554869703198,171.80873107910156,169.4896795825833,171.80873107910156,121664700,0.0,0.0
2024-03-18 00:00:00-04:00,174.7448914522954,176.87483361469177,172.70452267737835,172.90357971191406,75604200,0.0,0.0
2024-03-19 00:00:00-04:00,173.52065910891577,175.77999515234478,172.2168180823409,175.2524871826172,55215200,0.0,0.0
2024-03-20 00:00:00-04:00,174.89417408943874,177.83030700683594,174.2671300256647,177.83030700683594,53423100,0.0,0.0
2024-03-21 00:00:00-04:00,176.21791925324277,176.65585381045534,170.037097774542,170.56460571289062,106181300,0.0,0.0
2024-03-22 00:00:00-04:00,170.95279171103329,172.23673773536032,169.26078406375387,171.47035217285156,71106600,0.0,0.0
2024-03-25 00:00:00-04:00,169.76839047714014,171.13194711675717,168.65364374159117,170.0470733642578,54288300,0.0,0.0
2024-03-26 00:00:00-04:00,169.20106023000122,170.61438491064948,168.78303590364706,168.9124298095703,57388400,0.0,0.0
2024-03-27 00:00:00-04:00,169.60914876354798,172.78415954350993,169.31055559917013,172.49551391601562,60273300,0.0,0.0
2024-03-28 00:00:00-04:00,170.94283813483634,171.4205780589011,169.70866021166748,170.67410278320312,65672700,0.0,0.0
2024-04-01 00:00:00-04:00,170.38546326457012,170.4451788535061,168.68349304450714,169.2309112548828,46240500,0.0,0.0
2024-04-02 00:00:00-04:00,168.28538634231538,168.54415896803064,167.43937496323824,168.0465087890625,49329500,0.0,0.0
2024-04-03 00:00:00-04:00,167.99673277562965,169.8778497555363,167.78772821512752,168.85269165039062,47691700,0.0,0.0
2024-04-04 00:00:00-04:00,169.48968886138192,171.11203328162168,168.026611328125,168.026611328125,53704400,0.0,0.0
2024-04-05 00:00:00-04:00,168.79298281447828,169.5892261323792,168.15599119757314,168.7830352783203,42055200,0.0,0.0
2024-04-08 00:00:00-04:00,168.23561647794648,168.40481571452685,167.4493358859462,167.65834045410156,37425500,0.0,0.0
2024-04-09 00:00:00-04:00,167.90717701117094,169.2806964440478,167.55883097808936,168.87261962890625,42451200,0.0,0.0
2024-04-10 00:00:00-04:00,168.00671152069506,168.29534195603523,166.3246514051182,166.9915008544922,49709300,0.0,0.0
2024-04-11 00:00:00-04:00,167.5488670137579,174.63541624491384,167.36972023014152,174.21737670898438,91070300,0.0,0.0
2024-04-12 00:00:00-04:00,173.44102962389059,177.52176704196785,173.39127675717174,175.72027587890625,101593300,0.0,0.0
2024-04-15 00:00:00-04:00,174.53585255667426,175.7998881273465,171.68929323241036,171.87840270996094,73531800,0.0,0.0
2024-04-16 00:00:00-04:00,170.94285690412892,172.94340539530876,167.47921549696915,168.58399963378906,73711200,0.0,0.0
2024-04-17 00:00:00-04:00,168.81289870293196,169.84800441976404,167.21046447753906,167.21046447753906,50901200,0.0,0.0
2024-04-18 00:00:00-04:00,167.24029654336022,167.84743029154777,165.76725645436014,166.25494384765625,43122900,0.0,0.0
2024-04-19 00:00:00-04:00,165.42888374733738,165.6179780634261,163.3088890664717,164.2245635986328,67772100,0.0,0.0
2024-04-22 00:00:00-04:00,164.74211969252124,166.47393259764522,163.9956444231876,165.06060791015625,48116400,0.0,0.0
2024-04-23 00:00:00-04:00,164.57291251221173,166.26492000363532,164.14492548116624,166.11561584472656,49537800,0.0,0.0
2024-04-24 00:00:00-04:00,165.75732156896873,168.50436038665487,165.4288858023208,168.22567749023438,48251800,0.0,0.0
2024-04-25 00:00:00-04:00,168.73327450279362,169.80820075027214,167.3597550998357,169.09158325195312,50558300,0.0,0.0
2024-04-26 00:00:00-04:00,169.081624768213,170.53475474394267,168.38490238817732,168.5043487548828,44838400,0.0,0.0
2024-04-29 00:00:00-04:00,172.55520693212748,175.20270935632288,172.28648678772151,172.68460083007812,68169400,0.0,0.0
2024-04-30 00:00:00-04:00,172.51541154910535,174.1676137755898,169.20105955998108,169.52951049804688,65934800,0.0,0.0
2024-05-01 00:00:00-04:00,168.78303163206596,171.89832652202932,168.31523926242042,168.5043487548828,50383100,0.0,0.0
2024-05-02 00:00:00-04:00,171.69926693100732,172.6049939419865,170.08688513916925,172.21682739257812,94214900,0.0,0.0
2024-05-03 00:00:00-04:00,185.7727942523785,186.12115543095717,181.80155578938326,182.51817321777344,163224100,0.0,0.0
2024-05-06 00:00:00-04:00,181.4930249418685,183.3343214775735,179.5720873686165,180.8560333251953,78569700,0.0,0.0
2024-05-07 00:00:00-04:00,182.58785409480518,184.0310366275269,180.46787458450643,181.54278564453125,77305800,0.0,0.0
2024-05-08 00:00:00-04:00,181.9906634485607,182.20963072654146,180.5972339353124,181.8811798095703,45057100,0.0,0.0
2024-05-09 00:00:00-04:00,181.70204263297254,183.792179594264,181.2541604804327,183.70260620117188,48983000,0.0,0.0
2024-05-10 00:00:00-04:00,184.28063783698332,184.47000383075684,181.51992740382525,182.4368438720703,50759500,0.25,0.0
2024-05-13 00:00:00-04:00,184.8188233059542,186.47326635748277,184.0015628078464,185.656005859375,72044800,0.0,0.0
2024-05-14 00:00:00-04:00,186.8819036535792,187.66926595480425,185.6659889969534,186.8021697998047,52393600,0.0,0.0
2024-05-15 00:00:00-04:00,187.28056849688068,190.0113806876588,186.74236879853999,189.08450317382812,70400000,0.0,0.0
2024-05-16 00:00:00-04:00,189.83199615864385,190.45989075478766,189.02471179656044,189.2041015625,52845200,0.0,0.0
2024-05-17 00:00:00-04:00,188.87519880271202,190.17084727488813,188.54630236847427,189.23399353027344,41282900,0.0,0.0
2024-05-20 00:00:00-04:00,188.69582178398366,191.27714266640717,188.37688635675946,190.40008544921875,44361300,0.0,0.0
2024-05-21 00:00:00-04:00,190.44991454290118,192.08442053272114,190.28048580582154,191.70570373535156,42309400,0.0,0.0
2024-05-22 00:00:00-04:00,191.625965130265,192.17412585880137,189.63266445026173,190.2605438232422,34648500,0.0,0.0
2024-05-23 00:00:00-04:00,190.34027016979292,190.36020743395642,186.0048504863481,186.25401306152344,51005900,0.0,0.0
2024-05-24 00:00:00-04:00,188.1875250894915,189.94162421863646,187.41012383078694,189.3436279296875,36294600,0.0,0.0
2024-05-28 00:00:00-04:00,190.86848939299406,192.35350378297326,188.46657377923762,189.3535919189453,52280100,0.0,0.0
2024-05-29 00:00:00-04:00,188.97487295416659,191.6060292626522,188.8752018363686,189.652587890625,53068000,0.0,0.0
2024-05-30 00:00:00-04:00,190.12102272627732,191.53626445370173,189.99146851693155,190.6492462158203,49947900,0.0,0.0
2024-05-31 00:00:00-04:00,190.79873376551856,191.92495345858123,189.2738600399137,191.60601806640625,75158300,0.0,0.0
2024-06-03 00:00:00-04:00,192.25384615761888,194.33685694398167,191.8751293663799,193.38006591796875,50080500,0.0,0.0
2024-06-04 00:00:00-04:00,193.98801176077237,194.66574186569684,192.38340418619828,193.69898986816406,47471400,0.0,0.0
2024-06-05 00:00:00-04:00,194.74547082752238,196.24044634116564,194.2172473626493,195.21389770507812,54156800,0.0,0.0
2024-06-06 00:00:00-04:00,195.0345211925245,195.84180559150522,193.51960831096955,193.8285675048828,41181800,0.0,0.0
2024-06-07 00:00:00-04:00,193.99796669662618,196.28030430445062,193.48968053965237,196.23046875,53103900,0.0,0.0
2024-06-10 00:00:00-04:00,196.2404356269631,196.63910486677477,191.50634675889475,192.4730987548828,97262100,0.0,0.0
2024-06-11 00:00:00-04:00,193.00133588013964,206.46609195915696,192.9814138224934,206.45611572265625,172373300,0.0,0.0
2024-06-12 00:00:00-04:00,206.67538853844061,219.46241499269527,206.20696163392407,212.35630798339844,198134300,0.0,0.0
2024-06-13 00:00:00-04:00,214.02069454325613,216.02395620562416,210.89121315624297,213.52236938476562,97862700,0.0,0.0
2024-06-14 00:00:00-04:00,213.13367378271622,214.44924427717243,210.59221246372425,211.77822875976562,70122700,0.0,0.0
2024-06-17 00:00:00-04:00,212.65527993528355,218.21659070332575,212.0074632920053,215.94422912597656,93728300,0.0,0.0
2024-06-18 00:00:00-04:00,216.86113841241473,217.89766325641614,212.28651711595563,213.5721893310547,79943300,0.0,0.0
2024-06-20 00:00:00-04:00,213.21339445126264,213.5223688231627,208.1504242370716,208.97763061523438,86172500,0.0,0.0
2024-06-21 00:00:00-04:00,209.6852627905662,211.18023828891836,206.41625091745033,206.79498291015625,246421400,0.0,0.0
2024-06-24 00:00:00-04:00,207.02421872275744,211.9875333707341,205.89799892378585,207.44281005859375,80727000,0.0,0.0
2024-06-25 00:00:00-04:00,208.44940858434205,210.67194975002218,207.91122410230182,208.36968994140625,56713900,0.0,0.0
2024-06-26 00:00:00-04:00,210.79155216910215,214.1402980033581,209.9344322470105,212.5356903076172,66213200,0.0,0.0
2024-06-27 00:00:00-04:00,213.97087836680484,215.01736433595826,211.63872006367095,213.3828582763672,49772700,0.0,0.0
2024-06-28 00:00:00-04:00,215.0472324898511,215.34623061165473,209.5955543096767,209.9144744873047,82542700,0.0,0.0
2024-07-01 00:00:00-04:00,211.37956216985054,216.78140506529675,211.2101334408119,216.02395629882812,60402900,0.0,0.0
2024-07-02 00:00:00-04:00,215.42595595595571,219.64179766849512,214.3794853085834,219.53216552734375,58046200,0.0,0.0
2024-07-03 00:00:00-04:00,219.26308073535034,220.80789184570312,218.29632866276663,220.80789184570312,37369800,0.0,0.0
2024-07-05 00:00:00-04:00,220.90754038733803,225.69146503075916,220.90754038733803,225.5818328857422,60412400,0.0,0.0
2024-07-08 00:00:00-04:00,226.32931907748747,227.08678305881674,222.50218547217585,227.056884765625,59085900,0.0,0.0
2024-07-09 00:00:00-04:00,227.1664984715379,228.631575647805,225.6117264169712,227.9139862060547,48076100,0.0,0.0
2024-07-10 00:00:00-04:00,228.5319341376685,232.29927134034506,228.48209857735924,232.19960021972656,62627700,0.0,0.0
2024-07-11 00:00:00-04:00,230.61492037011672,231.61157070495582,225.01375035477759,226.80772399902344,64710600,0.0,0.0
2024-07-12 00:00:00-04:00,228.1531925563972,231.86073301422448,227.91399100155513,229.76776123046875,53046500,0.0,0.0
2024-07-15 00:00:00-04:00,235.68787221439834,236.43535998230433,232.3092281117703,233.61483764648438,62631300,0.0,0.0
2024-07-16 00:00:00-04:00,234.2128217621178,235.47857190808813,231.55176727169922,234.03343200683594,43234300,0.0,0.0
2024-07-17 00:00:00-04:00,228.68140979310064,230.68468664215072,225.88082486496336,228.1133270263672,57345900,0.0,0.0
2024-07-18 00:00:00-04:00,229.50865061099643,229.66811832325195,221.52548646122014,223.4290771484375,66034600,0.0,0.0
2024-07-19 00:00:00-04:00,224.06692564873424,226.04028896611686,222.5320756847993,223.55862426757812,49151500,0.0,0.0
2024-07-22 00:00:00-04:00,226.24957960487185,227.01700459563804,222.34271224556252,223.20980834960938,48201800,0.0,0.0
2024-07-23 00:00:00-04:00,223.61843101438217,226.17982967750157,221.93408951337017,224.25628662109375,39960300,0.0,0.0
2024-07-24 00:00:00-04:00,223.24968592545983,224.04700927387208,216.40270265661363,217.80796813964844,61777600,0.0,0.0
2024-07-25 00:00:00-04:00,218.19665359620475,220.11023564894725,213.9010930254534,216.76148986816406,51391200,0.0,0.0
2024-07-26 00:00:00-04:00,217.96741565742542,218.75477790382115,215.2864239407029,217.2299041748047,41601300,0.0,0.0
2024-07-29 00:00:00-04:00,216.23326096996,218.5654190781,215.0273073866339,217.50897216796875,36311800,0.0,0.0
2024-07-30 00:00:00-04:00,218.45578591171193,219.59196666736065,215.3960621319004,218.0670928955078,41643800,0.0,0.0
2024-07-31 00:00:00-04:00,220.6982497488722,223.07028238181744,219.89096542123676,221.3361053466797,50036300,0.0,0.0
2024-08-01 00:00:00-04:00,223.61843367222977,223.72806581879624,216.29306274041448,217.62857055664062,62501000,0.0,0.0
2024-08-02 00:00:00-04:00,218.41592196270943,224.84432899946665,216.98075820790513,219.12355041503906,105568600,0.0,0.0
2024-08-05 00:00:00-04:00,198.42310739676375,212.7848420736874,195.34346157584417,208.5690155029297,119548600,0.0,0.0
2024-08-06 00:00:00-04:00,204.612330181792,209.28662299148326,200.39650324752455,206.53585815429688,69660500,0.0,0.0
2024-08-07 00:00:00-04:00,206.2069550428707,212.9243839975228,205.69866882998738,209.1171875,63516400,0.0,0.0
2024-08-08 00:00:00-04:00,212.39614722358988,213.4824924067945,208.13048513245963,212.59547424316406,47161100,0.0,0.0
2024-08-09 00:00:00-04:00,211.38955402452135,216.05387055494424,211.259984607228,215.51568603515625,42201600,0.0,0.0
2024-08-12 00:00:00-04:00,215.59550663031672,219.02793942662467,215.12653755613,217.0522918701172,38028100,0.25,0.0
2024-08-13 00:00:00-04:00,218.52902632127157,221.40270642093424,218.52902632127157,220.78407287597656,44155300,0.0,0.0
2024-08-14 00:00:00-04:00,220.08562480803565,222.54021400164925,219.21752501736546,221.23309326171875,41960600,0.0,0.0
2024-08-15 00:00:00-04:00,224.10676986474735,224.8551228159093,222.27079905335071,224.22650146484375,46414000,0.0,0.0
2024-08-16 00:00:00-04:00,223.42826155403992,226.33187474025672,223.15885022096822,225.5535888671875,44340200,0.0,0.0
2024-08-19 00:00:00-04:00,225.2243113108782,225.4937226434457,222.5501887780633,225.39393615722656,40687800,0.0,0.0
2024-08-20 00:00:00-04:00,225.27420804373648,226.6711275207631,224.95490346311303,226.0125732421875,30299000,0.0,0.0
2024-08-21 00:00:00-04:00,226.02254833732334,227.47933353511345,224.5557753561492,225.90280151367188,34765500,0.0,0.0
2024-08-22 00:00:00-04:00,227.28976176117078,227.8385569948794,223.4083048904395,224.03692626953125,43695300,0.0,0.0
2024-08-23 00:00:00-04:00,225.16444130741013,227.7188169640382,223.83736023691762,226.3418426513672,38677300,0.0,0.0
2024-08-26 00:00:00-04:00,226.2620154817008,226.7808777924977,223.39832305195915,226.68109130859375,30602200,0.0,0.0
2024-08-27 00:00:00-04:00,225.5036798955901,228.3474270817302,224.39611696496783,227.5292205810547,35934600,0.0,0.0
2024-08-28 00:00:00-04:00,227.4194670399241,229.35520907583674,225.18438078371824,225.99261474609375,38052200,0.0,0.0
2024-08-29 00:00:00-04:00,229.59470189609323,232.4085012026452,228.37737982242845,229.28536987304688,51906300,0.0,0.0
2024-08-30 00:00:00-04:00,229.6844899472923,229.89402024722435,226.98043458769098,228.49710083007812,52990800,0.0,0.0
2024-09-03 00:00:00-04:00,228.04808224732741,228.49709095305272,220.68428466242796,222.28077697753906,50190600,0.0,0.0
2024-09-04 00:00:00-04:00,221.17322424578342,221.29295584608857,217.0023958735564,220.36500549316406,43840200,0.0,0.0
2024-09-05 00:00:00-04:00,221.14327916881817,224.98481497811864,221.03352013282222,221.89163208007812,36615400,0.0,0.0
2024-09-06 00:00:00-04:00,223.4581991238727,224.74537478911404,219.28738577978086,220.3350830078125,48423000,0.0,0.0
2024-09-09 00:00:00-04:00,220.33506702469683,220.7840757397734,216.23409233980902,220.42486572265625,67180000,0.0,0.0
2024-09-10 00:00:00-04:00,218.4392435287618,220.99361925876318,216.25405039598212,219.6266326904297,51591000,0.0,0.0
2024-09-11 00:00:00-04:00,220.9736588702828,222.6000688776049,217.4114916314568,222.1710205078125,44587100,0.0,0.0
2024-09-12 00:00:00-04:00,222.01136566399225,223.059062794204,219.33725854525207,222.28077697753906,37498200,0.0,0.0
2024-09-13 00:00:00-04:00,223.08901316997165,223.5479944694599,221.42268236911949,222.01138305664062,36766600,0.0,0.0
2024-09-16 00:00:00-04:00,216.0644583037111,216.74297289953918,213.4502168549942,215.84495544433594,59357400,0.0,0.0
2024-09-17 00:00:00-04:00,215.27619443719672,216.42366284814068,214.02893954474482,216.31390380859375,45519300,0.0,0.0
2024-09-18 00:00:00-04:00,217.07224903728172,222.22092099435915,217.06226125375574,220.20535278320312,59894900,0.0,0.0
2024-09-19 00:00:00-04:00,224.49591687958383,229.31531179988679,224.1367068474718,228.3673858642578,66781300,0.0,0.0
2024-09-20 00:00:00-04:00,229.46496974860833,232.57811312113958,227.12012443578536,227.6988525390625,318679900,0.0,0.0
2024-09-23 00:00:00-04:00,226.8407407931877,228.94610768522742,225.31410200503296,225.97265625,54146000,0.0,0.0
2024-09-24 00:00:00-04:00,228.14786961487798,228.8463445678705,225.2342838755063,226.8706817626953,43556100,0.0,0.0
2024-09-25 00:00:00-04:00,224.43603888049125,226.79085685048213,223.52804884217394,225.8728790283203,42308700,0.0,0.0
2024-09-26 00:00:00-04:00,226.80083714120576,227.99819881641105,224.9149883158055,227.02035522460938,36636700,0.0,0.0
2024-09-27 00:00:00-04:00,227.9582911728241,229.01596089620384,226.80083496693393,227.2897491455078,34026000,0.0,0.0
2024-09-30 00:00:00-04:00,229.53482055042815,232.4883270263672,229.14567760776433,232.4883270263672,54541900,0.0,0.0
2024-10-01 00:00:00-04:00,229.01597026460064,229.14567442683443,223.24866456606327,225.71324157714844,63285000,0.0,0.0
2024-10-02 00:00:00-04:00,225.39393750024195,226.8706831083472,222.5302449869956,226.281982421875,32880600,0.0,0.0
2024-10-03 00:00:00-04:00,224.64557310138042,226.3119038145279,222.82957789090332,225.17440795898438,34044200,0.0,0.0
2024-10-04 00:00:00-04:00,227.39951613756347,227.49930262356304,223.63780617480538,226.30194091796875,37245100,0.0,0.0
2024-10-07 00:00:00-04:00,224.0069821228032,225.1943712346882,220.84394549402703,221.20315551757812,39505400,0.0,0.0
2024-10-08 00:00:00-04:00,223.80742742544692,225.4837307412941,222.75973024040246,225.27420043945312,31855700,0.0,0.0
2024-10-09 00:00:00-04:00,224.73538646570117,229.24546472466872,224.33627096325682,229.03591918945312,33591100,0.0,0.0
2024-10-10 00:00:00-04:00,227.27979028338342,228.99601435408132,226.67112924406288,228.53701782226562,28183500,0.0,0.0
2024-10-11 00:00:00-04:00,228.79644988971887,228.9062089337624,226.84074743911052,227.05029296875,31759200,0.0,0.0
2024-10-14 00:00:00-04:00,228.19775690140833,231.22110160659443,228.09798564307096,230.79205322265625,39882100,0.0,0.0
2024-10-15 00:00:00-04:00,233.0969778733182,236.9684620133565,231.85969551276995,233.33645629882812,64751400,0.0,0.0
2024-10-16 00:00:00-04:00,231.09139869260778,231.61024577942743,229.33525401328018,231.27099609375,34082200,0.0,0.0
2024-10-17 00:00:00-04:00,232.9173703418766,233.3364614020046,230.0137723986246,231.6401824951172,32993800,0.0,0.0
2024-10-18 00:00:00-04:00,235.66131853389138,235.66131853389138,233.4960858911256,234.48391723632812,46431500,0.0,0.0
2024-10-21 00:00:00-04:00,233.9351372634737,236.32987592195377,233.9351372634737,235.96067810058594,36254500,0.0,0.0
2024-10-22 00:00:00-04:00,233.376366009758,235.70125104779564,232.08920560922664,235.342041015625,38846600,0.0,0.0
2024-10-23 00:00:00-04:00,233.56595129753524,234.62362105235994,227.25982300232985,230.25323486328125,52287000,0.0,0.0
2024-10-24 00:00:00-04:00,229.47495899723685,230.3131259260407,227.90841463888628,230.0636749267578,31109500,0.0,0.0
2024-10-25 00:00:00-04:00,229.23547896644118,232.7078323586645,229.0658541264054,230.9018096923828,38802300,0.0,0.0
2024-10-28 00:00:00-04:00,232.80762499530724,234.21451699403664,232.03931169048735,232.88743591308594,36087100,0.0,0.0
2024-10-29 00:00:00-04:00,232.58810476348472,233.815399347975,231.8098189074392,233.15684509277344,35417200,0.0,0.0
2024-10-30 00:00:00-04:00,232.09916306464564,232.95727501758805,229.04588560251634,229.5946807861328,47070900,0.0,0.0
2024-10-31 00:00:00-04:00,228.83635490362704,229.325284321648,224.8750719925984,225.4138946533203,64370100,0.0,0.0
2024-11-01 00:00:00-04:00,220.48472918772245,224.8551151455125,219.78626950218685,222.42047119140625,65276700,0.0,0.0
2024-11-04 00:00:00-05:00,220.5046966292777,222.3007315284092,219.2275088130919,221.52244567871094,44944500,0.0,0.0
2024-11-05 00:00:00-05:00,221.31291912362707,223.45819152571042,220.65436486265338,222.95928955078125,28111300,0.0,0.0
2024-11-06 00:00:00-05:00,222.12113695305962,225.5735453041769,220.7042571772517,222.23089599609375,54561100,0.0,0.0
2024-11-07 00:00:00-05:00,224.13670611072257,227.37956894750107,224.0768403097807,226.98043823242188,42137700,0.0,0.0
2024-11-08 00:00:00-05:00,226.92049995960826,228.4088689967903,226.16134014604208,226.7107391357422,38328800,0.25,0.0
2024-11-11 00:00:00-05:00,224.7528927426808,225.45212091614073,221.25673663335022,223.98373413085938,42005600,0.0,0.0
2024-11-12 00:00:00-05:00,224.30339000560164,225.34224111445195,223.11469448970428,223.98373413085938,40398300,0.0,0.0
2024-11-13 00:00:00-05:00,223.76397540644066,226.4010754152989,222.5153482196322,224.8727569580078,48566200,0.0,0.0
2024-11-14 00:00:00-05:00,224.77287777547028,228.61864039722624,224.7528954725484,227.9693603515625,44923900,0.0,0.0
2024-11-15 00:00:00-05:00,226.15134020310103,226.67077335813082,224.023689933323,224.7528839111328,47923700,0.0,0.0
2024-11-18 00:00:00-05:00,225.00261496304853,229.4876892234719,224.92270099550518,227.7695770263672,44686000,0.0,0.0
2024-11-19 00:00:00-05:00,226.73070634208972,229.90722171238716,226.41106572007726,228.02928161621094,36211800,0.0,0.0
2024-11-20 00:00:00-05:00,227.80951934283004,229.67746064503265,225.64190448211673,228.7484893798828,35169600,0.0,0.0
2024-11-21 00:00:00-05:00,228.6286329426038,229.90722593821596,225.46211628612434,228.26902770996094,42108300,0.0,0.0
2024-11-22 00:00:00-05:00,227.80952873867182,230.46661102927646,227.80952873867182,229.61753845214844,38168300,0.0,0.0
2024-11-25 00:00:00-05:00,231.2058026888721,232.99383009111634,229.48769048234254,232.61424255371094,90152800,0.0,0.0
2024-11-26 00:00:00-05:00,233.07373841155265,235.31128373473052,233.07373841155265,234.8018341064453,45986200,0.0,0.0
2024-11-27 00:00:00-05:00,234.21249554010248,235.43115689965902,233.55321672420507,234.67198181152344,33498400,0.0,0.0
2024-11-29 00:00:00-05:00,234.55211454995276,237.5488197625333,233.71304074851764,237.06935119628906,28481400,0.0,0.0
2024-12-02 00:00:00-05:00,237.00941446483552,240.52553753151284,236.89953466637493,239.3268585205078,48137100,0.0,0.0
2024-12-03 00:00:00-05:00,239.54662188503684,242.49337894569658,238.6376176509325,242.3834991455078,38861000,0.0,0.0
2024-12-04 00:00:00-05:00,242.60325739533934,243.84190102311462,240.9850414761411,242.74310302734375,44383900,0.0,0.0
2024-12-05 00:00:00-05:00,243.72204013219255,244.2714238935446,241.86408229295347,242.7730712890625,40033900,0.0,0.0
2024-12-06 00:00:00-05:00,242.6432183998472,244.3613305629988,241.8141281502541,242.5732879638672,36870600,0.0,0.0
2024-12-09 00:00:00-05:00,241.56440918324205,246.96847124510987,241.48449521514058,246.47900390625,44649200,0.0,0.0
2024-12-10 00:00:00-05:00,246.61884065291167,247.93739821602466,245.0705399660552,247.4978790283203,36914800,0.0,0.0
2024-12-11 00:00:00-05:00,247.68767076725757,250.52454792031958,245.98952569372008,246.2192840576172,45205800,0.0,0.0
2024-12-12 00:00:00-05:00,246.61885092340057,248.46682524629017,245.41017310687806,247.68768310546875,32777500,0.0,0.0
2024-12-13 00:00:00-05:00,247.54782582286595,249.01619729452798,245.96955931284188,247.85748291015625,33155300,0.0,0.0
2024-12-16 00:00:00-05:00,247.71764416028498,251.10392039685559,247.3780059899919,250.7642822265625,51694800,0.0,0.0
2024-12-17 00:00:00-05:00,249.80533943156328,253.5512208135588,249.50566587259755,253.20159912109375,51356400,0.0,0.0
2024-12-18 00:00:00-05:00,251.88305927654196,254.0007260278641,247.46791553993853,247.77757263183594,56774100,0.0,0.0
2024-12-19 00:00:00-05:00,247.22817727073837,251.72323503929724,246.81862390484895,249.51565551757812,60882300,0.0,0.0
2024-12-20 00:00:00-05:00,247.76758181309805,254.71994465608725,245.42017186050566,254.21051025390625,147495300,0.0,0.0
2024-12-23 00:00:00-05:00,254.49020366493687,255.36922684225433,253.17164603591402,254.98965454101562,40858800,0.0,0.0
2024-12-24 00:00:00-05:00,255.2094124344067,257.92641115938613,255.0096198916901,257.91644287109375,23234700,0.0,0.0
2024-12-26 00:00:00-05:00,257.90642916266114,259.81433504408284,257.34704665632455,258.7355041503906,27237100,0.0,0.0
2024-12-27 00:00:00-05:00,257.54682582842287,258.41589596104086,252.78207543596488,255.30929565429688,42355300,0.0,0.0
2024-12-30 00:00:00-05:00,251.95298524244893,253.22159473829512,250.47461491371794,251.9230194091797,35557500,0.0,0.0
2024-12-31 00:00:00-05:00,252.16275955239965,253.00183336212825,249.15605553782555,250.1449737548828,39480700,0.0,0.0
2025-01-02 00:00:00-05:00,248.65660659999048,248.826433311358,241.55442975303322,243.5821990966797,55740700,0.0,0.0
2025-01-03 00:00:00-05:00,243.0927276611328,243.91181916074598,241.624340886356,243.0927276611328,40244100,0.0,0.0
2025-01-06 00:00:00-05:00,244.04168187374515,247.05836939894766,242.93290033169586,244.73092651367188,45045600,0.0,0.0
2025-01-07 00:00:00-05:00,242.71314361950866,245.28032844029428,241.08494412707995,241.94400024414062,40856000,0.0,0.0
2025-01-08 00:00:00-05:00,241.65429905026372,243.44234164075266,239.78635773622742,242.43344116210938,37628900,0.0,0.0
2025-01-10 00:00:00-05:00,239.7463920626497,239.8962364632009,232.74409661721964,236.58987426757812,61710900,0.0,0.0
2025-01-13 00:00:00-05:00,233.27352322575203,234.41227060505477,229.46771001708314,234.14256286621094,49630700,0.0,0.0
2025-01-14 00:00:00-05:00,234.49217517741417,235.8606656353981,232.21468051006943,233.02378845214844,39435300,0.0,0.0
2025-01-15 00:00:00-05:00,234.38230107288462,238.6975638581554,234.17252500331003,237.60874938964844,39832000,0.0,0.0
2025-01-16 00:00:00-05:00,237.089336348529,237.74859991927732,227.7795647267042,228.00930786132812,71759100,0.0,0.0
2025-01-17 00:00:00-05:00,231.86506609768284,232.03487756376998,228.22906438809179,229.7274169921875,68488300,0.0,0.0
2025-01-21 00:00:00-05:00,223.75398423747347,224.17352112887505,219.13906319002535,222.39547729492188,98070400,0.0,0.0
2025-01-22 00:00:00-05:00,219.54859611049605,223.87384226456615,219.54859611049605,223.58416748046875,64126500,0.0,0.0
2025-01-23 00:00:00-05:00,224.493183388126,226.78066167492807,222.05586069453574,223.41436767578125,60234800,0.0,0.0
2025-01-24 00:00:00-05:00,224.53312753788666,225.38220009721186,221.16683361690275,222.5353240966797,54697900,0.0,0.0
2025-01-27 00:00:00-05:00,223.77396171163917,231.89502211760887,223.73399710835045,229.6075439453125,94863400,0.0,0.0
2025-01-28 00:00:00-05:00,230.59647127201654,239.9262098046868,230.55650666713984,237.99832153320312,75707600,0.0,0.0
2025-01-29 00:00:00-05:00,233.86287156365174,239.5965730646729,233.75299176206667,239.0971221923828,45486100,0.0,0.0
2025-01-30 00:00:00-05:00,238.40787147181928,240.52553823889048,236.94948349745044,237.3290557861328,55658300,0.0,0.0
2025-01-31 00:00:00-05:00,246.91852728753366,246.91852728753366,233.18362815459494,235.74081420898438,101075100,0.0,0.0
2025-02-03 00:00:00-05:00,229.73741895869952,231.5753945205246,225.45212191586603,227.75958251953125,73063300,0.0,0.0
2025-02-04 00:00:00-05:00,227.00041910872287,232.87396618357337,226.40107197135944,232.54432678222656,45067300,0.0,0.0
2025-02-05 00:00:00-05:00,228.27901582634638,232.4144684638066,228.0193068583431,232.21469116210938,39620300,0.0,0.0
2025-02-06 00:00:00-05:00,231.0359788855247,233.54323203112875,230.17692277145878,232.9638671875,29925300,0.0,0.0
2025-02-07 00:00:00-05:00,232.3445476829273,233.74300400322835,227.0104008794231,227.3800048828125,39707200,0.0,0.0
2025-02-10 00:00:00-05:00,229.57000732421875,230.58999633789062,227.1999969482422,227.64999389648438,33115600,0.25,0.0
2025-02-11 00:00:00-05:00,228.1999969482422,235.22999572753906,228.1300048828125,232.6199951171875,53718400,0.0,0.0
2025-02-12 00:00:00-05:00,231.1999969482422,236.9600067138672,230.67999267578125,236.8699951171875,45243300,0.0,0.0
2025-02-13 00:00:00-05:00,236.91000366210938,242.33999633789062,235.57000732421875,241.52999877929688,53614100,0.0,0.0
2025-02-14 00:00:00-05:00,241.25,245.5500030517578,240.99000549316406,244.60000610351562,40896200,0.0,0.0
2025-02-18 00:00:00-05:00,244.14999389648438,245.17999267578125,241.83999633789062,244.47000122070312,48822500,0.0,0.0
2025-02-19 00:00:00-05:00,244.66000366210938,246.00999450683594,243.16000366210938,244.8699951171875,32204200,0.0,0.0
2025-02-20 00:00:00-05:00,244.94000244140625,246.77999877929688,244.2899932861328,245.8300018310547,32316900,0.0,0.0
2025-02-21 00:00:00-05:00,245.9499969482422,248.69000244140625,245.22000122070312,245.5500030517578,53197400,0.0,0.0
2025-02-24 00:00:00-05:00,244.92999267578125,248.86000061035156,244.4199981689453,247.10000610351562,51326400,0.0,0.0
2025-02-25 00:00:00-05:00,248.0,250.0,244.91000366210938,247.0399932861328,48013300,0.0,0.0
2025-02-26 00:00:00-05:00,244.3300018310547,244.97999572753906,239.1300048828125,240.36000061035156,44433600,0.0,0.0
2025-02-27 00:00:00-05:00,239.41000366210938,242.4600067138672,237.05999755859375,237.3000030517578,41153600,0.0,0.0
2025-02-28 00:00:00-05:00,236.9499969482422,242.08999633789062,230.1999969482422,241.83999633789062,56833400,0.0,0.0
2025-03-03 00:00:00-05:00,241.7899932861328,244.02999877929688,236.11000061035156,238.02999877929688,47184000,0.0,0.0
2025-03-04 00:00:00-05:00,237.7100067138672,240.07000732421875,234.67999267578125,235.92999267578125,53798100,0.0,0.0
2025-03-05 00:00:00-05:00,235.4199981689453,236.5500030517578,229.22999572753906,235.74000549316406,47227600,0.0,0.0
2025-03-06 00:00:00-05:00,234.44000244140625,237.86000061035156,233.16000366210938,235.3300018310547,45170400,0.0,0.0
2025-03-07 00:00:00-05:00,235.11000061035156,241.3699951171875,234.75999450683594,239.07000732421875,46273600,0.0,0.0
2025-03-10 00:00:00-04:00,235.5399932861328,236.16000366210938,224.22000122070312,227.47999572753906,72071200,0.0,0.0
2025-03-11 00:00:00-04:00,223.80999755859375,225.83999633789062,217.4499969482422,220.83999633789062,76137400,0.0,0.0
2025-03-12 00:00:00-04:00,220.13999938964844,221.75,214.91000366210938,216.97999572753906,62547500,0.0,0.0
2025-03-13 00:00:00-04:00,215.9499969482422,216.83999633789062,208.4199981689453,209.67999267578125,61368300,0.0,0.0
2025-03-14 00:00:00-04:00,211.25,213.9499969482422,209.5800018310547,213.49000549316406,60060200,0.0,0.0
