Date,Open,High,Low,Close,Volume,Dividends,Stock Splits
2020-03-16 00:00:00-04:00,54.22126801964199,57.0009775285844,53.100128996168905,53.39472198486328,96520000,0.0,0.0
2020-03-17 00:00:00-04:00,54.27252988977044,56.03211522774084,52.20541290761247,55.63700485229492,83194000,0.0,0.0
2020-03-18 00:00:00-04:00,52.7448309388167,54.98661171058381,51.60328544362562,54.299896240234375,93044000,0.0,0.0
2020-03-19 00:00:00-04:00,54.15210150102109,57.35628400103994,52.526374852540556,55.31902313232422,74064000,0.0,0.0
2020-03-20 00:00:00-04:00,56.275944586197916,56.6531428302749,52.85231423228287,53.1563606262207,82878000,0.0,0.0
2020-03-23 00:00:00-04:00,52.5671779570536,53.09167079517627,50.20347875276499,52.455711364746094,83672000,0.0,0.0
2020-03-24 00:00:00-04:00,54.93635331479006,56.39686943848624,54.06302620724,56.231658935546875,72468000,0.0,0.0
2020-03-25 00:00:00-04:00,55.961448858891174,57.03581063497772,53.892840020620554,54.818912506103516,90324000,0.0,0.0
2020-03-26 00:00:00-04:00,55.47079504467959,58.29529241748378,54.34169466002882,57.869327545166016,76562000,0.0,0.0
2020-03-27 00:00:00-04:00,56.10526532209489,57.27865627332936,54.93734899052884,55.24885940551758,62794000,0.0,0.0
2020-03-30 00:00:00-04:00,56.36253564444081,57.276166921251175,54.663159753328635,57.042781829833984,58736000,0.0,0.0
2020-03-31 00:00:00-04:00,57.163206051055234,58.39083443927487,56.56556134705665,57.82106018066406,65228000,0.0,0.0
2020-04-01 00:00:00-04:00,55.932587259759686,56.20229768361806,54.41434472078375,54.842796325683594,51970000,0.0,0.0
2020-04-02 00:00:00-04:00,54.73829694635717,55.87137990575334,54.396433162480456,55.58574676513672,56410000,0.0,0.0
2020-04-03 00:00:00-04:00,55.47029994298398,55.6733278436525,53.49822958250269,54.37503433227539,51374000,0.0,0.0
2020-04-06 00:00:00-04:00,56.3804517940451,59.25420957181764,55.98235353914818,58.87800979614258,63320000,0.0,0.0
2020-04-07 00:00:00-04:00,60.560960685506046,60.748567018759054,58.58242097642709,58.846656799316406,61620000,0.0,0.0
2020-04-08 00:00:00-04:00,59.868771468332326,60.45596430381323,58.915826954161616,60.062843322753906,40334000,0.0,0.0
2020-04-09 00:00:00-04:00,60.6191822762662,60.80877419619722,59.33730885263395,60.04144287109375,54028000,0.0,0.0
2020-04-13 00:00:00-04:00,59.78915284931368,60.43705624337838,58.83521365989364,60.2325325012207,38702000,0.0,0.0
2020-04-14 00:00:00-04:00,61.703500286214066,63.48398554877324,61.13471691802692,62.96049118041992,63358000,0.0,0.0
2020-04-15 00:00:00-04:00,62.028941883647406,63.45213792906103,61.40641842523156,62.56587600708008,42236000,0.0,0.0
2020-04-16 00:00:00-04:00,63.05553213901334,63.365053153788786,61.61541867517127,62.57234191894531,57896000,0.0,0.0
2020-04-17 00:00:00-04:00,63.78006595578862,64.19309218879452,62.99880134225195,63.64570999145508,51050000,0.0,0.0
2020-04-20 00:00:00-04:00,63.19237866612476,63.53723033913038,62.52307795892024,62.7574577331543,35292000,0.0,0.0
2020-04-21 00:00:00-04:00,61.839850264512044,62.20261405697776,59.96331995092656,60.319618225097656,49648000,0.0,0.0
2020-04-22 00:00:00-04:00,61.76022700362581,63.689502669146925,61.56565781052298,62.62111282348633,46296000,0.0,0.0
2020-04-23 00:00:00-04:00,62.98586521952871,64.10103609301092,62.72660667994224,63.256072998046875,34202000,0.0,0.0
2020-04-24 00:00:00-04:00,62.45142034269284,63.581519212126466,61.904038134854936,63.526283264160156,37402000,0.0,0.0
2020-04-27 00:00:00-04:00,64.29261611187121,64.39711983752524,62.95202534102773,63.24064636230469,44186000,0.0,0.0
2020-04-28 00:00:00-04:00,63.85471970338385,63.93234388907775,61.22628337783574,61.33625793457031,80700000,0.0,0.0
2020-04-29 00:00:00-04:00,66.93000841508254,67.6839037451793,66.02085713189535,66.78968048095703,108358000,0.0,0.0
2020-04-30 00:00:00-04:00,66.2512539359075,67.17881846187733,65.76059592377868,67.01460266113281,55842000,0.0,0.0
2020-05-01 00:00:00-04:00,65.88949505277964,67.24999519424537,65.17143137584672,65.55260467529297,48872000,0.0,0.0
2020-05-04 00:00:00-04:00,65.09528785583291,65.90840178406958,64.49216850017636,65.83026885986328,30806000,0.0,0.0
2020-05-05 00:00:00-04:00,66.55680253405266,68.22432931665637,66.43389313502436,67.13005828857422,39666000,0.0,0.0
2020-05-06 00:00:00-04:00,67.57692744131023,68.10888436553431,66.93648799437084,66.951416015625,31732000,0.0,0.0
2020-05-07 00:00:00-04:00,67.74162698307182,68.47263673969645,67.30521401409817,68.13822937011719,30652000,0.0,0.0
2020-05-08 00:00:00-04:00,68.7622572406244,69.4997287699174,68.27408972188776,68.88765716552734,33326000,0.0,0.0
2020-05-11 00:00:00-04:00,68.51194548372064,70.43972524742269,68.44775348367992,69.84556579589844,32718000,0.0,0.0
2020-05-12 00:00:00-04:00,70.07596337218183,70.38000593206229,68.39848246678474,68.43182373046875,33918000,0.0,0.0
2020-05-13 00:00:00-04:00,68.48059978522438,68.93692187825766,66.0845538197152,67.09571838378906,40368000,0.0,0.0
2020-05-14 00:00:00-04:00,66.35874795285368,67.545571123171,65.85017778912353,67.52019500732422,36660000,0.0,0.0
2020-05-15 00:00:00-04:00,67.09223444201076,68.40196688173432,66.63143246758034,68.32633209228516,41544000,0.0,0.0
2020-05-18 00:00:00-04:00,67.75506542085085,69.30664542495049,67.38781793513687,68.92945098876953,47094000,0.0,0.0
2020-05-19 00:00:00-04:00,68.94437777014069,69.29320440850012,68.36116757338164,68.39301300048828,31586000,0.0,0.0
2020-05-20 00:00:00-04:00,69.12749997341068,70.26556016251162,69.04091594784161,70.12274169921875,38262000,0.0,0.0
2020-05-21 00:00:00-04:00,70.21380448437766,70.4860016339979,69.38775204331579,70.00281524658203,30894000,0.0,0.0
2020-05-22 00:00:00-04:00,69.86100197282914,70.51288417543044,69.46539424513811,70.3257827758789,28544000,0.0,0.0
2020-05-26 00:00:00-04:00,71.75494334516371,71.9116951445939,70.63231222745613,70.73033905029297,44590000,0.0,0.0
2020-05-27 00:00:00-04:00,70.66216836000463,70.92839736595668,69.39821460494831,70.67610168457031,31684000,0.0,0.0
2020-05-28 00:00:00-04:00,69.66692194094234,71.87934390822512,69.6211431898544,70.5745849609375,35170000,0.0,0.0
2020-05-29 00:00:00-04:00,70.68357225874094,71.49469683728731,70.4621348843293,71.3349609375,37044000,0.0,0.0
2020-06-01 00:00:00-04:00,70.94580806681581,71.73602869916792,70.77561651245831,71.4021224975586,25162000,0.0,0.0
2020-06-02 00:00:00-04:00,71.40859947866784,71.8066977191186,70.74228284294568,71.7723617553711,23442000,0.0,0.0
2020-06-03 00:00:00-04:00,71.79176648096278,72.10576361612307,71.24040169551722,71.62008666992188,27732000,0.0,0.0
2020-06-04 00:00:00-04:00,71.497177182306,71.72310206654205,69.96599963959787,70.37852478027344,26982000,0.0,0.0
2020-06-05 00:00:00-04:00,70.44520752119047,71.97091804138051,70.04611456061043,71.65840911865234,42642000,0.0,0.0
2020-06-08 00:00:00-04:00,70.97468213654459,72.10527089418974,70.88510641927735,72.05750274658203,33878000,0.0,0.0
2020-06-09 00:00:00-04:00,71.91816171630913,73.04079279119881,71.77484210279437,72.25852966308594,33624000,0.0,0.0
2020-06-10 00:00:00-04:00,72.72780206476915,73.28811920086862,72.37200489751277,72.88654327392578,31762000,0.0,0.0
2020-06-11 00:00:00-04:00,71.70867022307195,72.2346589692547,69.5878130130695,69.76148223876953,47144000,0.0,0.0
2020-06-12 00:00:00-04:00,70.95376958003494,71.38421437179544,68.96030198853704,70.30985260009766,36676000,0.0,0.0
2020-06-15 00:00:00-04:00,69.14393211467979,70.91098145927349,69.0299749795907,70.6989974975586,30468000,0.0,0.0
2020-06-16 00:00:00-04:00,72.10526358516627,72.51182051857924,71.10952825884952,71.9793701171875,30648000,0.0,0.0
2020-06-17 00:00:00-04:00,72.30133456430534,72.76212896872691,71.415068821233,72.28142547607422,30610000,0.0,0.0
2020-06-18 00:00:00-04:00,72.14757151661824,72.30282748663723,70.9726846629474,71.36481475830078,34862000,0.0,0.0
2020-06-19 00:00:00-04:00,71.6574175755616,71.88134548686659,70.61241053201405,70.89307403564453,52784000,0.0,0.0
2020-06-22 00:00:00-04:00,70.91147505867174,72.20230067860511,70.62185934811,72.1878662109375,29442000,0.0,0.0
2020-06-23 00:00:00-04:00,72.25455152562985,73.40903563217812,71.90621842213413,72.85070037841797,37752000,0.0,0.0
2020-06-24 00:00:00-04:00,72.81587541071586,73.43839511149096,71.15979153173976,71.29415130615234,31592000,0.0,0.0
2020-06-25 00:00:00-04:00,71.22049025097112,71.77284971319233,70.63926944685834,71.71214294433594,23958000,0.0,0.0
2020-06-26 00:00:00-04:00,71.29066762558381,71.5091209058233,67.42763609824557,67.80284118652344,97640000,0.0,0.0
2020-06-29 00:00:00-04:00,67.69336296671155,69.56740658298106,67.2609287443365,69.5261001586914,45074000,0.0,0.0
2020-06-30 00:00:00-04:00,69.51167404146442,70.86121720110151,69.0165360541645,70.56513214111328,40286000,0.0,0.0
2020-07-01 00:00:00-04:00,70.62087178372437,72.07939857823143,70.37255487483583,71.7569351196289,42182000,0.0,0.0
2020-07-02 00:00:00-04:00,72.24659051474603,74.07186348298605,72.20826818037254,73.14678192138672,57218000,0.0,0.0
2020-07-06 00:00:00-04:00,74.05345615982517,75.14075662187608,73.49761142237459,74.62571716308594,44712000,0.0,0.0
2020-07-07 00:00:00-04:00,74.45055656016098,75.70406216918913,74.13058365914364,74.14153289794922,42364000,0.0,0.0
2020-07-08 00:00:00-04:00,74.68294763540767,75.19898179852746,74.25996682154751,74.82228088378906,31766000,0.0,0.0
2020-07-09 00:00:00-04:00,75.13727741838821,76.0932098651604,74.42369372179377,75.57170104980469,41836000,0.0,0.0
2020-07-10 00:00:00-04:00,75.30248471212418,76.70030474090636,74.67897031172721,76.58435821533203,35918000,0.0,0.0
2020-07-13 00:00:00-04:00,77.12825841563946,78.44297203416643,74.96958014308842,75.2517318725586,42954000,0.0,0.0
2020-07-14 00:00:00-04:00,74.28434999897787,75.77770617369718,73.94297977071558,75.68116760253906,38108000,0.0,0.0
2020-07-15 00:00:00-04:00,75.79910266825213,76.45098479184617,74.53514900176111,75.48311614990234,31026000,0.0,0.0
2020-07-16 00:00:00-04:00,74.71777710977885,75.43485358407806,74.05942561326644,75.38558959960938,26484000,0.0,0.0
2020-07-17 00:00:00-04:00,75.48460487369971,75.80905769154303,74.5485816531521,75.48162078857422,34264000,0.0,0.0
2020-07-20 00:00:00-04:00,75.38957192669334,78.07722309236132,74.77750030048323,77.81995391845703,30166000,0.0,0.0
2020-07-21 00:00:00-04:00,78.87440678042151,78.97492413472274,77.26161122175375,77.42582702636719,27486000,0.0,0.0
2020-07-22 00:00:00-04:00,77.4153749127673,77.97619307910186,76.7943435285577,77.87020111083984,24482000,0.0,0.0
2020-07-23 00:00:00-04:00,77.92395335639043,78.14390246974544,75.0705906466516,75.47665405273438,33910000,0.0,0.0
2020-07-24 00:00:00-04:00,74.6028386333552,75.41097153590187,74.02559650691151,75.05168914794922,29902000,0.0,0.0
2020-07-27 00:00:00-04:00,75.30298784991724,76.51220308106483,75.25670794866738,76.10763549804688,27124000,0.0,0.0
2020-07-28 00:00:00-04:00,75.88718593599701,75.93744461336621,74.6690109658058,74.82476806640625,30910000,0.0,0.0
2020-07-29 00:00:00-04:00,74.89193888511915,76.30169506581362,74.79290978342082,75.81303405761719,22676000,0.0,0.0
2020-07-30 00:00:00-04:00,74.5421129020531,76.67790540720966,74.40277966422465,76.55250549316406,36042000,0.0,0.0
2020-07-31 00:00:00-04:00,74.49633198454498,74.89293435330026,72.3540702273074,74.04349517822266,91468000,0.0,0.0
2020-08-03 00:00:00-04:00,74.1952746917589,74.530168009216,73.2358571600964,73.78523254394531,45482000,0.0,0.0
2020-08-04 00:00:00-04:00,73.98180262852239,74.3002797145422,72.85319570585015,73.31449127197266,37212000,0.0,0.0
2020-08-05 00:00:00-04:00,73.48966050340952,74.14552151348077,73.21098639334856,73.60261535644531,29134000,0.0,0.0
2020-08-06 00:00:00-04:00,73.45630713721422,74.9551379108816,73.24481674977106,74.88945007324219,33306000,0.0,0.0
2020-08-07 00:00:00-04:00,75.09298915592936,75.64285813461413,73.95990233635366,74.56202697753906,27718000,0.0,0.0
2020-08-10 00:00:00-04:00,74.18531593243594,74.99892327445139,73.5229781582979,74.4848861694336,20546000,0.0,0.0
2020-08-11 00:00:00-04:00,74.34456082208418,75.1626557930458,73.55782532310258,73.67476654052734,31098000,0.0,0.0
2020-08-12 00:00:00-04:00,74.00220039154834,75.22386058442733,73.8967019688904,75.00341033935547,22512000,0.0,0.0
2020-08-13 00:00:00-04:00,75.05168292534601,76.48284418729223,75.05168292534601,75.47167205810547,22388000,0.0,0.0
2020-08-14 00:00:00-04:00,75.32040392648128,75.62793939616182,74.59338041774163,74.87354278564453,21942000,0.0,0.0
2020-08-17 00:00:00-04:00,75.43783887619192,75.82648373152185,74.891948664715,75.4512710571289,19990000,0.0,0.0
2020-08-18 00:00:00-04:00,75.9429161837234,77.4979814068608,75.72147884435643,77.41886138916016,28378000,0.0,0.0
2020-08-19 00:00:00-04:00,77.25514432932671,78.06975406339483,76.63361934240044,76.86302185058594,30472000,0.0,0.0
2020-08-20 00:00:00-04:00,76.6321208147601,78.63255890802547,76.357934257102,78.43749237060547,26382000,0.0,0.0
2020-08-21 00:00:00-04:00,78.21605349977197,79.21528172540805,77.74381628283706,78.4036636352539,34838000,0.0,0.0
2020-08-24 00:00:00-04:00,79.2446345587043,80.05626022081937,78.37728319040286,78.88037872314453,25638000,0.0,0.0
2020-08-25 00:00:00-04:00,78.62907393281236,80.06122982776336,78.51860203471604,79.91045379638672,25150000,0.0,0.0
2020-08-26 00:00:00-04:00,79.9328510423612,82.24629173884453,79.6681178662997,81.81534576416016,52188000,0.0,0.0
2020-08-27 00:00:00-04:00,81.93874268986407,82.0074146085972,80.55535736545121,81.0385513305664,31350000,0.0,0.0
2020-08-28 00:00:00-04:00,81.08583513332398,81.67700292551035,80.89375267803553,81.58145904541016,22418000,0.0,0.0
2020-08-31 00:00:00-04:00,81.78747703645925,81.8337569351286,80.87982154060386,81.08882141113281,26422000,0.0,0.0
2020-09-01 00:00:00-04:00,81.21969391487622,82.56625290159603,81.08881937616468,82.36023712158203,22652000,0.0,0.0
2020-09-02 00:00:00-04:00,83.00365344587165,85.89433583929082,82.61451509252599,85.46090698242188,49522000,0.0,0.0
2020-09-03 00:00:00-04:00,84.57166962599298,84.59555749578361,80.0030120217837,81.08782958984375,63726000,0.0,0.0
2020-09-04 00:00:00-04:00,80.06719518429374,81.36051134331882,76.53259571351683,78.68431091308594,55850000,0.0,0.0
2020-09-08 00:00:00-04:00,75.88718676343119,77.40741495849956,75.4642059639063,75.81752014160156,54032000,0.0,0.0
2020-09-09 00:00:00-04:00,77.07649937472567,77.56516041610428,75.89564445564935,76.99340057373047,39242000,0.0,0.0
2020-09-10 00:00:00-04:00,77.14019418699958,78.30860397286067,75.63837173852811,75.9394302368164,33024000,0.0,0.0
2020-09-11 00:00:00-04:00,76.04393489459162,76.56892127073058,74.29579252540272,75.42738342285156,30706000,0.0,0.0
2020-09-14 00:00:00-04:00,76.21809682607592,77.47956754747086,74.89741517443528,75.08252716064453,42660000,0.0,0.0
2020-09-15 00:00:00-04:00,76.03100168037477,77.18050476355,75.7428817865187,76.39077758789062,23042000,0.0,0.0
2020-09-16 00:00:00-04:00,76.75702925240749,77.34869819515173,75.21987604229885,75.24475860595703,22128000,0.0,0.0
2020-09-17 00:00:00-04:00,73.93700680508756,74.5764514754621,72.77506627110589,73.99821472167969,40008000,0.0,0.0
2020-09-18 00:00:00-04:00,74.06092595393991,74.40428561995024,71.24041080982535,72.20927429199219,63056000,0.0,0.0
2020-09-21 00:00:00-04:00,71.24040107533145,71.66039017863206,69.80028765833156,71.16675567626953,56908000,0.0,0.0
2020-09-22 00:00:00-04:00,72.17095367719028,72.85020894355684,71.13490659228187,72.64369201660156,33950000,0.0,0.0
2020-09-23 00:00:00-04:00,72.25904476222462,72.3083087533273,69.80030235301848,70.13420104980469,37726000,0.0,0.0
2020-09-24 00:00:00-04:00,69.80029502305186,71.55738984301792,69.77391661874877,70.80448913574219,34552000,0.0,0.0
2020-09-25 00:00:00-04:00,70.91347406076004,71.95299885267112,70.04910673612386,71.61064147949219,30326000,0.0,0.0
2020-09-28 00:00:00-04:00,73.2493005572153,73.29905809078035,71.96991766342995,72.58596801757812,30784000,0.0,0.0
2020-09-29 00:00:00-04:00,72.84722744607932,73.24979803297072,72.35407885679199,72.95222473144531,31816000,0.0,0.0
2020-09-30 00:00:00-04:00,72.69942714285969,73.95641806188155,72.4416644288499,72.93132019042969,40924000,0.0,0.0
2020-10-01 00:00:00-04:00,73.8300263530017,74.39781505967089,73.48865608307334,74.041015625,32884000,0.0,0.0
2020-10-02 00:00:00-04:00,72.63423408285196,73.59961978967594,72.02315723124129,72.4336929321289,31222000,0.0,0.0
2020-10-05 00:00:00-04:00,72.78452509611937,73.88178015904693,72.65713577801895,73.78872680664062,21602000,0.0,0.0
2020-10-06 00:00:00-04:00,73.42396260503759,73.87281305634009,71.90671854148451,72.2057876586914,26096000,0.0,0.0
2020-10-07 00:00:00-04:00,72.61831435660335,73.09901783970815,71.32051821827476,72.60985565185547,36108000,0.0,0.0
2020-10-08 00:00:00-04:00,72.9238486190655,74.04747434340368,72.9238486190655,73.81857299804688,26076000,0.0,0.0
2020-10-09 00:00:00-04:00,74.28783048431298,75.23281359404584,73.99622536956137,75.16314697265625,32966000,0.0,0.0
2020-10-12 00:00:00-04:00,76.53408949683731,79.04308997579452,76.10115418697416,77.85726165771484,55344000,0.0,0.0
2020-10-13 00:00:00-04:00,78.47531921079461,78.88088147808016,77.56069322963157,77.98068237304688,39072000,0.0,0.0
2020-10-14 00:00:00-04:00,78.35539239500633,78.81568566560401,76.92721520969711,77.80004119873047,33174000,0.0,0.0
2020-10-15 00:00:00-04:00,76.85754457892119,78.1961459815944,76.6898511386174,77.40343475341797,31210000,0.0,0.0
2020-10-16 00:00:00-04:00,77.71992528911265,78.51014601215543,77.51242125898598,78.01203155517578,34194000,0.0,0.0
2020-10-19 00:00:00-04:00,78.42157124529685,78.8196694818718,75.78368541921667,76.13350677490234,29734000,0.0,0.0
2020-10-20 00:00:00-04:00,75.79313062853842,78.31756019656119,75.663250798659,77.18497467041016,41670000,0.0,0.0
2020-10-21 00:00:00-04:00,78.11901324505759,80.37274164690493,77.98415993197221,78.92217254638672,60322000,0.0,0.0
2020-10-22 00:00:00-04:00,78.87291283355273,80.28714906559912,78.49870246258452,79.95075988769531,30512000,0.0,0.0
2020-10-23 00:00:00-04:00,80.36827170244585,81.31723367329468,80.21201344374147,81.26050567626953,30548000,0.0,0.0
2020-10-26 00:00:00-04:00,80.36577109765061,81.0912986260321,78.01600527143772,78.83757781982422,35826000,0.0,0.0
2020-10-27 00:00:00-04:00,79.0684835060431,79.7188698570278,78.47432400613587,79.56361389160156,25902000,0.0,0.0
2020-10-28 00:00:00-04:00,77.13173899969712,77.32082977436303,75.06511950680083,75.1805648803711,45174000,0.0,0.0
2020-10-29 00:00:00-04:00,75.49008904960587,79.05902493913851,75.46670232352432,77.4736099243164,55406000,0.0,0.0
2020-10-30 00:00:00-04:00,82.9752986633924,83.66599669620678,79.6974670927325,80.42100524902344,99878000,0.0,0.0
2020-11-02 00:00:00-05:00,80.79075106483944,82.51749631331757,80.32795964779757,80.8295669555664,44228000,0.0,0.0
2020-11-03 00:00:00-05:00,81.15002919883526,82.55530560123552,80.22196347188766,81.8914794921875,31432000,0.0,0.0
2020-11-04 00:00:00-05:00,84.87322803918391,88.08039850699622,84.74484402888567,86.87715148925781,71342000,0.0,0.0
2020-11-05 00:00:00-05:00,88.10128853896713,89.16470868146271,86.63728722934314,87.70568084716797,39758000,0.0,0.0
2020-11-06 00:00:00-05:00,87.15034201344257,88.00426119806104,86.42082805664543,87.5678482055664,28622000,0.0,0.0
2020-11-09 00:00:00-05:00,89.37172942956123,90.41224892592894,87.45937099735275,87.65194702148438,53440000,0.0,0.0
2020-11-10 00:00:00-05:00,86.07697225473657,87.55042699948584,85.39771699789287,86.47257995605469,43022000,0.0,0.0
2020-11-11 00:00:00-05:00,87.00403991084542,87.72558872689356,86.73831204017266,86.9458236694336,31838000,0.0,0.0
2020-11-12 00:00:00-05:00,86.68555885766379,87.82909374585917,86.4850176966425,86.72636413574219,26474000,0.0,0.0
2020-11-13 00:00:00-05:00,86.98414224807286,88.43370925899141,86.38600394064356,88.19136810302734,29744000,0.0,0.0
2020-11-16 00:00:00-05:00,87.78728795856988,89.29010509610572,87.64745357983485,88.27943420410156,25468000,0.0,0.0
2020-11-17 00:00:00-05:00,87.97240956400461,88.43420627207988,87.55590565351672,87.66388702392578,21314000,0.0,0.0
2020-11-18 00:00:00-05:00,87.41407824980085,87.83008859204216,86.51487388443644,86.61788177490234,20108000,0.0,0.0
2020-11-19 00:00:00-05:00,86.24913938873961,87.75494059780603,86.08940351781334,87.5101089477539,20106000,0.0,0.0
2020-11-20 00:00:00-05:00,87.68080204637623,87.99728973201321,86.33722711990116,86.40589904785156,27694000,0.0,0.0
2020-11-23 00:00:00-05:00,86.59698652310462,86.88411171935121,85.10213442110361,85.96699523925781,22530000,0.0,0.0
2020-11-24 00:00:00-05:00,85.96400518776338,87.90372884612593,85.62711488726808,87.77534484863281,27984000,0.0,0.0
2020-11-25 00:00:00-05:00,87.96992677839849,88.09780964483882,87.00205044426856,87.78679656982422,19600000,0.0,0.0
2020-11-27 00:00:00-05:00,87.80720509406507,89.42298494626067,87.80720509406507,88.92585754394531,14790000,0.0,0.0
2020-11-30 00:00:00-05:00,88.36005672195728,88.59343800936252,86.97617007706756,87.3026123046875,32418000,0.0,0.0
2020-12-01 00:00:00-05:00,87.91269649674737,90.65259560668585,87.73205682491009,89.34086608886719,37350000,0.0,0.0
2020-12-02 00:00:00-05:00,89.34086108236198,91.20097123321783,88.83378679699169,90.81431579589844,29424000,0.0,0.0
2020-12-03 00:00:00-05:00,90.59386856488703,91.7528249369962,90.41770883643426,90.65856170654297,24728000,0.0,0.0
2020-12-04 00:00:00-05:00,90.57795250226489,91.03974159674597,90.24802504868616,90.75411224365234,20544000,0.0,0.0
2020-12-07 00:00:00-05:00,90.3455593451508,91.02929453535916,89.72303966576968,90.4192123413086,22288000,0.0,0.0
2020-12-08 00:00:00-05:00,89.99573229455972,90.36645741383805,89.13783439851386,90.13555908203125,19936000,0.0,0.0
2020-12-09 00:00:00-05:00,90.0872919795764,90.98351223219328,87.680798116927,88.47002410888672,31728000,0.0,0.0
2020-12-10 00:00:00-05:00,87.71065884956633,88.32721036727966,86.26407601856937,87.96195983886719,28688000,0.0,0.0
2020-12-11 00:00:00-05:00,87.58127983483229,88.44266302397321,87.22000808817418,88.31775665283203,18628000,0.0,0.0
2020-12-14 00:00:00-05:00,88.11473355341082,89.06418903296934,87.040364108191,87.19612121582031,33050000,0.0,0.0
2020-12-15 00:00:00-05:00,87.5743106561317,87.78032644405529,86.6691456825734,87.63502502441406,21352000,0.0,0.0
2020-12-16 00:00:00-05:00,88.03460918058066,88.03460918058066,87.03688443498345,87.44144439697266,24676000,0.0,0.0
2020-12-17 00:00:00-05:00,87.77684541122197,87.91518395961303,86.14564417431515,86.61141204833984,34880000,0.0,0.0
2020-12-18 00:00:00-05:00,86.89307321652835,87.00204928080858,85.34198664274719,85.90031433105469,85256000,0.0,0.0
2020-12-21 00:00:00-05:00,85.04987336205363,86.43674400893833,84.29697273920598,86.31532287597656,33974000,0.0,0.0
2020-12-22 00:00:00-05:00,86.05507600610828,86.21829712216855,84.88318089123128,85.60174560546875,20370000,0.0,0.0
2020-12-23 00:00:00-05:00,85.78636235138065,86.7905564056755,85.65050674333652,86.00033569335938,22974000,0.0,0.0
2020-12-24 00:00:00-05:00,86.03864981343406,86.70596113529743,85.80725791931836,86.29542541503906,9312000,0.0,0.0
2020-12-28 00:00:00-05:00,86.83036709367283,88.92485327877053,86.67660697371885,88.27595520019531,27650000,0.0,0.0
2020-12-29 00:00:00-05:00,88.93629459670905,88.99799605880231,87.33793363515886,87.46980285644531,19726000,0.0,0.0
2020-12-30 00:00:00-05:00,87.83008941804188,87.96743327328805,85.9888935947524,86.39942932128906,21026000,0.0,0.0
2020-12-31 00:00:00-05:00,86.45019743700115,87.4568821302475,86.39147245478249,87.21504211425781,21070000,0.0,0.0
2021-01-04 00:00:00-05:00,87.58128228878026,87.705186375187,84.9508603421397,85.89584350585938,37324000,0.0,0.0
2021-01-05 00:00:00-05:00,85.84408949685165,86.92591538334669,85.4365378377414,86.58853149414062,20360000,0.0,0.0
2021-01-06 00:00:00-05:00,84.60849276055802,86.78359483694405,84.40148228115612,85.7341079711914,46588000,0.0,0.0
2021-01-07 00:00:00-05:00,85.92718285176521,88.4680365310176,85.92718285176521,88.29486846923828,41936000,0.0,0.0
2021-01-08 00:00:00-05:00,88.43520016542561,89.53991920335396,87.64198775015869,89.46378326416016,35484000,0.0,0.0
2021-01-11 00:00:00-05:00,88.42821928421255,88.79447206113275,87.19014290740792,87.39665222167969,34796000,0.0,0.0
2021-01-12 00:00:00-05:00,86.85275048203393,87.97438678522597,85.41064774837153,86.45813751220703,29528000,0.0,0.0
2021-01-13 00:00:00-05:00,85.95504377665199,87.40163405662189,85.95504377665199,86.94680786132812,23432000,0.0,0.0
2021-01-14 00:00:00-05:00,87.02742201402309,87.95698355407666,85.89284698308188,86.13419342041016,29212000,0.0,0.0
2021-01-15 00:00:00-05:00,86.03964495454214,86.9652201288953,85.17826937574225,85.96997833251953,31444000,0.0,0.0
2021-01-19 00:00:00-05:00,86.73532987197649,89.76285543674072,86.22925023510878,88.79896545410156,41660000,0.0,0.0
2021-01-20 00:00:00-05:00,90.88398401260814,94.53403661408476,90.54262136383335,93.55621337890625,64152000,0.0,0.0
2021-01-21 00:00:00-05:00,94.23198512960039,96.14433582290614,93.52336737446421,93.75923919677734,58634000,0.0,0.0
2021-01-22 00:00:00-05:00,94.12300340016309,94.76642687711758,93.37856141985232,94.17774200439453,32744000,0.0,0.0
2021-01-25 00:00:00-05:00,95.18194086238829,95.63378300769853,92.51568723527677,94.2633285522461,50586000,0.0,0.0
2021-01-26 00:00:00-05:00,93.85080553412007,95.33172432985599,93.36015508295559,94.9435806274414,31462000,0.0,0.0
2021-01-27 00:00:00-05:00,93.29943585845615,93.57611294856794,89.43640469162729,90.51425170898438,82512000,0.0,0.0
2021-01-28 00:00:00-05:00,91.11438957910407,93.95032603866761,91.11438957910407,92.21910858154297,55278000,0.0,0.0
2021-01-29 00:00:00-05:00,91.26465847682226,91.9374443781488,89.64938764556791,90.93324279785156,44530000,0.0,0.0
2021-02-01 00:00:00-05:00,91.79065524466398,95.32127620814629,91.79065524466398,94.203125,40252000,0.0,0.0
2021-02-02 00:00:00-05:00,95.20134574308125,97.00472029972896,94.864948984388,95.49942016601562,66332000,0.0,0.0
2021-02-03 00:00:00-05:00,102.78907115194251,104.82981339283204,100.19845235959038,102.45417022705078,97882000,0.0,0.0
2021-02-04 00:00:00-05:00,102.540764123293,102.97269721505859,101.27083451563523,102.19293212890625,48596000,0.0,0.0
2021-02-05 00:00:00-05:00,102.48801214016696,104.29835730952522,102.01228969427049,103.94454956054688,29866000,0.0,0.0
2021-02-08 00:00:00-05:00,104.5003912566402,105.24682262275905,102.67661395971716,103.73007202148438,28828000,0.0,0.0
2021-02-09 00:00:00-05:00,103.24638671715729,104.42624701601513,103.00753080078664,103.27574920654297,21892000,0.0,0.0
2021-02-10 00:00:00-05:00,103.66140099776602,104.44465886939685,102.12375419248004,103.82760620117188,25102000,0.0,0.0
2021-02-11 00:00:00-05:00,104.05253475798568,104.20181495570792,102.9507998216224,103.94056701660156,20480000,0.0,0.0
2021-02-12 00:00:00-05:00,103.49369709094493,104.4754990480609,103.18516699146085,104.25306701660156,18990000,0.0,0.0
2021-02-16 00:00:00-05:00,104.08985083401521,106.74665100433805,104.08985083401521,105.03284454345703,31004000,0.0,0.0
2021-02-17 00:00:00-05:00,104.20082360362122,105.61705688193443,103.92066885530663,105.42696380615234,20294000,0.0,0.0
2021-02-18 00:00:00-05:00,104.7492008701628,105.59466134200437,104.16847356656038,104.78950500488281,22546000,0.0,0.0
2021-02-19 00:00:00-05:00,104.88803968550147,105.42497002735199,103.67583285853799,103.94355010986328,37938000,0.0,0.0
2021-02-22 00:00:00-05:00,102.19142592861978,103.52156862841372,101.9127594460567,102.2242660522461,29466000,0.0,0.0
2021-02-23 00:00:00-05:00,100.22034834099647,103.13192706841954,99.03799761049386,102.515869140625,34658000,0.0,0.0
2021-02-24 00:00:00-05:00,101.01903323255493,103.91916932842446,100.89413445514002,103.69474029541016,22608000,0.0,0.0
2021-02-25 00:00:00-05:00,102.30737526556467,103.65443541183306,99.8471374044302,100.31788635253906,41548000,0.0,0.0
2021-02-26 00:00:00-05:00,101.01455143205975,102.33672899960698,99.57443795504803,100.61446380615234,40042000,0.0,0.0
2021-03-01 00:00:00-05:00,101.91276872031038,103.31755164395297,101.23699864205244,102.99061584472656,26060000,0.0,0.0
2021-03-02 00:00:00-05:00,102.75076122777436,104.23865060479181,102.34421183570448,102.73284912109375,25564000,0.0,0.0
2021-03-03 00:00:00-05:00,102.10932019598754,103.30559666179923,99.22560051221559,100.09196472167969,33892000,0.0,0.0
2021-03-04 00:00:00-05:00,100.26414000545678,103.2359320208371,99.79438576387756,101.21260833740234,49216000,0.0,0.0
2021-03-05 00:00:00-05:00,102.56713188273565,104.80890881591917,100.90656818815047,104.35458374023438,53100000,0.0,0.0
2021-03-08 00:00:00-05:00,103.70718066935261,105.1841130113127,99.78244045183496,99.89739227294922,36868000,0.0,0.0
2021-03-09 00:00:00-05:00,101.99985649737614,102.70498149056634,101.29571860628272,101.53258514404297,33920000,0.0,0.0
2021-03-10 00:00:00-05:00,102.57957360663178,102.57957360663178,100.4860820835291,101.3250732421875,27100000,0.0,0.0
2021-03-11 00:00:00-05:00,102.42133087333761,105.06120607468662,102.3332510030716,104.52725982666016,27702000,0.0,0.0
2021-03-12 00:00:00-05:00,103.3265033264315,103.3862154039543,101.13746797988055,102.01228332519531,33818000,0.0,0.0
2021-03-15 00:00:00-04:00,101.76248163409007,102.2605960962489,100.90707420357886,102.23323059082031,26168000,0.0,0.0
2021-03-16 00:00:00-04:00,102.80796963518604,105.18112207475404,102.47456457642897,103.69871520996094,31900000,0.0,0.0
2021-03-17 00:00:00-04:00,102.93139470774005,104.45062828158466,101.7196889799892,103.6156234741211,26382000,0.0,0.0
2021-03-18 00:00:00-04:00,101.92170738689737,102.94531691253769,100.47860990910638,100.58609771728516,31700000,0.0,0.0
2021-03-19 00:00:00-04:00,101.00361343504876,101.36736812748497,99.66998543614636,100.86576843261719,46072000,0.0,0.0
2021-03-22 00:00:00-04:00,100.8991044723601,101.92967690737808,100.22084392102161,101.05137634277344,33536000,0.0,0.0
2021-03-23 00:00:00-04:00,101.51216913992992,102.71442137006943,100.91751613583496,101.58084106445312,28510000,0.0,0.0
2021-03-24 00:00:00-04:00,102.0998561026989,102.88808737106272,100.96727052737164,101.14293670654297,25218000,0.0,0.0
2021-03-25 00:00:00-04:00,100.96976727628024,101.79531864173497,99.3296061913516,101.13945770263672,35616000,0.0,0.0
2021-03-26 00:00:00-04:00,101.10611608171759,101.48430522777333,99.71576014468108,100.75479888916016,27978000,0.0,0.0
2021-03-29 00:00:00-04:00,100.62691385736701,101.97297935978399,99.79538668638868,101.80278778076172,26492000,0.0,0.0
2021-03-30 00:00:00-04:00,102.16058348544357,102.64277524960562,101.3230881306347,101.83663177490234,27312000,0.0,0.0
2021-03-31 00:00:00-04:00,102.23124089496714,103.81666342143662,101.86299868830717,102.63530731201172,42570000,0.0,0.0
2021-04-01 00:00:00-04:00,104.11473323039297,106.27937953528678,104.0739279531472,105.9822998046875,39880000,0.0,0.0
2021-04-05 00:00:00-04:00,106.8466666341186,110.91919881705677,106.75012806081834,110.42008209228516,48510000,0.0,0.0
2021-04-06 00:00:00-04:00,110.0199908055745,110.86993113753334,109.56566574641188,109.93738555908203,35240000,0.0,0.0
2021-04-07 00:00:00-04:00,110.1284834267162,111.69101279528321,110.1284834267162,111.41881561279297,24134000,0.0,0.0
2021-04-08 00:00:00-04:00,112.66136812813146,113.04901826963554,111.61686235050232,111.98609924316406,28664000,0.0,0.0
2021-04-09 00:00:00-04:00,111.73778354175396,113.15749430132121,111.3307254796189,112.99327850341797,26146000,0.0,0.0
2021-04-12 00:00:00-04:00,112.16972932737352,112.30756673978856,110.86098386360136,111.69699096679688,25024000,0.0,0.0
2021-04-13 00:00:00-04:00,112.01397146501857,112.6350029225419,111.61885729411927,112.18515014648438,25682000,0.0,0.0
2021-04-14 00:00:00-04:00,112.83204797289153,112.83204797289153,111.26902518096547,111.56211853027344,21002000,0.0,0.0
2021-04-15 00:00:00-04:00,112.5593610414897,114.25375956725094,112.02292426332264,113.71881103515625,29174000,0.0,0.0
2021-04-16 00:00:00-04:00,113.91736311962295,114.16617356571902,113.00572128065846,113.59440612792969,26282000,0.0,0.0
2021-04-19 00:00:00-04:00,112.96890689363877,114.656335032915,112.96890689363877,113.94324493408203,30290000,0.0,0.0
2021-04-20 00:00:00-04:00,114.32790173001689,114.40304297259718,112.3190124548569,113.4083023071289,22288000,0.0,0.0
2021-04-21 00:00:00-04:00,113.06195417608703,113.45756186880061,111.706928921232,113.37545776367188,23204000,0.0,0.0
2021-04-22 00:00:00-04:00,113.2286569817641,113.89945354326824,111.48300504001658,112.09010314941406,24146000,0.0,0.0
2021-04-23 00:00:00-04:00,112.81066024801429,114.75735454893425,112.52452973965524,114.44932556152344,29066000,0.0,0.0
2021-04-26 00:00:00-04:00,114.67773209539389,115.67347506131698,114.31944443209228,114.94694519042969,32038000,0.0,0.0
2021-04-27 00:00:00-04:00,115.33010833149295,115.37091360814864,113.76409384172325,114.00395202636719,44386000,0.0,0.0
2021-04-28 00:00:00-04:00,119.05579837072018,120.99054864114056,117.10114660558713,117.39076232910156,81106000,0.0,0.0
2021-04-29 00:00:00-04:00,118.89308224360096,119.63602837600928,118.12773648841575,119.06874084472656,41234000,0.0,0.0
2021-04-30 00:00:00-04:00,117.83762526818644,118.52583278569314,116.76973276121194,117.11508178710938,44856000,0.0,0.0
2021-05-03 00:00:00-04:00,117.68286337787097,118.51090528759072,116.21936316034822,116.5965576171875,28242000,0.0,0.0
2021-05-04 00:00:00-04:00,115.12708626405683,115.69636320160089,112.29711784271197,114.79268646240234,44818000,0.0,0.0
2021-05-05 00:00:00-04:00,115.87750091536309,116.19448215391392,114.86484054405638,115.18779754638672,26636000,0.0,0.0
2021-05-06 00:00:00-04:00,114.76780169468033,116.3114242553711,114.10646611417098,116.3114242553711,25190000,0.0,0.0
2021-05-07 00:00:00-04:00,117.63211859133375,117.99836383214105,116.74983157385965,117.03695678710938,28898000,0.0,0.0
2021-05-10 00:00:00-04:00,115.85310540353551,115.99543032094336,113.68347806009943,114.04226684570312,30914000,0.0,0.0
2021-05-11 00:00:00-04:00,111.61985500008853,113.47149891287674,111.1645276228982,112.96292877197266,34186000,0.0,0.0
2021-05-12 00:00:00-04:00,110.7798698646749,111.86418624163223,109.15911669437793,109.4890365600586,46376000,0.0,0.0
2021-05-13 00:00:00-04:00,110.77638288716878,111.43921428648419,109.8109971320314,110.92169189453125,33204000,0.0,0.0
2021-05-14 00:00:00-04:00,112.38966888294074,113.69243847189597,111.96469870491363,113.37694549560547,31996000,0.0,0.0
2021-05-17 00:00:00-04:00,112.63997266332655,113.94423815039278,112.2388903348768,113.90144348144531,21598000,0.0,0.0
2021-05-18 00:00:00-04:00,114.56975107464842,114.83498539001295,112.5713022709001,112.58523559570312,22204000,0.0,0.0
2021-05-19 00:00:00-04:00,110.89133502717809,113.20825325301088,110.74254838311828,113.03458404541016,23684000,0.0,0.0
2021-05-20 00:00:00-04:00,114.0049543138836,115.04995367632121,113.63273332390318,114.79866027832031,32352000,0.0,0.0
2021-05-21 00:00:00-04:00,115.31916082166767,115.39281381561896,113.92034619778136,114.16069793701172,40632000,0.0,0.0
2021-05-24 00:00:00-04:00,115.19376457687339,117.71470921979483,115.04796201657045,117.49028778076172,31832000,0.0,0.0
2021-05-25 00:00:00-04:00,118.03566966770956,118.63281319725134,117.18971570143435,117.58134460449219,22440000,0.0,0.0
2021-05-26 00:00:00-04:00,117.76298535487912,118.88114420700485,117.76000126939165,118.44921112060547,21572000,0.0,0.0
2021-05-27 00:00:00-04:00,118.88412246880004,118.88412246880004,117.25242764141713,117.5718994140625,35224000,0.0,0.0
2021-05-28 00:00:00-04:00,118.15610588776825,118.23820999772704,117.08273872898874,117.28178405761719,21482000,0.0,0.0
2021-06-01 00:00:00-04:00,118.1570905828654,118.71790875952479,117.15388368433689,118.49248504638672,23354000,0.0,0.0
2021-06-02 00:00:00-04:00,118.88909332605556,119.11252766020083,117.05834561985145,117.96551513671875,21158000,0.0,0.0
2021-06-03 00:00:00-04:00,116.7284216987851,117.29023457883467,115.92177715899341,116.82048034667969,18696000,0.0,0.0
2021-06-04 00:00:00-04:00,117.89983175465898,119.3807505682356,117.55846149793184,119.10904693603516,24458000,0.0,0.0
2021-06-07 00:00:00-04:00,118.90352644161484,119.65344300832813,118.48353732486014,119.54346466064453,24120000,0.0,0.0
2021-06-08 00:00:00-04:00,120.02666352139211,120.40037275616211,119.16925910663717,119.35138702392578,24240000,0.0,0.0
2021-06-09 00:00:00-04:00,119.9977964011233,120.06994596281687,119.27475179338707,119.82412719726562,17942000,0.0,0.0
2021-06-10 00:00:00-04:00,119.77336645278285,121.22045035217171,119.61711580354225,121.17715454101562,25904000,0.0,0.0
2021-06-11 00:00:00-04:00,121.41950536835986,121.50509470935228,120.37250900118785,120.93183898925781,21958000,0.0,0.0
2021-06-14 00:00:00-04:00,121.03434903831184,121.8633857019183,120.32474413314641,121.8628921508789,22098000,0.0,0.0
2021-06-15 00:00:00-04:00,121.86735007353872,122.19130175131006,120.47998585892422,120.84175872802734,21562000,0.0,0.0
2021-06-16 00:00:00-04:00,120.99354083237306,121.30604974987207,118.90154507498283,120.19784545898438,26472000,0.0,0.0
2021-06-17 00:00:00-04:00,120.12319457492448,121.93950775152115,119.92663220106029,121.16421508789062,25842000,0.0,0.0
2021-06-18 00:00:00-04:00,120.78951018597671,121.02438731514766,119.44394586362654,119.53948974609375,46116000,0.0,0.0
2021-06-21 00:00:00-04:00,119.9271411452903,121.41950273978642,119.32800058512855,121.23289489746094,27414000,0.0,0.0
2021-06-22 00:00:00-04:00,121.17069271040606,121.81760141803291,120.48795979203726,121.74842834472656,22390000,0.0,0.0
2021-06-23 00:00:00-04:00,121.51256479515136,122.50979608258412,121.25480206414127,121.54590606689453,19148000,0.0,0.0
2021-06-24 00:00:00-04:00,122.11616721223488,122.46997494722375,121.71807656217918,121.91712188720703,21362000,0.0,0.0
2021-06-25 00:00:00-04:00,121.41949566786325,122.0494869263323,120.98656792867304,121.92557525634766,34594000,0.0,0.0
2021-06-28 00:00:00-04:00,122.09476570644414,122.20076527318163,120.82782790498153,121.95294952392578,28526000,0.0,0.0
2021-06-29 00:00:00-04:00,122.08682085573261,122.43565513957584,121.11198161559385,121.69071197509766,23108000,0.0,0.0
2021-06-30 00:00:00-04:00,121.41401862910979,121.67527414379862,120.777064517877,121.5085678100586,24474000,0.0,0.0
2021-07-01 00:00:00-04:00,121.14581091471862,122.00370889101198,120.95323489975411,121.86189270019531,18110000,0.0,0.0
2021-07-02 00:00:00-04:00,122.56402875962121,124.80730158215873,122.47395949852594,124.6614990234375,25982000,0.0,0.0
2021-07-06 00:00:00-04:00,125.05064175261214,125.8264356149296,123.9897120776106,125.58956909179688,26404000,0.0,0.0
2021-07-07 00:00:00-04:00,126.55693750796647,126.67835105188155,125.55273588133367,125.87220764160156,24060000,0.0,0.0
2021-07-08 00:00:00-04:00,123.4358588645875,124.99788702259595,123.43188008424947,124.44901275634766,23790000,0.0,0.0
2021-07-09 00:00:00-04:00,124.43010544209602,125.1362250527908,123.95885535984911,124.92125701904297,18632000,0.0,0.0
2021-07-12 00:00:00-04:00,125.57762429893366,126.46488475430863,125.01332084819249,126.37133026123047,17668000,0.0,0.0
2021-07-13 00:00:00-04:00,126.43402078790348,127.44816936734279,126.07175435939051,126.73558044433594,19240000,0.0,0.0
2021-07-14 00:00:00-04:00,127.34915162866419,128.71114739493328,127.30585581569756,127.62682342529297,23742000,0.0,0.0
2021-07-15 00:00:00-04:00,128.03685511202383,128.0876073375867,125.92793461048532,126.40067291259766,24218000,0.0,0.0
2021-07-16 00:00:00-04:00,127.05555571192009,127.20334766110668,125.5532396143855,126.36585235595703,20424000,0.0,0.0
2021-07-19 00:00:00-04:00,125.48954262685852,125.60449445304222,122.91733701019425,123.98523712158203,27968000,0.0,0.0
2021-07-20 00:00:00-04:00,124.9302089444466,126.43850077838984,123.75881501817668,125.60897064208984,26312000,0.0,0.0
2021-07-21 00:00:00-04:00,125.5333313160581,126.9888739739733,125.4238541100995,126.94210052490234,20746000,0.0,0.0
2021-07-22 00:00:00-04:00,127.23568852185855,127.87164794172931,126.8923289019367,127.81043243408203,14302000,0.0,0.0
2021-07-23 00:00:00-04:00,129.80987462994372,132.76425558089943,129.18288265732,132.382080078125,41506000,0.0,0.0
2021-07-26 00:00:00-04:00,132.69411172953653,133.59828204098443,131.671990313619,133.39724731445312,30572000,0.0,0.0
2021-07-27 00:00:00-04:00,133.61171004397323,133.7595019903575,129.4849403696827,131.2723846435547,54710000,0.0,0.0
2021-07-28 00:00:00-04:00,135.66340668703342,137.6389624126458,134.63382884778994,135.44644165039062,95130000,0.0,0.0
2021-07-29 00:00:00-04:00,135.502164347923,136.01073448465564,134.89805792374722,135.13143920898438,31716000,0.0,0.0
2021-07-30 00:00:00-04:00,134.39248350863042,134.66070190945484,133.61619609988043,134.08544921875,25576000,0.0,0.0
2021-08-02 00:00:00-04:00,134.47407749953126,134.69253074494515,133.15737467086495,134.21282958984375,21634000,0.0,0.0
2021-08-03 00:00:00-04:00,134.4919946425515,135.08615411628443,132.68514239501812,134.98464965820312,20762000,0.0,0.0
2021-08-04 00:00:00-04:00,134.70549241168933,135.00406801076176,133.84709325917578,134.48255920410156,19676000,0.0,0.0
2021-08-05 00:00:00-04:00,135.0348977292048,135.70122193743754,134.20436531020974,135.60317993164062,17870000,0.0,0.0
2021-08-06 00:00:00-04:00,135.39468924235564,135.8231370611958,134.56664735492504,135.09262084960938,20488000,0.0,0.0
2021-08-09 00:00:00-04:00,135.29566392097962,136.5312574721782,134.69552108517198,136.26153564453125,17760000,0.0,0.0
2021-08-10 00:00:00-04:00,136.68849445684972,137.11695747144506,135.7156522799874,136.1560516357422,19414000,0.0,0.0
2021-08-11 00:00:00-04:00,136.52877157272962,137.02737959411166,135.6230978548488,135.6305694580078,15352000,0.0,0.0
2021-08-12 00:00:00-04:00,135.3284908102748,136.64669715164672,134.78111998935373,136.54119873046875,16506000,0.0,0.0
2021-08-13 00:00:00-04:00,136.59695274010096,137.2005732785882,136.3809899827842,137.07217407226562,15948000,0.0,0.0
2021-08-16 00:00:00-04:00,136.87063034656046,137.7041545137353,134.65522403759903,137.65139770507812,22384000,0.0,0.0
2021-08-17 00:00:00-04:00,137.09456747401367,137.60761757330292,135.4345047652253,136.01124572753906,21716000,0.0,0.0
2021-08-18 00:00:00-04:00,135.85051374450165,136.45214485908588,134.67762388651653,134.8045196533203,19258000,0.0,0.0
2021-08-19 00:00:00-04:00,133.79583845464464,135.70370932909012,133.61121999580743,135.03440856933594,21782000,0.0,0.0
2021-08-20 00:00:00-04:00,135.35288644524337,136.89949307166904,134.60645508617034,136.7755889892578,31194000,0.0,0.0
2021-08-23 00:00:00-04:00,137.31302050167736,140.20419691127913,136.95274343167395,139.3751678466797,28454000,0.0,0.0
2021-08-24 00:00:00-04:00,139.94242399461834,141.40394225947364,139.67072799216066,140.58934020996094,19268000,0.0,0.0
2021-08-25 00:00:00-04:00,140.9511195496134,141.51293245081183,140.70331138846305,141.4029541015625,15848000,0.0,0.0
2021-08-26 00:00:00-04:00,141.07552321093658,141.73984285117388,140.68438784337567,140.7675018310547,20610000,0.0,0.0
2021-08-27 00:00:00-04:00,140.9784742560107,143.82486618585608,140.82371186007694,143.31878662109375,28780000,0.0,0.0
2021-08-30 00:00:00-04:00,143.7129120778502,145.2759501615927,143.47704025354426,143.9025115966797,24434000,0.0,0.0
2021-08-31 00:00:00-04:00,144.4563725246217,144.48074635237265,143.59449575192565,144.00900268554688,22448000,0.0,0.0
2021-09-01 00:00:00-04:00,144.31006164544272,145.55809268141408,144.19411512479778,144.5245361328125,21936000,0.0,0.0
2021-09-02 00:00:00-04:00,144.52503156593625,144.8270847688829,142.50368970947488,142.60520935058594,32342000,0.0,0.0
2021-09-03 00:00:00-04:00,142.3996811332552,143.46906174741412,141.72290890072952,143.0555419921875,19850000,0.0,0.0
2021-09-07 00:00:00-04:00,143.15011712566266,143.87714056862364,142.93564262833766,143.593994140625,20124000,0.0,0.0
2021-09-08 00:00:00-04:00,143.41434410788645,143.71290448780815,142.31957209422643,143.0072784423828,18344000,0.0,0.0
2021-09-09 00:00:00-04:00,143.15606084759952,143.62382565241126,142.4962212018275,142.8579864501953,15314000,0.0,0.0
2021-09-10 00:00:00-04:00,143.5262839446984,144.0298881380867,140.0683293807008,140.20567321777344,36840000,0.0,0.0
2021-09-13 00:00:00-04:00,141.2740545378672,142.26979737771194,140.57788953208455,141.65524291992188,22094000,0.0,0.0
2021-09-14 00:00:00-04:00,142.31509952248697,142.68085878606388,141.075527179142,141.86624145507812,19674000,0.0,0.0
2021-09-15 00:00:00-04:00,142.09216342027784,143.76317524274404,140.67494311484762,143.74227905273438,27408000,0.0,0.0
2021-09-16 00:00:00-04:00,143.2655459492546,143.6133854871325,141.72392050993247,142.92666625976562,26190000,0.0,0.0
2021-09-17 00:00:00-04:00,142.34993679970833,142.7674353957721,139.80161903772358,140.1300506591797,53384000,0.0,0.0
2021-09-20 00:00:00-04:00,137.50408943393188,138.33860059722008,135.67334943779196,138.05943298339844,46518000,0.0,0.0
2021-09-21 00:00:00-04:00,139.08454245988372,139.3453044410875,137.62004753126166,138.3714599609375,25332000,0.0,0.0
2021-09-22 00:00:00-04:00,138.64118089062606,140.21664143476931,137.89225891810773,139.6160125732422,25056000,0.0,0.0
2021-09-23 00:00:00-04:00,140.31666950445637,141.02229564251655,139.73345921270854,140.54408264160156,20952000,0.0,0.0
2021-09-24 00:00:00-04:00,139.86977837280685,141.6532589710482,139.57369334948527,141.53829956054688,22984000,0.0,0.0
2021-09-27 00:00:00-04:00,140.13452783317547,141.26313470256505,139.40103511550925,140.4007568359375,21882000,0.0,0.0
2021-09-28 00:00:00-04:00,137.99525571421634,138.43465279850446,134.71593568317124,135.18370056152344,45772000,0.0,0.0
2021-09-29 00:00:00-04:00,136.3282160833576,136.4984076534218,133.2280476280008,133.71421813964844,30848000,0.0,0.0
2021-09-30 00:00:00-04:00,133.622656505888,134.89755184426153,132.92050809949572,133.03993225097656,37996000,0.0,0.0
2021-10-01 00:00:00-04:00,133.80776143606408,136.25905453272804,133.43504691909288,135.89329528808594,35360000,0.0,0.0
2021-10-04 00:00:00-04:00,135.31357546219573,135.31357546219573,130.4264483437035,133.02352905273438,51202000,0.0,0.0
2021-10-05 00:00:00-04:00,133.40319914581136,136.57155342877454,133.40319914581136,135.37576293945312,32404000,0.0,0.0
2021-10-06 00:00:00-04:00,134.10883795724234,137.09456347762622,133.90979262645382,136.9104461669922,24364000,0.0,0.0
2021-10-07 00:00:00-04:00,138.23112248140887,139.37565966392003,137.99127188020964,138.5625457763672,25110000,0.0,0.0
2021-10-08 00:00:00-04:00,138.91285737788812,139.66326749093665,138.55507087480348,139.12037658691406,26526000,0.0,0.0
2021-10-11 00:00:00-04:00,138.62922859464507,140.04247013215831,138.19827504426897,138.25302124023438,17954000,0.0,0.0
2021-10-12 00:00:00-04:00,138.81632757309202,138.84320712107439,135.11402671387663,135.7997589111328,36332000,0.0,0.0
2021-10-13 00:00:00-04:00,136.74871787415393,137.34337853823413,135.8694225293736,136.9273681640625,19654000,0.0,0.0
2021-10-14 00:00:00-04:00,138.81037790302142,140.66500621624925,138.16446379753594,140.47940063476562,31894000,0.0,0.0
2021-10-15 00:00:00-04:00,140.94066055286473,141.0436684353912,140.08525320995577,140.69532775878906,30274000,0.0,0.0
2021-10-18 00:00:00-04:00,140.40525162995812,142.11656777105117,140.39828117047438,142.09864807128906,20396000,0.0,0.0
2021-10-19 00:00:00-04:00,142.7052317803547,142.97893238940557,141.92148796786472,142.55545043945312,20164000,0.0,0.0
2021-10-20 00:00:00-04:00,142.65595589699134,142.8629739512192,140.70378718712195,141.09442138671875,23288000,0.0,0.0
2021-10-21 00:00:00-04:00,141.0944440494257,141.47961128480844,139.83148489117926,141.2108917236328,26292000,0.0,0.0
2021-10-22 00:00:00-04:00,138.48790317640055,139.9140834710367,135.40863059451328,136.9119415283203,50588000,0.0,0.0
2021-10-25 00:00:00-04:00,136.89552127951956,137.3433770805887,134.77963003259802,136.7930145263672,34412000,0.0,0.0
2021-10-26 00:00:00-04:00,138.6008458288704,139.41643497807848,137.6464094076404,138.6456298828125,49236000,0.0,0.0
2021-10-27 00:00:00-04:00,138.7416891746795,147.94269523760374,138.7416891746795,145.5217742919922,85782000,0.0,0.0
2021-10-28 00:00:00-04:00,146.4343890912499,146.45777581220622,143.93881335865566,145.15499877929688,36206000,0.0,0.0
2021-10-29 00:00:00-04:00,144.38768811776507,147.53663452924428,143.96122969299242,147.34156799316406,43320000,0.0,0.0
2021-11-01 00:00:00-04:00,147.34157518450897,147.34157518450897,142.54400119567305,142.814208984375,46924000,0.0,0.0
2021-11-02 00:00:00-04:00,143.89157087310116,145.9114095190237,143.6487285755413,144.74050903320312,33482000,0.0,0.0
2021-11-03 00:00:00-04:00,145.20627603308367,145.97112823745937,143.90301282793487,145.9004669189453,27494000,0.0,0.0
2021-11-04 00:00:00-04:00,146.42446016537954,149.02105497248002,145.61184735875466,147.56202697753906,38412000,0.0,0.0
2021-11-05 00:00:00-04:00,148.4597167387127,149.61221148430093,147.49185562711088,148.14373779296875,38354000,0.0,0.0
2021-11-08 00:00:00-05:00,149.11209726310418,149.8983467767936,147.7242318662626,148.32188415527344,23052000,0.0,0.0
2021-11-09 00:00:00-05:00,148.5229176061689,149.12155699209504,146.54437039574856,148.2099151611328,19530000,0.0,0.0
2021-11-10 00:00:00-05:00,146.7981726497593,147.3654677927579,143.84977474813238,145.19931030273438,29970000,0.0,0.0
2021-11-11 00:00:00-05:00,145.79248880737023,146.8335170484895,144.9077112347004,145.0729217529297,16518000,0.0,0.0
2021-11-12 00:00:00-05:00,145.91786437465117,148.14174439297312,144.71909735662823,147.97055053710938,22360000,0.0,0.0
2021-11-15 00:00:00-05:00,148.19200352635517,148.83791753921437,146.8728099950018,147.74563598632812,23508000,0.0,0.0
2021-11-16 00:00:00-05:00,147.44459099237028,148.05466563286177,146.6115679587527,147.17239379882812,18904000,0.0,0.0
2021-11-17 00:00:00-05:00,147.3231518704208,147.8526181995971,146.53940806481458,147.34255981445312,19594000,0.0,0.0
2021-11-18 00:00:00-05:00,147.5361479348524,149.86402315462868,147.18085193421385,149.12554931640625,35608000,0.0,0.0
2021-11-19 00:00:00-05:00,149.26186954927837,150.2481666109135,148.19049948751575,148.21786499023438,33682000,0.0,0.0
2021-11-22 00:00:00-05:00,148.62194801430306,149.11657722814311,145.45210536092236,145.60586547851562,30594000,0.0,0.0
2021-11-23 00:00:00-05:00,145.45755471503972,145.96214600457634,143.42925779346723,145.08831787109375,27218000,0.0,0.0
2021-11-24 00:00:00-05:00,144.7813049279646,145.5536135443126,143.6860469047569,145.4247283935547,18040000,0.0,0.0
2021-11-26 00:00:00-05:00,143.66166278037056,143.86966796123565,141.1675900002718,141.5064697265625,30470000,0.0,0.0
2021-11-29 00:00:00-05:00,143.31480818794302,145.6013766551945,143.208808626935,144.83802795410156,32596000,0.0,0.0
2021-11-30 00:00:00-05:00,144.31852565043738,145.30530878621673,140.9277390064455,141.2223358154297,42068000,0.0,0.0
2021-12-01 00:00:00-05:00,143.31481246492976,145.2560319905602,140.24150848223852,140.38034057617188,34020000,0.0,0.0
2021-12-02 00:00:00-05:00,140.57789783145594,143.17995934258195,139.54731782673127,142.28573608398438,29194000,0.0,0.0
2021-12-03 00:00:00-05:00,142.9973338649984,143.71290687290224,139.6334117910002,141.32582092285156,41230000,0.0,0.0
2021-12-06 00:00:00-05:00,142.3598740528149,143.1680068287507,139.4831248653476,142.4738311767578,30618000,0.0,0.0
2021-12-07 00:00:00-05:00,144.90371251975077,146.82901692453825,144.53646503259998,146.56875610351562,32240000,0.0,0.0
2021-12-08 00:00:00-05:00,146.8942104886106,147.6869293703325,145.7093842979604,147.4813995361328,24270000,0.0,0.0
2021-12-09 00:00:00-05:00,146.88873004760978,148.3905525366859,146.4149970350233,146.93600463867188,23270000,0.0,0.0
2021-12-10 00:00:00-05:00,147.9924650222129,148.26864100016783,146.00596003616434,147.2972869873047,24458000,0.0,0.0
2021-12-13 00:00:00-05:00,147.07831366274226,147.26592378004827,144.82509398206858,145.13262939453125,27070000,0.0,0.0
2021-12-14 00:00:00-05:00,143.28298915319172,143.7925464490647,140.543082230658,143.22227478027344,38446000,0.0,0.0
2021-12-15 00:00:00-05:00,142.7266307700602,146.02286815487585,141.00386438529304,145.74420166015625,36370000,0.0,0.0
2021-12-16 00:00:00-05:00,146.47021601496812,146.9743061642129,142.92366527464372,143.7576904296875,33650000,0.0,0.0
2021-12-17 00:00:00-05:00,141.82196554942942,143.15011897500315,140.62767835046085,141.0506591796875,50416000,0.0,0.0
2021-12-20 00:00:00-05:00,139.33384883079916,141.09991095324537,138.65807881354345,140.93319702148438,27192000,0.0,0.0
2021-12-21 00:00:00-05:00,141.37757108055172,143.18443842835646,139.83395623082816,142.78982543945312,28756000,0.0,0.0
2021-12-22 00:00:00-05:00,142.38676234044013,145.80292498957579,142.38676234044013,145.71832275390625,26322000,0.0,0.0
2021-12-23 00:00:00-05:00,145.80293088513884,147.53813480597037,145.75515514574224,146.2174530029297,26384000,0.0,0.0
2021-12-27 00:00:00-05:00,146.55532601949932,147.6381465673,146.46923553683405,147.20272827148438,15976000,0.0,0.0
2021-12-28 00:00:00-05:00,147.53065445426495,147.59335821023151,145.35954639528723,145.98902893066406,18200000,0.0,0.0
2021-12-29 00:00:00-05:00,145.94675100059968,146.71558204746444,144.95450078290762,145.9571990966797,17788000,0.0,0.0
2021-12-30 00:00:00-05:00,145.99600389046415,146.5991232280735,145.29983879730824,145.50485229492188,15688000,0.0,0.0
2021-12-31 00:00:00-05:00,145.35507858168188,146.00049147841654,144.16278076171875,144.16278076171875,18136000,0.0,0.0
2022-01-03 00:00:00-05:00,144.36479494039722,145.15701265332763,143.02918515577247,144.30160522460938,28646000,0.0,0.0
2022-01-04 00:00:00-05:00,144.7041819007758,145.78800478376272,143.03268400586742,143.71243286132812,28400000,0.0,0.0
2022-01-05 00:00:00-05:00,143.7328164404052,143.81193646128006,137.03285410456272,137.1194305419922,54618000,0.0,0.0
2022-01-06 00:00:00-05:00,136.34662727318383,139.27412860315894,135.90871848698256,137.09205627441406,37348000,0.0,0.0
2022-01-07 00:00:00-05:00,137.48817599061857,137.7897432622947,135.12049780917903,136.36505126953125,29760000,0.0,0.0
2022-01-10 00:00:00-05:00,134.43528635965367,138.1589847256294,132.5308930765843,138.0096893310547,44408000,0.0,0.0
2022-01-11 00:00:00-05:00,137.3503290474821,139.54881766216988,136.0420848882387,139.0710906982422,28730000,0.0,0.0
2022-01-12 00:00:00-05:00,140.4783702161075,141.9294404967946,140.02504742905134,140.75753784179688,26108000,0.0,0.0
2022-01-13 00:00:00-05:00,140.86651857043935,142.1702980929826,137.75041975538085,137.92758178710938,31436000,0.0,0.0
2022-01-14 00:00:00-05:00,136.426740644181,140.07232082607686,136.3466335227671,138.8168182373047,29662000,0.0,0.0
2022-01-18 00:00:00-05:00,135.52705085012096,136.47899680734477,134.79405929684148,135.35089111328125,34872000,0.0,0.0
2022-01-19 00:00:00-05:00,135.87388991456638,137.30306172956688,134.37306968151069,134.4735870361328,28648000,0.0,0.0
2022-01-20 00:00:00-05:00,135.60169102059876,136.97115074107518,132.3318170208066,132.67318725585938,29908000,0.0,0.0
2022-01-21 00:00:00-05:00,131.96259868346377,134.22377601264574,129.46752373899022,129.73126220703125,55652000,0.0,0.0
2022-01-24 00:00:00-05:00,125.37856914011597,130.5787136535352,123.90760490884027,130.18161010742188,76622000,0.0,0.0
2022-01-25 00:00:00-05:00,128.12744363968903,128.7833046294374,125.89859753096928,126.33102416992188,46960000,0.0,0.0
2022-01-26 00:00:00-05:00,130.49511541961544,132.3671620019992,126.53703372214112,128.6180877685547,49130000,0.0,0.0
2022-01-27 00:00:00-05:00,130.6792312241268,132.02131030726912,128.31900956615908,128.39117431640625,31950000,0.0,0.0
2022-01-28 00:00:00-05:00,129.04205751284695,132.72197391207828,127.87364760924652,132.71649169921875,34362000,0.0,0.0
2022-01-31 00:00:00-05:00,133.52362004644357,134.82838653701774,131.58041122678554,134.65968322753906,39986000,0.0,0.0
2022-02-01 00:00:00-05:00,136.93979546512767,137.13735254168026,133.72914748544642,136.9890594482422,68644000,0.0,0.0
2022-02-02 00:00:00-05:00,150.5303275907362,150.82541035596324,144.83008666091592,147.29579162597656,123200000,0.0,0.0
2022-02-03 00:00:00-05:00,145.0121976171074,148.96280731193713,141.98665428742234,142.4091339111328,71518000,0.0,0.0
2022-02-04 00:00:00-05:00,142.7619744324609,144.18566414382084,139.84640903651453,142.61119079589844,57998000,0.0,0.0
2022-02-07 00:00:00-05:00,143.56362208702555,143.56362208702555,138.23907266305054,138.5386505126953,54974000,0.0,0.0
2022-02-08 00:00:00-05:00,138.36499262195844,139.33385604729077,136.36207147851567,138.7357177734375,54284000,0.0,0.0
2022-02-09 00:00:00-05:00,140.2927701568597,141.8463472422032,139.51996039462585,140.91827392578125,40144000,0.0,0.0
2022-02-10 00:00:00-05:00,139.03877453098843,140.81129088948327,137.30057895120314,137.96041870117188,39330000,0.0,0.0
2022-02-11 00:00:00-05:00,137.94051590489158,138.49435604596948,132.76524653286933,133.6435546875,39958000,0.0,0.0
2022-02-14 00:00:00-05:00,132.62244716175653,135.65146855696324,132.62244716175653,134.8811492919922,34302000,0.0,0.0
2022-02-15 00:00:00-05:00,136.91590911778226,137.45135880950014,135.17523823760737,135.95849609375,26680000,0.0,0.0
2022-02-16 00:00:00-05:00,135.99631295565902,137.42896248282813,134.28200525127366,137.08262634277344,25022000,0.0,0.0
2022-02-17 00:00:00-05:00,135.59472615306703,136.461082812284,131.84814248998057,131.90835571289062,38950000,0.0,0.0
2022-02-18 00:00:00-05:00,132.83193274174764,133.43207557532537,129.5770018418038,129.7825164794922,45620000,0.0,0.0
2022-02-22 00:00:00-05:00,129.22018986412897,131.55154234178266,127.61337018854968,129.19581604003906,44990000,0.0,0.0
2022-02-23 00:00:00-05:00,131.02208390134615,131.42266506664527,126.92069040536504,126.98090362548828,32786000,0.0,0.0
2022-02-24 00:00:00-05:00,124.35895204602602,132.36716679103367,124.35895204602602,132.05963134765625,54456000,0.0,0.0
2022-02-25 00:00:00-05:00,132.9165342626019,134.62785022225833,131.12459484875018,133.81971740722656,36406000,0.0,0.0
2022-02-28 00:00:00-05:00,132.4169288111751,135.10556696702054,131.96160142081268,134.4143829345703,38864000,0.0,0.0
2022-03-01 00:00:00-05:00,134.23672846802612,135.60717546651932,132.58463846083353,133.42361450195312,26496000,0.0,0.0
2022-03-02 00:00:00-05:00,133.98743256772605,134.61890456353234,132.43833526898584,133.9311981201172,23520000,0.0,0.0
2022-03-03 00:00:00-05:00,135.3628369812351,135.79029772447288,132.39254063011379,133.26239013671875,24604000,0.0,0.0
2022-03-04 00:00:00-05:00,132.29500752871238,133.2146069267177,129.71731977017836,131.2788543701172,30430000,0.0,0.0
2022-03-07 00:00:00-05:00,130.86235301354495,131.10817177136278,125.69405425346693,125.77716064453125,45112000,0.0,0.0
2022-03-08 00:00:00-05:00,125.64927615455635,130.62548511117242,125.07651401769192,126.49971008300781,40428000,0.0,0.0
2022-03-09 00:00:00-05:00,130.62548341324316,133.09916098406526,129.28240208203147,132.78515625,37026000,0.0,0.0
2022-03-10 00:00:00-05:00,130.64141568020557,132.6378674373792,130.28959734180035,131.79937744140625,27102000,0.0,0.0
2022-03-11 00:00:00-05:00,132.85332926637238,133.15887530088736,129.01468700810108,129.25254821777344,31526000,0.0,0.0
2022-03-14 00:00:00-04:00,129.63024802938145,129.78848807824545,124.67892145628271,125.35169982910156,38812000,0.0,0.0
2022-03-15 00:00:00-04:00,126.37182448632802,129.23663756892861,125.12229757961958,128.583251953125,30920000,0.0,0.0
2022-03-16 00:00:00-04:00,130.1109376361614,132.69855699952495,128.12194243977905,132.6463165283203,35576000,0.0,0.0
2022-03-17 00:00:00-04:00,132.51544446609907,133.44251542685555,131.55602693390728,133.20216369628906,28264000,0.0,0.0
2022-03-18 00:00:00-04:00,132.78963125023313,135.59571910651152,131.62917901519822,135.477783203125,44566000,0.0,0.0
2022-03-21 00:00:00-04:00,135.51560466660072,136.39789162419223,133.4544597507842,135.4539031982422,26832000,0.0,0.0
2022-03-22 00:00:00-04:00,135.45391090476724,140.37886680791058,135.45391090476724,139.20248413085938,35496000,0.0,0.0
2022-03-23 00:00:00-04:00,138.0425238994977,138.9243097056279,137.17915893523153,137.6175537109375,25154000,0.0,0.0
2022-03-24 00:00:00-04:00,138.53765371288432,140.94514991308523,137.09505730306245,140.89837646484375,26396000,0.0,0.0
2022-03-25 00:00:00-04:00,141.2407413681991,141.35917842740724,139.07260969193993,140.9989013671875,24126000,0.0,0.0
2022-03-28 00:00:00-04:00,140.23007305677257,141.32683456688196,139.1462501767931,140.78244018554688,35050000,0.0,0.0
2022-03-29 00:00:00-04:00,141.96874564221065,143.10928873117544,141.36263470581895,141.82740783691406,34318000,0.0,0.0
2022-03-30 00:00:00-04:00,141.78215606095287,142.041414610686,140.92624749010545,141.2631378173828,19884000,0.0,0.0
2022-03-31 00:00:00-04:00,141.3770755393763,141.43182173454176,138.36299756837354,138.40579223632812,37524000,0.0,0.0
2022-04-01 00:00:00-04:00,138.83622510765764,139.80259792884758,137.6493944528036,139.48362731933594,25942000,0.0,0.0
2022-04-04 00:00:00-04:00,139.69065571151913,143.02819955507672,139.6428799730055,142.2912139892578,25942000,0.0,0.0
2022-04-05 00:00:00-04:00,142.1892190441835,142.31013145949348,139.71455405588372,139.92205810546875,21418000,0.0,0.0
2022-04-06 00:00:00-04:00,138.08980328110664,138.69740254618586,134.87218475857597,135.89828491210938,32468000,0.0,0.0
2022-04-07 00:00:00-04:00,135.36282523850036,136.5118422894148,133.58880560045588,135.24191284179688,26234000,0.0,0.0
2022-04-08 00:00:00-04:00,134.93835487299648,135.0244453490223,132.33281575795365,132.65328979492188,25142000,0.0,0.0
2022-04-11 00:00:00-04:00,131.19626633845286,131.46398360336622,128.0562794987525,128.21054077148438,36884000,0.0,0.0
2022-04-12 00:00:00-04:00,130.97382925450697,130.97382925450697,126.1857162540227,127.1068115234375,32710000,0.0,0.0
2022-04-13 00:00:00-04:00,127.39093966649723,129.7138334675101,127.13316938924753,129.2759246826172,27928000,0.0,0.0
2022-04-14 00:00:00-04:00,129.8586543117061,129.8586543117061,125.99859967897054,126.12699127197266,31598000,0.0,0.0
2022-04-18 00:00:00-04:00,126.39571309247896,127.60243774339565,125.58160448146151,127.0689926147461,20808000,0.0,0.0
2022-04-19 00:00:00-04:00,127.08393333342498,129.71285968020723,126.3952245781442,129.39041137695312,26490000,0.0,0.0
2022-04-20 00:00:00-04:00,130.2691902594668,130.77378162705162,126.89333171577131,127.43075561523438,31696000,0.0,0.0
2022-04-21 00:00:00-04:00,128.63499994743174,129.47945810187937,123.93397230591673,124.2206039428711,36446000,0.0,0.0
2022-04-22 00:00:00-04:00,124.40523047709615,124.80531812352369,118.35913931314636,119.06625366210938,56884000,0.0,0.0
2022-04-25 00:00:00-04:00,118.53429277469893,122.69091861575488,117.94710375134851,122.48838806152344,46128000,0.0,0.0
2022-04-26 00:00:00-04:00,121.71259321003112,121.9270676834941,117.94709541885699,118.08543395996094,73054000,0.0,0.0
2022-04-27 00:00:00-04:00,113.92483415386953,116.68414126004245,112.20008592742334,113.75067138671875,91820000,0.0,0.0
2022-04-28 00:00:00-04:00,115.86107166046905,119.08017825241917,113.57201255036027,117.95854187011719,48884000,0.0,0.0
2022-04-29 00:00:00-04:00,116.17904555251677,117.35890574463856,113.27294145478096,113.56653594970703,42676000,0.0,0.0
2022-05-02 00:00:00-04:00,112.86539470993021,116.18999980943521,112.06422476007553,116.02827453613281,35534000,0.0,0.0
2022-05-03 00:00:00-04:00,115.8764914727861,117.87842536696783,115.48237962518544,116.77569580078125,24968000,0.0,0.0
2022-05-04 00:00:00-04:00,116.4746360987147,122.2699268388617,114.56824610086612,121.67925262451172,49916000,0.0,0.0
2022-05-05 00:00:00-04:00,119.63204464005044,120.46307061064945,114.45827869555946,115.95114135742188,45840000,0.0,0.0
2022-05-06 00:00:00-04:00,114.63643262732876,117.01207587544798,113.47299621973782,115.19575500488281,39710000,0.0,0.0
2022-05-09 00:00:00-04:00,112.71112905218551,114.52943920583498,111.46757799921504,111.97564697265625,40802000,0.0,0.0
2022-05-10 00:00:00-04:00,114.95788698251471,115.6968542910652,112.36328947356759,113.85067749023438,39900000,0.0,0.0
2022-05-11 00:00:00-04:00,112.6977024843236,115.81081721712015,112.6977024843236,113.06195831298828,37534000,0.0,0.0
2022-05-12 00:00:00-04:00,110.84754643399383,113.7511601444871,109.30193451554294,112.30706787109375,53836000,0.0,0.0
2022-05-13 00:00:00-04:00,113.98803256594428,117.31413370158947,113.06445432012579,115.4983139038086,35038000,0.0,0.0
2022-05-16 00:00:00-04:00,114.40852067379373,115.61724230928375,113.34759858622417,113.90045166015625,25990000,0.0,0.0
2022-05-17 00:00:00-04:00,116.28455202745589,116.34377055599607,114.32343087143941,115.9188003540039,23054000,0.0,0.0
2022-05-18 00:00:00-04:00,114.45281484671837,114.85091311262987,111.02470046541804,111.3670654296875,35126000,0.0,0.0
2022-05-19 00:00:00-04:00,110.90128865895407,112.4722766682842,109.47659675819857,109.85877227783203,34144000,0.0,0.0
2022-05-20 00:00:00-04:00,111.41832137119603,111.64972088163704,105.29310989025825,108.38980102539062,48962000,0.0,0.0
2022-05-23 00:00:00-04:00,109.06606499448633,111.61388163619868,108.22358859840143,110.95751953125,37184000,0.0,0.0
2022-05-24 00:00:00-04:00,105.26871860398441,105.951952644931,101.39971155887439,105.46577453613281,76780000,0.0,0.0
2022-05-25 00:00:00-04:00,104.48595502313039,105.99325219877339,103.36232921245352,105.30155944824219,40258000,0.0,0.0
2022-05-26 00:00:00-04:00,105.1741741646191,108.13252659391175,104.72432138922662,107.27960968017578,37948000,0.0,0.0
2022-05-27 00:00:00-04:00,108.96206020855854,111.7835698138087,108.61919412203534,111.78207397460938,37914000,0.0,0.0
2022-05-31 00:00:00-04:00,112.21002456042172,115.18430708649075,111.54520378568205,113.22069549560547,50012000,0.0,0.0
2022-06-01 00:00:00-04:00,114.30850533505887,116.54431425454679,112.71113883445743,113.35008239746094,36606000,0.0,0.0
2022-06-02 00:00:00-04:00,113.45756701556255,117.33851047218953,112.40908243525307,117.06282806396484,37992000,0.0,0.0
2022-06-03 00:00:00-04:00,115.51024691373239,115.76801720266153,112.97835314878134,113.99598693847656,26136000,0.0,0.0
2022-06-06 00:00:00-04:00,116.14919546785866,118.77912375848886,115.61127043127397,116.2646484375,33542000,0.0,0.0
2022-06-07 00:00:00-04:00,114.93102184671086,117.13100649382692,114.50456340116364,116.59207916259766,31590000,0.0,0.0
2022-06-08 00:00:00-04:00,116.20592298566977,118.00632111258021,116.04519240682265,116.63636779785156,26108000,0.0,0.0
2022-06-09 00:00:00-04:00,115.77399057256335,117.73611398435301,114.22987449001698,114.28909301757812,25798000,0.0,0.0
2022-06-10 00:00:00-04:00,111.90996185455049,112.73999313613125,109.84085182107376,110.632568359375,41452000,0.0,0.0
2022-06-13 00:00:00-04:00,106.27839110394777,108.27384824703032,105.61407143207575,105.88626861572266,47252000,0.0,0.0
2022-06-14 00:00:00-04:00,106.02809576378536,107.41098020496892,105.29659238534681,106.20773315429688,33706000,0.0,0.0
2022-06-15 00:00:00-04:00,108.0285229467679,110.89332844630779,107.15719279182463,109.24222564697266,39698000,0.0,0.0
2022-06-16 00:00:00-04:00,106.71082612689229,108.13153172918454,104.6377371893725,105.52897644042969,51684000,0.0,0.0
2022-06-17 00:00:00-04:00,105.528970887289,108.18228586085846,104.54616658355276,106.6336898803711,51376000,0.0,0.0
2022-06-21 00:00:00-04:00,108.41119057692619,111.95425661827566,108.08326009819567,111.01325225830078,47416000,0.0,0.0
2022-06-22 00:00:00-04:00,110.03045374439513,112.8071716946308,109.85727808662209,110.95702362060547,30774000,0.0,0.0
2022-06-23 00:00:00-04:00,111.69747579437303,112.20604591984649,109.97471708378085,111.70792388916016,28362000,0.0,0.0
2022-06-24 00:00:00-04:00,112.45735057227827,117.51715954815482,112.41504945457397,117.41365051269531,41164000,0.0,0.0
2022-06-27 00:00:00-04:00,117.71022441222557,118.01526168095957,114.63143837612895,115.28233337402344,36420000,0.0,0.0
2022-06-28 00:00:00-04:00,115.25147346521884,116.75130645542508,111.31579191030626,111.47453308105469,35792000,0.0,0.0
2022-06-29 00:00:00-04:00,111.02121914854789,112.62206327148687,110.34494794788081,111.17000579833984,24716000,0.0,0.0
2022-06-30 00:00:00-04:00,109.47659494140807,110.36037012107478,106.24205918177555,108.44452667236328,43170000,0.0,0.0
2022-07-01 00:00:00-04:00,107.41942405927786,108.73015875104069,106.22264648916799,108.22010040283203,35476000,0.0,0.0
2022-07-05 00:00:00-04:00,106.59089908908788,112.83753130607606,105.22840975036895,112.72407531738281,39342000,0.0,0.0
2022-07-06 00:00:00-04:00,112.76288648601033,115.0395005469071,110.94557098037903,114.02684020996094,37432000,0.0,0.0
2022-07-07 00:00:00-04:00,114.53242085295552,118.62236385314765,114.2870956480075,118.2177963256836,40936000,0.0,0.0
2022-07-08 00:00:00-04:00,116.69209965966292,119.11551098399944,116.34525479851375,118.78559112548828,38238000,0.0,0.0
2022-07-11 00:00:00-04:00,117.4365476052986,117.4365476052986,114.78173665895066,115.12609100341797,31196000,0.0,0.0
2022-07-12 00:00:00-04:00,115.66202058231765,116.41741177109778,113.14904114568549,113.47796630859375,29960000,0.0,0.0
2022-07-13 00:00:00-04:00,111.16950439272351,113.65263549932013,110.67238462038537,110.82366180419922,43722000,0.0,0.0
2022-07-14 00:00:00-04:00,109.68610316058955,110.56440377859388,107.85734476528513,109.84235382080078,37004000,0.0,0.0
2022-07-15 00:00:00-04:00,111.4675820742736,112.60215711200841,110.3723164753788,111.24563598632812,46770000,0.0,0.0
2022-07-18 00:00:00-04:00,112.10403093176883,113.13908327050366,107.85435196917416,108.5112075805664,43164600,0.0,20.0
2022-07-19 00:00:00-04:00,110.32255584496407,113.47747063825159,109.03869296718022,113.26847076416016,36530900,0.0,0.0
2022-07-20 00:00:00-04:00,112.63151001819001,114.85090252062787,111.9447983557441,113.35803985595703,35600400,0.0,0.0
2022-07-21 00:00:00-04:00,113.73623213542243,114.00495167460863,110.58131743938425,113.79594421386719,32676200,0.0,0.0
2022-07-22 00:00:00-04:00,110.47184488302739,111.80546531170556,105.99325657695871,107.3865966796875,48901200,0.0,0.0
2022-07-25 00:00:00-04:00,107.89417039822348,109.3472225583573,105.79420953019157,106.99845123291016,34690900,0.0,0.0
2022-07-26 00:00:00-04:00,106.09277036719988,106.68991390610014,103.57480992289085,104.5202865600586,47991000,0.0,0.0
2022-07-27 00:00:00-04:00,108.74011946731692,113.3679952824466,107.49606723707197,112.52203369140625,59858500,0.0,0.0
2022-07-28 00:00:00-04:00,111.83532546250933,113.79594545946627,110.92965176635761,113.67652130126953,32816600,0.0,0.0
2022-07-29 00:00:00-04:00,112.54194397943671,116.15466896108313,112.52203489140882,115.76652526855469,37223400,0.0,0.0
2022-08-01 00:00:00-04:00,114.75137773642173,116.16461921046162,113.79593896680589,114.31346893310547,26034300,0.0,0.0
2022-08-02 00:00:00-04:00,113.45757091019746,115.79638773928913,113.17890440706725,114.58219146728516,20236000,0.0,0.0
2022-08-03 00:00:00-04:00,115.1594320713057,118.05558946224379,114.93053070088145,117.51815795898438,28499000,0.0,0.0
2022-08-04 00:00:00-04:00,116.92100378249576,118.21481349778459,116.33380720333798,117.62762451171875,21602900,0.0,0.0
2022-08-05 00:00:00-04:00,115.67696635031567,117.54801833983059,115.44805737834601,116.91106414794922,19159500,0.0,0.0
2022-08-08 00:00:00-04:00,117.826669290709,119.57829688362798,116.32385213342259,116.74185943603516,19138300,0.0,0.0
2022-08-09 00:00:00-04:00,116.58261814385563,116.76176196281949,115.15942213572387,116.07504272460938,19086500,0.0,0.0
2022-08-10 00:00:00-04:00,118.21481155899389,120.34462825526873,117.84657697820947,119.13043212890625,30930400,0.0,0.0
2022-08-11 00:00:00-04:00,120.70292085614055,120.91192071702521,117.99586202223843,118.27452850341797,24293700,0.0,0.0
2022-08-12 00:00:00-04:00,119.6877792993413,121.10102081298828,118.89158283337814,121.10102081298828,19096300,0.0,0.0
2022-08-15 00:00:00-04:00,120.55364590937552,121.71808467700703,120.03612347394491,121.49913024902344,19494800,0.0,0.0
2022-08-16 00:00:00-04:00,120.94178207281517,121.84745576956125,120.06597200873036,121.12092590332031,19041200,0.0,0.0
2022-08-17 00:00:00-04:00,119.54844289474703,120.71287393111825,118.81195852562857,118.98115539550781,22847000,0.0,0.0
2022-08-18 00:00:00-04:00,118.86172875873096,120.2451142565541,118.15510799023149,119.59820556640625,17987700,0.0,0.0
2022-08-19 00:00:00-04:00,118.49349390349892,118.5830696196713,116.20444217204935,116.65229797363281,21809500,0.0,0.0
2022-08-22 00:00:00-04:00,114.65185765284781,115.07981195046679,113.30828267900442,113.69642639160156,21456600,0.0,0.0
2022-08-23 00:00:00-04:00,112.94003292848389,114.46275153442912,112.89026780559885,113.31822204589844,15870400,0.0,0.0
2022-08-24 00:00:00-04:00,112.95994947111635,114.23385781853895,112.3329498419266,113.1490478515625,17734600,0.0,0.0
2022-08-25 00:00:00-04:00,113.69641910388675,116.1646220653855,113.56704040567818,116.09495544433594,16956800,0.0,0.0
2022-08-26 00:00:00-04:00,114.17414361532893,114.57224186477183,109.66569935363755,109.81497955322266,37245700,0.0,0.0
2022-08-29 00:00:00-04:00,109.46664820361845,110.42207946188543,108.2823155735555,108.89936065673828,21191200,0.0,0.0
2022-08-30 00:00:00-04:00,109.64578930257257,109.97422092496217,107.28707105272045,108.42164611816406,27513300,0.0,0.0
2022-08-31 00:00:00-04:00,110.1235084111581,110.3225537370346,107.61549478379631,107.70507049560547,28627000,0.0,0.0
2022-09-01 00:00:00-04:00,107.76477480842202,109.9244475702192,106.84915422642854,109.21782684326172,28360900,0.0,0.0
2022-09-02 00:00:00-04:00,110.06378281149561,110.2130705944094,106.74963351488796,107.33682250976562,24160700,0.0,0.0
2022-09-06 00:00:00-04:00,106.7894393506126,107.51596155243057,105.27666768751821,106.30176544189453,25068300,0.0,0.0
2022-09-07 00:00:00-04:00,106.55058712829103,109.45669902186589,106.39135238503752,108.92921447753906,23167000,0.0,0.0
2022-09-08 00:00:00-04:00,107.5259250214311,109.078499800194,106.65011497063273,107.86430358886719,24238300,0.0,0.0
2022-09-09 00:00:00-04:00,108.55102080160147,110.46188319968864,108.5012556752909,110.12350463867188,23197700,0.0,0.0
2022-09-12 00:00:00-04:00,110.46188297027061,111.08889015087576,109.40692911388913,110.33250427246094,22966800,0.0,0.0
2022-09-13 00:00:00-04:00,107.28707632557276,107.78469725919211,103.59472231619533,103.8236312866211,38172900,0.0,0.0
2022-09-14 00:00:00-04:00,104.07243482099148,104.77905558849064,103.16676873054044,104.5003890991211,26395100,0.0,0.0
2022-09-15 00:00:00-04:00,103.53500749392786,104.76910525057787,101.86300089749223,102.42034149169922,34188300,0.0,0.0
2022-09-16 00:00:00-04:00,101.58432982803475,102.639283702151,100.45970933191258,102.31085968017578,42797200,0.0,0.0
2022-09-19 00:00:00-04:00,101.26585567986477,102.83833958549137,101.06681035212908,102.57957458496094,23036800,0.0,0.0
2022-09-20 00:00:00-04:00,101.59428213900198,101.882903164709,100.04169980785068,100.65875244140625,26517100,0.0,0.0
2022-09-21 00:00:00-04:00,101.18622915681169,102.39047078999764,98.79764738492318,98.80760192871094,31487300,0.0,0.0
2022-09-22 00:00:00-04:00,98.34979431212098,100.75827764430566,98.31993827303401,99.66351318359375,34298600,0.0,0.0
2022-09-23 00:00:00-04:00,99.15594440205993,99.18580803624575,97.00622591934467,98.27017974853516,31625400,0.0,0.0
2022-09-26 00:00:00-04:00,97.63321424053862,99.40474334217092,97.33464627113645,97.702880859375,27072700,0.0,0.0
2022-09-27 00:00:00-04:00,98.95689646179537,99.52418400691106,96.40907978100809,97.03607940673828,30072800,0.0,0.0
2022-09-28 00:00:00-04:00,97.18536227801656,100.22084518059606,96.64793080043407,99.57394409179688,32466300,0.0,0.0
2022-09-29 00:00:00-04:00,98.17064759037245,98.17064759037245,95.50339934291237,96.95645141601562,31047200,0.0,0.0
2022-09-30 00:00:00-04:00,96.58821763291844,98.4294134043774,95.10530191604596,95.19487762451172,32941500,0.0,0.0
2022-10-03 00:00:00-04:00,96.29960237487207,98.8175630102199,96.06073886671564,98.170654296875,27982000,0.0,0.0
2022-10-04 00:00:00-04:00,99.96208499329005,101.35541738545221,99.90236532427448,101.1563720703125,28850800,0.0,0.0
2022-10-05 00:00:00-04:00,99.35499464162503,101.4450009855778,98.3298967620206,100.94738006591797,22176900,0.0,0.0
2022-10-06 00:00:00-04:00,100.2009393105423,102.44023323947894,100.11136360497702,100.93741607666016,22324000,0.0,0.0
2022-10-07 00:00:00-04:00,99.37489560091394,100.0516603517211,97.83227531415282,98.21046447753906,27502800,0.0,0.0
2022-10-10 00:00:00-04:00,98.52894616903203,98.62846883846296,96.54841695291246,97.39437103271484,18225100,0.0,0.0
2022-10-11 00:00:00-04:00,96.96640841022621,98.77774817376962,95.85173486608706,96.71759796142578,26507100,0.0,0.0
2022-10-12 00:00:00-04:00,96.83702964877843,98.28012721366622,96.27968908051714,97.09578704833984,21876400,0.0,0.0
2022-10-13 00:00:00-04:00,94.69726194514989,99.30522889923341,93.93092148147386,98.58865356445312,34574500,0.0,0.0
2022-10-14 00:00:00-04:00,99.51422753973247,100.21090137017602,95.91145700787062,96.10054779052734,25410700,0.0,0.0
2022-10-17 00:00:00-04:00,98.38960472757987,100.44975494508492,98.35974868854377,99.49432373046875,28419200,0.0,0.0
2022-10-18 00:00:00-04:00,102.63928332260754,102.977669480451,99.49432320685048,100.29051208496094,24060700,0.0,0.0
2022-10-19 00:00:00-04:00,99.53413393609323,100.53932268092686,98.44931643231148,99.15593719482422,23811100,0.0,0.0
2022-10-20 00:00:00-04:00,99.52417976950483,101.83314043643365,98.91708166546346,99.49432373046875,25323200,0.0,0.0
2022-10-21 00:00:00-04:00,97.38441171770614,100.82794754437543,97.25503301309253,100.6488037109375,32458700,0.0,0.0
2022-10-24 00:00:00-04:00,101.31562068072593,102.26109737591833,99.50428086547959,102.03218841552734,27176400,0.0,0.0
2022-10-25 00:00:00-04:00,102.41038054718946,104.3212429399577,102.23123672329918,103.98286437988281,40611400,0.0,0.0
2022-10-26 00:00:00-04:00,95.9711646644133,97.8422164678502,94.2394461020253,94.47830200195312,88114100,0.0,0.0
2022-10-27 00:00:00-04:00,94.07025591284439,94.97592963709896,91.36320447078887,91.78120422363281,60710900,0.0,0.0
2022-10-28 00:00:00-04:00,91.83094932628913,96.0905902272544,91.69161609420665,95.83182525634766,43697300,0.0,0.0
2022-10-31 00:00:00-04:00,94.9659688055794,95.57306689870097,93.53282580597906,94.060302734375,31675000,0.0,0.0
2022-11-01 00:00:00-04:00,94.99582786175144,95.57306993471083,89.940005230544,90.0395278930664,47161400,0.0,0.0
2022-11-02 00:00:00-04:00,90.50729412723294,90.74615003951523,86.46660714853941,86.55618286132812,57038300,0.0,0.0
2022-11-03 00:00:00-04:00,85.90926808736477,86.10831340135847,82.94344431306968,83.03302001953125,61288000,0.0,0.0
2022-11-04 00:00:00-04:00,84.99365177935555,86.22774949314112,83.3116906968652,86.16803741455078,51124900,0.0,0.0
2022-11-07 00:00:00-05:00,86.86469761800363,88.47699196596784,86.43674336723429,88.06893920898438,34078900,0.0,0.0
2022-11-08 00:00:00-05:00,88.47699737548828,89.89023890654045,87.17322545658932,88.47699737548828,30429000,0.0,0.0
2022-11-09 00:00:00-05:00,88.0291386855819,89.01443358511959,86.86470754222943,86.9045181274414,31769100,0.0,0.0
2022-11-10 00:00:00-05:00,91.81106548869381,93.9408825522036,91.17411127865873,93.49302673339844,51620100,0.0,0.0
2022-11-11 00:00:00-05:00,94.23943886200252,96.4687781406064,93.47309850201609,95.95125579833984,33090500,0.0,0.0
2022-11-14 00:00:00-05:00,94.6375384345769,96.32945403822642,94.0603039654914,95.24463653564453,30179500,0.0,0.0
2022-11-15 00:00:00-05:00,97.79246718461795,99.66351914589465,96.2498392660379,97.97161102294922,41640800,0.0,0.0
2022-11-16 00:00:00-05:00,97.43417722407897,99.16589589196096,97.17541222075646,98.37965393066406,29105200,0.0,0.0
2022-11-17 00:00:00-05:00,96.50860507371166,98.80761135706896,96.32946123389857,97.8919906616211,26052600,0.0,0.0
2022-11-18 00:00:00-05:00,98.30002812804044,98.4294144201493,95.91145390965606,96.9664077758789,28342300,0.0,0.0
2022-11-21 00:00:00-05:00,96.82707209430102,97.93179105937274,94.90625518678002,95.14511108398438,21647400,0.0,0.0
2022-11-22 00:00:00-05:00,95.4934541891789,96.75741561356259,93.60250071461526,96.58822631835938,23438500,0.0,0.0
2022-11-23 00:00:00-05:00,96.62802445978609,98.2900840665078,96.62802445978609,97.99150848388672,18868100,0.0,0.0
2022-11-25 00:00:00-05:00,97.77255664966751,98.17065490597226,96.93655714521095,96.99626922607422,9701400,0.0,0.0
2022-11-28 00:00:00-05:00,96.57825899455597,97.11569044328911,95.15506300802892,95.59297180175781,26237500,0.0,0.0
2022-11-29 00:00:00-05:00,95.27449965265858,95.66264334231307,93.66220522349144,94.73706817626953,20061700,0.0,0.0
2022-11-30 00:00:00-05:00,94.36883510796933,100.5592408394296,93.97073683587386,100.50947570800781,43647500,0.0,0.0
2022-12-01 00:00:00-05:00,100.5393317496237,101.763482607526,99.77299884014163,100.50947570800781,28687100,0.0,0.0
2022-12-02 00:00:00-05:00,98.57870403410195,100.29051356417902,98.429416244413,99.96208953857422,21480700,0.0,0.0
2022-12-05 00:00:00-05:00,98.92703166952748,100.89760608639799,98.5289334501006,99.00665283203125,24405100,0.0,0.0
2022-12-06 00:00:00-05:00,98.82751539763453,99.30522721733549,95.96121410705892,96.5185546875,24910700,0.0,0.0
2022-12-07 00:00:00-05:00,95.95126501404084,96.41902227907117,94.26930395221923,94.4882583618164,31045400,0.0,0.0
2022-12-08 00:00:00-05:00,94.92615870890563,95.12521162173816,93.00534176035212,93.26410675048828,32213300,0.0,0.0
2022-12-09 00:00:00-05:00,93.32382786918778,93.8115018580551,92.30868449121564,92.3883056640625,28225400,0.0,0.0
2022-12-12 00:00:00-05:00,92.26887657518895,93.11483068016439,91.17411199268587,92.86602020263672,29420000,0.0,0.0
2022-12-13 00:00:00-05:00,97.2948424708287,99.05641715165841,94.57782896066584,95.17497253417969,40593700,0.0,0.0
2022-12-14 00:00:00-05:00,94.7470163347805,96.4090759117415,93.154630973197,94.61763763427734,28733600,0.0,0.0
2022-12-15 00:00:00-05:00,92.6868611344438,93.19443655131441,89.58171174439282,90.42766571044922,40107000,0.0,0.0
2022-12-16 00:00:00-05:00,90.32814149462808,90.89542897671403,89.0940362830337,89.83052062988281,58011800,0.0,0.0
2022-12-19 00:00:00-05:00,89.83052771403993,90.1290957005775,87.7902789704508,88.0191879272461,29493000,0.0,0.0
2022-12-20 00:00:00-05:00,87.69074666147239,88.7556549751339,87.02393654582552,88.5964126586914,23453800,0.0,0.0
2022-12-21 00:00:00-05:00,88.65613432749684,89.79070928196998,87.89974849348417,89.15375518798828,24745600,0.0,0.0
2022-12-22 00:00:00-05:00,87.74052072393032,88.11870987437933,85.909271863705,87.34242248535156,27658300,0.0,0.0
2022-12-23 00:00:00-05:00,86.695519687987,89.12391227454995,86.65570910211466,88.80543518066406,23003000,0.0,0.0
2022-12-27 00:00:00-05:00,88.37747674118715,88.51680998867842,86.59599297044319,86.97418212890625,20097300,0.0,0.0
2022-12-28 00:00:00-05:00,86.56614139398224,87.62109534883498,85.5310889356147,85.61070251464844,19523200,0.0,0.0
2022-12-29 00:00:00-05:00,86.2078424115069,88.42722724367383,86.1978878680228,88.02912902832031,23333500,0.0,0.0
2022-12-30 00:00:00-05:00,86.56613603016086,87.87985491647791,86.15808324311536,87.81018829345703,23986300,0.0,0.0
2023-01-03 00:00:00-05:00,89.16370297479997,90.61676258298985,88.09879462707987,88.6959457397461,28131200,0.0,0.0
2023-01-04 00:00:00-05:00,89.92009958818068,90.21867518028262,86.8547528692259,87.66090393066406,34854800,0.0,0.0
2023-01-05 00:00:00-05:00,87.0538097866527,87.15333245755251,85.49128031493731,85.78984832763672,27194400,0.0,0.0
2023-01-06 00:00:00-05:00,86.3770371515828,87.27275629454014,84.45622016455464,86.9244155883789,41381500,0.0,0.0
2023-01-09 00:00:00-05:00,87.93956719506664,89.62152828865293,87.44194628861791,87.60118103027344,29003900,0.0,0.0
2023-01-10 00:00:00-05:00,85.5708904595706,88.24808564924614,85.42160267591623,87.99927520751953,30467800,0.0,0.0
2023-01-11 00:00:00-05:00,88.75566389809731,91.1641472282376,88.58647461468658,91.08452606201172,26862000,0.0,0.0
2023-01-12 00:00:00-05:00,91.0447213124675,91.432864998952,89.32294969329632,90.69638061523438,30258100,0.0,0.0
2023-01-13 00:00:00-05:00,90.41771741423032,91.75134539532985,89.70114209221775,91.68167877197266,26329200,0.0,0.0
2023-01-17 00:00:00-05:00,91.62196184719421,91.81106022758811,89.62153120519707,90.85562896728516,32602400,0.0,0.0
2023-01-18 00:00:00-05:00,91.70157513878183,92.35843834492154,90.2087124991102,90.68643188476562,29116700,0.0,0.0
2023-01-19 00:00:00-05:00,90.2883462127426,93.16459469087474,90.19877049350299,92.60726165771484,37000400,0.0,0.0
2023-01-20 00:00:00-05:00,94.64749230458399,97.83227057478473,94.56787113938321,97.55359649658203,63191100,0.0,0.0
2023-01-23 00:00:00-05:00,97.48393658664499,99.56399601043773,97.03608078946915,99.315185546875,40005100,0.0,0.0
2023-01-24 00:00:00-05:00,97.63322092688912,99.13603819966976,96.73750177115588,97.23512268066406,33078500,0.0,0.0
2023-01-25 00:00:00-05:00,95.11526275334147,95.70245938987009,93.313877444999,94.76692962646484,42330000,0.0,0.0
2023-01-26 00:00:00-05:00,96.04083357396856,97.10574199484742,94.92616002591807,97.05597686767578,30114000,0.0,0.0
2023-01-27 00:00:00-05:00,96.84698288610231,99.84266300827183,96.84698288610231,98.89718627929688,33879800,0.0,0.0
2023-01-30 00:00:00-05:00,97.01617600106465,97.82231944586147,95.94131301260722,96.47874450683594,27226200,0.0,0.0
2023-01-31 00:00:00-05:00,96.40907756904596,98.40950815466127,96.35931244094722,98.36969757080078,29870700,0.0,0.0
2023-02-01 00:00:00-05:00,98.24031608663826,100.70851906446003,97.11569559851715,99.95213317871094,35531100,0.0,0.0
2023-02-02 00:00:00-05:00,105.29658441835562,107.33682553198318,105.10748604846768,107.22734832763672,69883800,0.0,0.0
2023-02-03 00:00:00-05:00,102.44023732028235,107.29701450167059,102.09190421385664,104.28143310546875,65309300,0.0,0.0
2023-02-06 00:00:00-05:00,101.9127642202071,103.86343728262108,101.39523421998128,102.41038513183594,31999600,0.0,0.0
2023-02-07 00:00:00-05:00,102.72885610117324,107.66525433974004,102.62933344338565,107.12782287597656,49010200,0.0,0.0
2023-02-08 00:00:00-05:00,101.56443476559781,102.64924474740924,97.57351278425769,98.89718627929688,94743500,0.0,0.0
2023-02-09 00:00:00-05:00,99.52417665215816,99.55403269025908,93.18448386590254,94.55792236328125,119455000,0.0,0.0
2023-02-10 00:00:00-05:00,94.99582036740944,96.2896376574072,93.80153332517445,94.12001037597656,54980700,0.0,0.0
2023-02-13 00:00:00-05:00,94.2891992478543,94.74700953187015,93.39348017343556,94.15982055664062,50076100,0.0,0.0
2023-02-14 00:00:00-05:00,93.98068174209502,94.39868146803326,91.82100889832186,94.2294921875,54726100,0.0,0.0
2023-02-15 00:00:00-05:00,94.04039749081163,96.65788833824551,93.70201891653383,96.47874450683594,50169000,0.0,0.0
2023-02-16 00:00:00-05:00,94.9162087541605,97.21521477469815,94.28920158994696,95.0555419921875,42462600,0.0,0.0
2023-02-17 00:00:00-05:00,94.39867524030484,95.10529594746632,92.76647943357575,93.90105438232422,34284100,0.0,0.0
2023-02-21 00:00:00-05:00,92.55749030076139,92.65701296526197,91.28358197173173,91.3532485961914,33629300,0.0,0.0
2023-02-22 00:00:00-05:00,91.26367049827103,91.67172328308142,90.1788605753032,91.21391296386719,30884000,0.0,0.0
2023-02-23 00:00:00-05:00,91.48262500616492,91.50253409442122,89.33290665311979,90.45752716064453,41206400,0.0,0.0
2023-02-24 00:00:00-05:00,89.01443223203913,89.46228802095382,88.15852364572393,88.70590209960938,36585100,0.0,0.0
2023-02-27 00:00:00-05:00,89.4423828125,89.73100384409955,88.91489828317458,89.4423828125,27502300,0.0,0.0
2023-02-28 00:00:00-05:00,88.90495506752045,90.79591607528975,88.89500052309056,89.63147735595703,30142000,0.0,0.0
2023-03-01 00:00:00-05:00,89.5518569460858,90.59685623870114,89.24332683704428,89.93004608154297,31111200,0.0,0.0
2023-03-02 00:00:00-05:00,89.23338599577193,91.84091472708995,89.16371177840199,91.56224822998047,32204400,0.0,0.0
2023-03-03 00:00:00-05:00,92.03996798749574,93.28402027780899,92.01010435433045,93.20439910888672,35160100,0.0,0.0
2023-03-06 00:00:00-05:00,93.57262632205895,95.51335229721735,93.55272482794965,94.6773452758789,32639300,0.0,0.0
2023-03-07 00:00:00-05:00,94.52807232544816,95.21478402463518,93.08496711653402,93.41339874267578,27835500,0.0,0.0
2023-03-08 00:00:00-05:00,93.67215786383373,95.503399070826,93.55272611825472,93.8015365600586,34103300,0.0,0.0
2023-03-09 00:00:00-05:00,93.60249368912125,95.07544729094798,91.46272231509023,91.88072204589844,28813500,0.0,0.0
2023-03-10 00:00:00-05:00,91.73143425906332,92.34848690437508,89.96985962601842,90.19876098632812,35941000,0.0,0.0
2023-03-13 00:00:00-04:00,89.66133224210813,92.1295353055602,88.99452204264824,90.67648315429688,37335600,0.0,0.0
2023-03-14 00:00:00-04:00,92.11957834566286,93.91101661837747,92.00015418954344,93.52287292480469,36050200,0.0,0.0
2023-03-15 00:00:00-04:00,92.77643156640563,96.46877732552113,92.19918956380326,95.65267944335938,50622100,0.0,0.0
2023-03-16 00:00:00-04:00,95.74225996804023,100.70852211278338,95.04559373185006,99.84265899658203,65492000,0.0,0.0
2023-03-17 00:00:00-04:00,99.78294515178816,102.35066322909664,99.62370281885212,101.136474609375,61028500,0.0,0.0
2023-03-20 00:00:00-04:00,99.6436083783907,101.26584972399411,99.3947979368084,100.73837280273438,32960400,0.0,0.0
2023-03-21 00:00:00-04:00,100.76823312250937,104.59991256706779,100.73837708314564,104.42076873779297,42110300,0.0,0.0
2023-03-22 00:00:00-04:00,103.77386251455106,106.08282326179875,102.83834035547768,102.8781509399414,43427400,0.0,0.0
2023-03-23 00:00:00-04:00,104.56010268824097,105.79420800627038,103.96295911766454,105.0975341796875,40797800,0.0,0.0
2023-03-24 00:00:00-04:00,104.49043770663731,104.98805862211833,103.34590808241246,104.93830108642578,30393300,0.0,0.0
2023-03-27 00:00:00-04:00,104.12219906093443,104.2615323044318,101.44499620942092,101.97247314453125,31120900,0.0,0.0
2023-03-28 00:00:00-04:00,101.95258058369826,101.9625275354681,99.26542295271996,100.54928588867188,32057900,0.0,0.0
2023-03-29 00:00:00-04:00,101.7933268219828,102.00232668210373,100.17108547356293,100.90756225585938,28779600,0.0,0.0
2023-03-30 00:00:00-04:00,100.42985934560198,100.6786698096316,99.3052311886087,100.40995025634766,33086200,0.0,0.0
2023-03-31 00:00:00-04:00,100.81799706625952,103.39566967562425,100.55923207299183,103.23643493652344,36863400,0.0,0.0
2023-04-03 00:00:00-04:00,101.90280629620425,104.0326231198909,101.44499598386052,103.86343383789062,25035400,0.0,0.0
2023-04-04 00:00:00-04:00,103.83357415733603,105.07762635151548,103.54495313711536,104.22171783447266,24420100,0.0,0.0
2023-04-05 00:00:00-04:00,105.2766800226226,105.59515710589082,103.16677219338038,103.97291564941406,28290500,0.0,0.0
2023-04-06 00:00:00-04:00,104.75915364055206,108.65054511701238,103.83357846595176,107.90411376953125,48711500,0.0,0.0
2023-04-10 00:00:00-04:00,106.47097183107455,107.07806234756984,104.61982146300264,105.93354034423828,27067400,0.0,0.0
2023-04-11 00:00:00-04:00,106.04301910676263,106.22216293833723,104.18191416724264,104.84872436523438,26311800,0.0,0.0
2023-04-12 00:00:00-04:00,106.07286892315904,106.24205820052738,103.84352190700692,104.14209747314453,24370300,0.0,0.0
2023-04-13 00:00:00-04:00,105.33639240206342,106.97854295202298,105.33639240206342,106.91883087158203,24843600,0.0,0.0
2023-04-14 00:00:00-04:00,106.38138494648686,108.42163347334429,106.33161982413752,108.35196685791016,26578000,0.0,0.0
2023-04-17 00:00:00-04:00,104.16201021070087,105.65487290751938,104.02266937335287,105.46577453613281,37571200,0.0,0.0
2023-04-18 00:00:00-04:00,105.98329855224205,106.03306368013463,103.57481518685294,104.00276947021484,26596400,0.0,0.0
2023-04-19 00:00:00-04:00,103.08715206626977,104.48049216706148,102.57957659955501,103.68429565429688,20905700,0.0,0.0
2023-04-20 00:00:00-04:00,103.41558568545663,105.74444800146313,103.37577509974376,104.78901672363281,27820800,0.0,0.0
2023-04-21 00:00:00-04:00,104.96815934695626,105.49563631362956,104.28144003927596,104.908447265625,25800100,0.0,0.0
2023-04-24 00:00:00-04:00,104.98805513219027,106.12263017432495,104.20181320069477,105.46577453613281,23542800,0.0,0.0
2023-04-25 00:00:00-04:00,105.32643992429568,106.1823484668057,103.34590330520571,103.3558578491211,46664100,0.0,0.0
2023-04-26 00:00:00-04:00,104.42076383754022,105.84395986079909,102.14165929158905,103.21652221679688,53347600,0.0,0.0
2023-04-27 00:00:00-04:00,103.95299784504715,107.85435127935429,103.0473318001292,107.07805633544922,50089200,0.0,0.0
2023-04-28 00:00:00-04:00,106.5306785498371,106.83920106462901,104.5899525683896,106.8292465209961,36139800,0.0,0.0
2023-05-01 00:00:00-04:00,106.33163086061985,107.47616045562452,106.31172936546945,106.6899185180664,26681700,0.0,0.0
2023-05-02 00:00:00-04:00,106.63020263275621,106.68991470916808,103.21652305785557,104.81886291503906,30997200,0.0,0.0
2023-05-03 00:00:00-04:00,105.0278714282875,106.97854454706649,104.46058387636243,104.908447265625,21795400,0.0,0.0
2023-05-04 00:00:00-04:00,104.98806056672765,105.09753777760864,103.47529629660639,104.1918716430664,23419500,0.0,0.0
2023-05-05 00:00:00-04:00,104.32124898163032,105.37620289836305,103.61462818899871,105.06768035888672,26625100,0.0,0.0
2023-05-08 00:00:00-04:00,104.67952961034783,107.44630051441501,104.65962811592014,107.2572021484375,26511400,0.0,0.0
2023-05-09 00:00:00-04:00,107.87426293991619,109.62589071265951,106.67997576350962,106.8392105102539,36360100,0.0,0.0
2023-05-10 00:00:00-04:00,107.45625661998795,112.4026095007465,107.41644603746185,111.21826934814453,63153400,0.0,0.0
2023-05-11 00:00:00-04:00,114.85090401178836,117.35890998003737,113.86561676637899,116.01533508300781,78900000,0.0,0.0
2023-05-12 00:00:00-04:00,116.12482175375534,117.46839676031283,115.55753419129361,116.95087432861328,41073800,0.0,0.0
2023-05-15 00:00:00-04:00,115.55752158860936,117.91624729796742,115.45799893103178,115.95561981201172,36266800,0.0,0.0
2023-05-16 00:00:00-04:00,115.93571083863797,120.17544287482168,115.87599876265112,118.94134521484375,45035600,0.0,0.0
2023-05-17 00:00:00-04:00,119.04087904664145,121.09107484095293,118.32430369516756,120.26502227783203,33323600,0.0,0.0
2023-05-18 00:00:00-04:00,120.37449262022581,122.72326387464808,120.25506846385703,122.24555206298828,35234200,0.0,0.0
2023-05-19 00:00:00-04:00,122.96213001121694,125.37061339548771,121.56878994331822,122.17588806152344,41330300,0.0,0.0
2023-05-22 00:00:00-04:00,122.35503332746399,125.82842519711046,122.15598040509195,124.45499420166016,35253000,0.0,0.0
2023-05-23 00:00:00-04:00,123.56923017246825,124.03698745783406,121.62850403374236,121.97683715820312,34046300,0.0,0.0
2023-05-24 00:00:00-04:00,120.54369196410875,121.32993391302894,119.28968514492404,120.32473754882812,34182600,0.0,0.0
2023-05-25 00:00:00-04:00,123.92750849840978,124.72370499429998,121.37969186050914,122.89246368408203,42317000,0.0,0.0
2023-05-26 00:00:00-04:00,122.58393158206252,124.66399090771507,121.86735626591603,124.01708221435547,35635900,0.0,0.0
2023-05-30 00:00:00-04:00,125.04217814334058,125.06208723131287,121.41949862779474,123.08155059814453,35076700,0.0,0.0
2023-05-31 00:00:00-04:00,122.16593049458432,123.46969481793454,121.91712004551185,122.28536224365234,37325800,0.0,0.0
2023-06-01 00:00:00-04:00,122.23559042304707,123.82797569129428,122.03654511192563,123.13130950927734,30772700,0.0,0.0
2023-06-02 00:00:00-04:00,123.40002514747484,125.54975101903904,123.17112379211459,124.07678985595703,26963100,0.0,0.0
2023-06-05 00:00:00-04:00,123.41993964810082,126.82366483426891,123.2507427687404,125.4104232788086,32305500,0.0,0.0
2023-06-06 00:00:00-04:00,125.41042902818297,127.6795716632302,124.76352029992727,126.70423889160156,26638300,0.0,0.0
2023-06-07 00:00:00-04:00,126.36585399872072,128.42599665134557,121.53893273241714,121.91712188720703,52539000,0.0,0.0
2023-06-08 00:00:00-04:00,121.648421239768,122.64366314354618,120.66312628800054,121.55884552001953,29389200,0.0,0.0
2023-06-09 00:00:00-04:00,121.66830847720398,123.17112570184304,121.3299299142625,121.64840698242188,23762500,0.0,0.0
2023-06-12 00:00:00-04:00,122.20573518054296,123.45974190942171,121.08111473851741,123.05168914794922,28306400,0.0,0.0
2023-06-13 00:00:00-04:00,124.38532858556286,124.5644724206038,122.59389023515342,123.24079895019531,22278300,0.0,0.0
2023-06-14 00:00:00-04:00,122.5142630804105,123.45974733869542,120.87211260494071,123.08155059814453,30592300,0.0,0.0
2023-06-15 00:00:00-04:00,122.55407822349193,124.86303896319669,121.8176013960505,124.49479675292969,35246300,0.0,0.0
2023-06-16 00:00:00-04:00,125.3308045165231,125.50994835044854,122.69341213660132,122.94222259521484,45514000,0.0,0.0
2023-06-20 00:00:00-04:00,122.34507768010195,123.97727366337496,121.55883572827894,122.51426696777344,26097500,0.0,0.0
2023-06-21 00:00:00-04:00,121.8175903515394,122.07635532970119,119.52853131499121,119.97639465332031,30306300,0.0,0.0
2023-06-22 00:00:00-04:00,119.429020209191,122.65360162877322,118.26458908449361,122.56403350830078,26952200,0.0,0.0
2023-06-23 00:00:00-04:00,120.80244992420262,122.20574454143095,120.48397284408658,121.75788116455078,34885300,0.0,0.0
2023-06-26 00:00:00-04:00,120.1854075438775,121.41950530782552,117.70724987835497,117.77691650390625,33969900,0.0,0.0
2023-06-27 00:00:00-04:00,116.52290793494869,118.51339146949954,115.54756766205826,117.76696014404297,39535900,0.0,0.0
2023-06-28 00:00:00-04:00,116.53286076190481,119.81716179676539,116.2940048517799,119.60816192626953,27091400,0.0,0.0
2023-06-29 00:00:00-04:00,118.67262791972016,119.48872587696212,117.73710580825735,118.53329467773438,24090900,0.0,0.0
2023-06-30 00:00:00-04:00,119.59819695723526,120.50387057686662,119.12048517862524,119.13043212890625,29519700,0.0,0.0
2023-07-03 00:00:00-04:00,118.67262744367262,119.61811168831736,118.25462771939205,119.3294906616211,14467900,0.0,0.0
2023-07-05 00:00:00-04:00,118.67262585976906,122.02659333927569,118.66267890915145,121.17068481445312,27584800,0.0,0.0
2023-07-06 00:00:00-04:00,119.22996777471036,119.72758866259632,117.83662777001128,119.53849029541016,24745200,0.0,0.0
2023-07-07 00:00:00-04:00,119.52854410797548,120.47402841691407,118.83187785346722,118.9114990234375,21692600,0.0,0.0
2023-07-10 00:00:00-04:00,117.73711569558557,117.74706264721117,115.58738962197427,115.89591217041016,35315200,0.0,0.0
2023-07-11 00:00:00-04:00,115.73666473923052,117.14990621068708,114.80113505861661,116.5826187133789,23078800,0.0,0.0
2023-07-12 00:00:00-04:00,118.2347265266947,119.75744523552781,117.8465828398585,118.36410522460938,30404400,0.0,0.0
2023-07-13 00:00:00-04:00,120.3545946051284,124.23603925428093,119.87687518656348,123.94741821289062,44297900,0.0,0.0
2023-07-14 00:00:00-04:00,124.20617426975937,126.17674869583614,122.90240240521798,124.8232192993164,33266800,0.0,0.0
2023-07-17 00:00:00-04:00,125.34075523343135,126.49523177773591,123.60902902733594,124.05689239501953,25716200,0.0,0.0
2023-07-18 00:00:00-04:00,124.0071191056456,124.08674026707224,122.37492326185865,123.1711196899414,26226400,0.0,0.0
2023-07-19 00:00:00-04:00,124.00712721064436,124.5843692790778,121.22045471640399,121.44935607910156,37224000,0.0,0.0
2023-07-20 00:00:00-04:00,120.84225815158732,123.49955194883329,117.65748741253887,118.63282012939453,37906800,0.0,0.0
2023-07-21 00:00:00-04:00,120.04607237662714,120.41430699448074,118.16506592367423,119.44892120361328,72937900,0.0,0.0
2023-07-24 00:00:00-04:00,121.08112274560483,122.41474313178708,120.40435800830701,120.95173645019531,29686100,0.0,0.0
2023-07-25 00:00:00-04:00,120.78254028750972,122.56402394445624,120.44415414158027,121.62849426269531,52509600,0.0,0.0
2023-07-26 00:00:00-04:00,129.45110367587904,130.35676214061976,127.70943058695467,128.6549072265625,61682100,0.0,0.0
2023-07-27 00:00:00-04:00,131.04348970124676,132.60602666094323,128.1771883763532,128.78428649902344,44952100,0.0,0.0
2023-07-28 00:00:00-04:00,130.15771946410177,133.1036418304535,129.94872719345616,131.94915771484375,36591200,0.0,0.0
2023-07-31 00:00:00-04:00,132.09843266820528,132.89462910208388,131.1529560469299,132.08848571777344,28055500,0.0,0.0
2023-08-01 00:00:00-04:00,130.1577014274451,131.99890454954252,130.0581711882357,130.92404174804688,23166800,0.0,0.0
2023-08-02 00:00:00-04:00,128.83404293845086,129.47099705811388,126.95303661740036,127.7691421508789,26273300,0.0,0.0
2023-08-03 00:00:00-04:00,127.36109434055177,128.7743358739839,126.81370831340226,127.83880615234375,20089500,0.0,0.0
2023-08-04 00:00:00-04:00,128.6648583264697,130.88424328208276,127.30138192389168,127.50042724609375,26130000,0.0,0.0
2023-08-07 00:00:00-04:00,128.5454412168282,130.98378071638075,128.4061079650305,130.90415954589844,22746300,0.0,0.0
2023-08-08 00:00:00-04:00,129.998477634037,130.88424221889798,128.92361467945548,130.77476501464844,23535200,0.0,0.0
2023-08-09 00:00:00-04:00,131.0335439778547,131.41172554952155,128.3861970452602,129.04306030273438,24912900,0.0,0.0
2023-08-10 00:00:00-04:00,130.695170875727,131.42169319546548,128.83405823487684,129.0729217529297,20857800,0.0,0.0
2023-08-11 00:00:00-04:00,128.04780050916526,129.31174653157146,127.5601266101201,128.94351196289062,19569200,0.0,0.0
2023-08-14 00:00:00-04:00,128.77433710267465,130.74491163303028,128.34639041402843,130.70510864257812,24695600,0.0,0.0
2023-08-15 00:00:00-04:00,130.47621742457744,130.7946869315138,128.66486990136232,129.16249084472656,19770700,0.0,0.0
2023-08-16 00:00:00-04:00,128.0876007080078,129.66008437897048,127.26155588739324,128.0876007080078,25216100,0.0,0.0
2023-08-17 00:00:00-04:00,129.18237944098485,131.36196125693914,128.6747964401177,129.3018035888672,33446300,0.0,0.0
2023-08-18 00:00:00-04:00,127.89851493202701,128.63499931194184,125.77865268655036,126.853515625,30491300,0.0,0.0
2023-08-21 00:00:00-04:00,126.5748532050452,128.11747344866333,125.95780055174251,127.75918579101562,25248700,0.0,0.0
2023-08-22 00:00:00-04:00,127.89852516645765,129.66010749983826,127.70944197062904,128.4658203125,22067500,0.0,0.0
2023-08-23 00:00:00-04:00,129.56057601207195,132.77521810347412,129.25205347010368,131.7401580810547,27819700,0.0,0.0
2023-08-24 00:00:00-04:00,133.31264769004198,133.61122329329774,128.95349855277775,129.16249084472656,28500700,0.0,0.0
2023-08-25 00:00:00-04:00,128.92359969772878,130.1377957542412,126.64450294743214,129.26199340820312,26762900,0.0,0.0
2023-08-28 00:00:00-04:00,130.68520278468424,131.90934598829682,129.52077166131835,130.38662719726562,20543300,0.0,0.0
2023-08-29 00:00:00-04:00,131.61080242547476,135.92020194011968,131.61080242547476,133.92971801757812,43075600,0.0,0.0
2023-08-30 00:00:00-04:00,134.1386874276615,135.6315501147355,133.43207426004315,135.23345947265625,28315800,0.0,0.0
2023-08-31 00:00:00-04:00,135.36282188790307,137.34335839261985,135.1438674929622,135.52206420898438,30053800,0.0,0.0
2023-09-01 00:00:00-04:00,136.80594945032874,136.80594945032874,134.20836765107612,135.01451110839844,21524600,0.0,0.0
2023-09-05 00:00:00-04:00,134.7955460588322,135.77087872900177,133.93963753997775,135.1239776611328,19403100,0.0,0.0
2023-09-06 00:00:00-04:00,135.37279574679286,135.88036360473524,133.03397141020704,133.82022094726562,18684500,0.0,0.0
2023-09-07 00:00:00-04:00,132.95435720820575,134.93489398818454,132.31740302153798,134.6164093017578,18844300,0.0,0.0
2023-09-08 00:00:00-04:00,134.2680724669895,136.00974558565406,134.2083603898534,135.7310791015625,23558300,0.0,0.0
2023-09-11 00:00:00-04:00,135.8903121579024,136.825841903566,135.143880788854,136.2685089111328,20763400,0.0,0.0
2023-09-12 00:00:00-04:00,135.61165035177623,136.21874849371267,134.54674945858747,134.69602966308594,18405500,0.0,0.0
2023-09-13 00:00:00-04:00,134.44720728074662,136.24859245755295,133.51167758565322,136.05950927734375,20749500,0.0,0.0
2023-09-14 00:00:00-04:00,136.94529590416627,138.04005291754626,135.5917662693323,137.4429168701172,24751000,0.0,0.0
2023-09-15 00:00:00-04:00,137.32345788063844,137.86089695130053,135.83059519619755,136.7462158203125,38908400,0.0,0.0
2023-09-18 00:00:00-04:00,135.95997529868072,138.4978447839275,135.95997529868072,137.5523681640625,21861300,0.0,0.0
2023-09-19 00:00:00-04:00,136.7661184313801,137.75141322347673,135.969922000147,137.38316345214844,20353700,0.0,0.0
2023-09-20 00:00:00-04:00,137.42299901850853,137.42299901850853,132.98421360328075,133.10365295410156,29927500,0.0,0.0
2023-09-21 00:00:00-04:00,130.81457768472256,131.60081198310746,129.4511013506065,129.8193359375,31488700,0.0,0.0
2023-09-22 00:00:00-04:00,130.1378168923183,131.4017782750434,128.9833479050883,129.6302490234375,26397300,0.0,0.0
2023-09-25 00:00:00-04:00,129.2122519182116,130.54587235985892,128.34639636353074,130.4861602783203,20094600,0.0,0.0
2023-09-26 00:00:00-04:00,129.1525391359743,129.73972818283227,126.61466938105363,127.958251953125,25718700,0.0,0.0
2023-09-27 00:00:00-04:00,127.95825647590418,130.27715670469198,127.95825647590418,129.9188690185547,22746500,0.0,0.0
2023-09-28 00:00:00-04:00,129.2222017860651,132.66574536563317,129.1724366549313,131.68045043945312,22513100,0.0,0.0
2023-09-29 00:00:00-04:00,132.64581840280536,133.41215879768615,129.739714333163,130.23733520507812,30848100,0.0,0.0
2023-10-02 00:00:00-04:00,130.58569349746125,133.78041142165446,130.5458753180762,133.53160095214844,22288000,0.0,0.0
2023-10-03 00:00:00-04:00,133.3026905762113,133.62116005886995,131.21267669893393,131.79986572265625,22989400,0.0,0.0
2023-10-04 00:00:00-04:00,132.15815718510046,134.9249434701971,131.8993997738575,134.5965118408203,26752300,0.0,0.0
2023-10-05 00:00:00-04:00,134.42730712890625,134.8453068312004,132.81500520727624,134.42730712890625,19832600,0.0,0.0
2023-10-06 00:00:00-04:00,133.3723635946971,137.50262665466772,133.3723635946971,136.92538452148438,27583200,0.0,0.0
2023-10-09 00:00:00-04:00,136.28841418957376,138.27889778472175,134.96474077645817,137.76136779785156,19278100,0.0,0.0
2023-10-10 00:00:00-04:00,137.8410002873595,139.05519659503832,136.6765691108844,137.40309143066406,27786600,0.0,0.0
2023-10-11 00:00:00-04:00,137.920628289257,140.43858915374793,137.920628289257,139.88125610351562,25884300,0.0,0.0
2023-10-12 00:00:00-04:00,140.37885098714375,140.54804026123193,137.60211801793758,138.30874633789062,24765500,0.0,0.0
2023-10-13 00:00:00-04:00,138.71679820107695,139.33384321860913,135.9699212870382,136.70640563964844,23420500,0.0,0.0
2023-10-16 00:00:00-04:00,137.51255809555218,138.9656178098258,137.33342186038425,138.43814086914062,28501900,0.0,0.0
2023-10-17 00:00:00-04:00,137.9703659398381,139.23431200334724,136.5272532818645,139.05517578125,23515800,0.0,0.0
2023-10-18 00:00:00-04:00,138.78645883619868,140.050420109336,136.72631631294968,137.30355834960938,23375000,0.0,0.0
2023-10-19 00:00:00-04:00,137.84099006998994,138.9954742091233,136.72632410734244,137.0945587158203,26066000,0.0,0.0
2023-10-20 00:00:00-04:00,136.6765521940106,137.213976060409,134.43725824267983,134.9547882080078,26315200,0.0,0.0
2023-10-23 00:00:00-04:00,134.39744989145308,137.0049938097521,133.31263994264685,135.8505096435547,26317900,0.0,0.0
2023-10-24 00:00:00-04:00,137.17417294722958,138.6968916178538,136.76612018289654,138.14950561523438,44814300,0.0,0.0
2023-10-25 00:00:00-04:00,127.55019106624778,127.69947125982357,124.4748899960184,125.01232147216797,84366200,0.0,0.0
2023-10-26 00:00:00-04:00,122.68345314790562,123.73841461751326,120.69296955110403,121.69816589355469,57061100,0.0,0.0
2023-10-27 00:00:00-04:00,122.2953048209552,122.72325908177865,119.63801114223584,121.58868408203125,44566500,0.0,0.0
2023-10-30 00:00:00-04:00,122.6237455580271,124.80332760609076,122.16593522517718,123.8677978515625,28940100,0.0,0.0
2023-10-31 00:00:00-04:00,124.46493382160276,124.7734639348329,122.10621567689739,123.4896011352539,26292300,0.0,0.0
2023-11-01 00:00:00-04:00,123.47965479092001,125.88813822149176,123.13132166552205,125.84832763671875,30082400,0.0,0.0
2023-11-02 00:00:00-04:00,127.80895226837836,128.36628525589762,126.32604408767605,126.88337707519531,27124600,0.0,0.0
2023-11-03 00:00:00-04:00,127.41086997739491,128.91367975208917,127.25162763160075,128.48573303222656,26380100,0.0,0.0
2023-11-06 00:00:00-05:00,128.43596185853923,129.7198171439132,128.0577651016171,129.6302490234375,19052700,0.0,0.0
2023-11-07 00:00:00-05:00,130.088074849574,131.28236208699965,129.2620222539232,130.34683227539062,29757300,0.0,0.0
2023-11-08 00:00:00-05:00,130.34682148408558,131.580926799427,130.15772310979614,131.21267700195312,26425800,0.0,0.0
2023-11-09 00:00:00-05:00,131.33210198045876,131.9192909413078,129.45109576679184,129.6202850341797,23747800,0.0,0.0
2023-11-10 00:00:00-05:00,129.48096408570086,132.16811390496133,128.79424481480643,131.9591064453125,26913300,0.0,0.0
2023-11-13 00:00:00-05:00,131.1529795085951,131.95912303711475,130.62550250385542,131.4615020751953,18324800,0.0,0.0
2023-11-14 00:00:00-05:00,133.55150228019363,135.0543119616439,132.68564675621332,132.9842071533203,32395200,0.0,0.0
2023-11-15 00:00:00-05:00,134.2282568614201,134.38749919428832,132.93445466887385,133.9794464111328,23861500,0.0,0.0
2023-11-16 00:00:00-05:00,134.54673149706534,136.56707098789275,133.68087605419174,136.2784423828125,28013200,0.0,0.0
2023-11-17 00:00:00-05:00,135.35288749837048,135.41259957777135,133.01406314727024,134.66616821289062,37240600,0.0,0.0
2023-11-20 00:00:00-05:00,133.0538681927624,136.0097373208595,132.98419398288115,135.6016845703125,27815500,0.0,0.0
2023-11-21 00:00:00-05:00,135.6414955150459,136.52726009180356,135.31307909148632,136.31826782226562,22635300,0.0,0.0
2023-11-22 00:00:00-05:00,136.81588856208788,138.75660699373168,136.81588856208788,137.83103942871094,17813900,0.0,0.0
2023-11-24 00:00:00-05:00,137.3732168512701,137.4727471002464,135.3429303733346,136.0395965576172,12514300,0.0,0.0
2023-11-27 00:00:00-05:00,135.38272858362578,137.76135566285393,135.35287254722326,135.76092529296875,23436500,0.0,0.0
2023-11-28 00:00:00-05:00,135.43249901776102,136.59693004167585,134.77563581877808,136.5471649169922,18730000,0.0,0.0
2023-11-29 00:00:00-05:00,136.91541225652824,137.63197233173457,134.19839139618142,134.34768676757812,23967200,0.0,0.0
2023-11-30 00:00:00-05:00,134.4074124729324,134.9050333890216,130.65534651348793,131.89939880371094,38988300,0.0,0.0
2023-12-01 00:00:00-05:00,131.2325897216797,131.48140018185381,130.04824950146127,131.2325897216797,31431200,0.0,0.0
2023-12-04 00:00:00-05:00,129.26200531072064,129.41128550101195,127.29142327486284,128.6549072265625,36669900,0.0,0.0
2023-12-05 00:00:00-05:00,128.33642794624606,131.51125173964408,127.63976171874135,130.36672973632812,27384800,0.0,0.0
2023-12-06 00:00:00-05:00,130.8145935589201,131.21268423164344,129.26201867463922,129.40135192871094,23576200,0.0,0.0
2023-12-07 00:00:00-05:00,134.39743612631167,137.90069125733066,134.05905758383045,136.2784423828125,56767100,0.0,0.0
2023-12-08 00:00:00-05:00,133.56143729563297,135.7509660671318,133.39224802366363,134.34768676757812,32233900,0.0,0.0
2023-12-11 00:00:00-05:00,131.75011845279244,132.70554210632815,130.73496753299872,132.65577697753906,31138000,0.0,0.0
2023-12-12 00:00:00-05:00,131.1828065229698,132.36714658005434,130.635420548748,131.88943481445312,29032800,0.0,0.0
2023-12-13 00:00:00-05:00,132.74535238978922,132.86477654283303,130.94396721251857,131.939208984375,30104800,0.0,0.0
2023-12-14 00:00:00-05:00,132.74536075457883,133.0837393336483,129.0729159552244,131.3122100830078,38722400,0.0,0.0
2023-12-15 00:00:00-05:00,130.99370737808474,132.87471357909496,130.55579860135293,131.96905517578125,50815200,0.0,0.0
2023-12-18 00:00:00-05:00,131.99892443621175,136.4974064259798,131.79986392780293,135.15383911132812,32258000,0.0,0.0
2023-12-19 00:00:00-05:00,136.18888474941207,136.81589194521072,135.43250644576105,135.99978637695312,25476800,0.0,0.0
2023-12-20 00:00:00-05:00,138.30875463223933,141.02576050336694,137.41304308366068,137.68174743652344,49107200,0.0,0.0
2023-12-21 00:00:00-05:00,138.8262939224738,140.02058112931533,138.51775618635745,139.75186157226562,27488300,0.0,0.0
2023-12-22 00:00:00-05:00,140.10018194492363,141.3143780648777,140.0404698711855,140.81675720214844,26514600,0.0,0.0
2023-12-26 00:00:00-05:00,140.91629294532333,142.00110294060704,140.51820227118546,140.8466339111328,16780300,0.0,0.0
2023-12-27 00:00:00-05:00,140.91626822874798,141.4039421272873,139.22436038114222,139.7020721435547,19628600,0.0,0.0
2023-12-28 00:00:00-05:00,140.11014545033115,140.46843312127822,139.08504756687975,139.56275939941406,16045700,0.0,0.0
2023-12-29 00:00:00-05:00,138.9656175115826,139.6921397740678,138.11965590639036,139.02532958984375,18727200,0.0,0.0
2024-01-02 00:00:00-05:00,137.89075472780192,138.78646627528045,135.83059690794266,137.51255798339844,23711200,0.0,0.0
2024-01-03 00:00:00-05:00,136.59693546241698,138.96561577846637,136.42774618072553,138.2589874267578,24212100,0.0,0.0
2024-01-04 00:00:00-05:00,137.76136746127565,138.49785185670754,135.7012248421468,135.74102783203125,27137700,0.0,0.0
2024-01-05 00:00:00-05:00,136.099303011815,136.50735575510845,134.5069102110609,135.0841522216797,22506000,0.0,0.0
2024-01-08 00:00:00-05:00,135.6414974529206,138.3485563481057,135.61164141398862,138.1793670654297,21404000,0.0,0.0
2024-01-09 00:00:00-05:00,137.84100303562764,140.81678178118554,137.49266229644218,140.2793426513672,24759600,0.0,0.0
2024-01-10 00:00:00-05:00,140.32908858441377,142.31957211043382,140.23952047042707,141.60299682617188,21320200,0.0,0.0
2024-01-11 00:00:00-05:00,142.80724039792497,144.52900432776065,139.97079541096244,141.40394592285156,24008700,0.0,0.0
2024-01-12 00:00:00-05:00,141.99116153174606,142.51863852935318,141.14521501963384,141.97125244140625,18768600,0.0,0.0
2024-01-16 00:00:00-05:00,141.3243377622621,143.66316210251998,140.77695172665017,141.81201171875,22670500,0.0,0.0
2024-01-17 00:00:00-05:00,140.67743558387372,141.16509435045725,138.2390810062168,140.79685974121094,20968600,0.0,0.0
2024-01-18 00:00:00-05:00,141.37411363155687,143.5238397604635,141.31440154789604,142.79730224609375,25746400,0.0,0.0
2024-01-19 00:00:00-05:00,144.0512911351479,145.75314596163335,143.69300351070092,145.68348693847656,33300700,0.0,0.0
2024-01-22 00:00:00-05:00,146.40008345019257,147.68393876565145,145.14606898940627,145.2953643798828,32200400,0.0,0.0
2024-01-23 00:00:00-05:00,145.19582529685954,146.479680534306,144.80768160310274,146.34034729003906,21636100,0.0,0.0
2024-01-24 00:00:00-05:00,147.8331893305178,149.13696866006512,147.3952957569968,147.992431640625,25233500,0.0,0.0
2024-01-25 00:00:00-05:00,149.35593119114108,152.32174724438246,148.82843911184986,151.14735412597656,29149100,0.0,0.0
2024-01-26 00:00:00-05:00,150.38102577143502,151.81416105186207,150.2914424776346,151.46583557128906,26115500,0.0,0.0
2024-01-29 00:00:00-05:00,151.33647388220928,153.0482910859022,150.70946665463993,152.77957153320312,27784300,0.0,0.0
2024-01-30 00:00:00-05:00,152.07293911887135,152.88902943924788,150.47059932888845,150.73931884765625,36331800,0.0,0.0
2024-01-31 00:00:00-05:00,142.93663591761012,143.31483269680623,139.20447881613077,139.4333953857422,71910000,0.0,0.0
2024-02-01 00:00:00-05:00,141.44376595073413,142.37929571349378,140.12009247642374,140.48834228515625,40466500,0.0,0.0
2024-02-02 00:00:00-05:00,138.5973652180094,141.94137821596175,135.8505033642639,141.70252990722656,62470600,0.0,0.0
2024-02-05 00:00:00-05:00,142.14044450127528,144.7778292586984,142.10062632407735,142.996337890625,38505400,0.0,0.0
2024-02-06 00:00:00-05:00,143.96170795232408,144.6683362516594,142.50866355317078,143.41433715820312,29128200,0.0,0.0
2024-02-07 00:00:00-05:00,144.07120099538642,144.9271095715937,143.24514845900856,144.8474884033203,25208900,0.0,0.0
2024-02-08 00:00:00-05:00,145.1361228470937,145.6337437790856,144.40960053851757,145.2157440185547,22563800,0.0,0.0
2024-02-09 00:00:00-05:00,145.98206257663242,148.72893971350393,145.4844416676264,148.29103088378906,26829500,0.0,0.0
2024-02-12 00:00:00-05:00,147.7137981136562,148.6294188215734,146.6687911016663,146.82803344726562,21564100,0.0,0.0
2024-02-13 00:00:00-05:00,144.23043219737744,145.97210525516456,143.00628910032142,144.4493865966797,27837700,0.0,0.0
2024-02-14 00:00:00-05:00,145.38492345402256,145.82283227426896,143.40438681197526,145.24559020996094,22704200,0.0,0.0
2024-02-15 00:00:00-05:00,142.45890230948538,142.83709903093674,139.79166173091048,142.09066772460938,37590700,0.0,0.0
2024-02-16 00:00:00-05:00,142.30962780983683,142.5086731289085,139.47318265796596,139.85137939453125,31451100,0.0,0.0
2024-02-20 00:00:00-05:00,138.99547233345777,141.40395564806843,138.82628305113792,140.44851684570312,25144700,0.0,0.0
2024-02-21 00:00:00-05:00,140.7769473233704,142.01105260267784,140.0106068974836,141.87171936035156,23315700,0.0,0.0
2024-02-22 00:00:00-05:00,144.2403879015234,144.31006211743158,142.1205331777144,143.40438842773438,27191900,0.0,0.0
2024-02-23 00:00:00-05:00,142.98639577127176,143.99158457980388,142.7475322585676,143.2750244140625,19493800,0.0,0.0
2024-02-26 00:00:00-05:00,141.46366762210727,141.76224319676408,136.73626911295864,136.91542053222656,53641800,0.0,0.0
2024-02-27 00:00:00-05:00,137.36326874512392,138.58741182907696,136.4376860332201,138.21917724609375,33099200,0.0,0.0
2024-02-28 00:00:00-05:00,137.24383567629263,137.35331287977036,134.76569335803654,135.7310791015625,37328600,0.0,0.0
2024-02-29 00:00:00-05:00,136.62679995745088,138.19928390284318,135.7509822698437,137.8011932373047,42133000,0.0,0.0
2024-03-01 00:00:00-05:00,137.7713278936221,138.20923675612528,136.2685181029281,136.4874725341797,31119500,0.0,0.0
2024-03-04 00:00:00-05:00,135.01450600221577,135.01450600221577,131.28234925858652,132.7154998779297,55999400,0.0,0.0
2024-03-05 00:00:00-05:00,131.2524924723796,132.60602191781157,130.04824322136915,132.03872680664062,40194800,0.0,0.0
2024-03-06 00:00:00-05:00,132.4865821068133,132.94440001172532,130.22739417958527,130.77476501464844,35318600,0.0,0.0
2024-03-07 00:00:00-05:00,132.1581545511722,134.29793357515936,130.98377649333827,133.7406005859375,37738200,0.0,0.0
2024-03-08 00:00:00-05:00,133.57139899877532,137.43292657686754,133.36239155397143,134.76568603515625,39343100,0.0,0.0
2024-03-11 00:00:00-04:00,135.48227264684192,138.43814204162481,135.48227264684192,137.0149383544922,32437800,0.0,0.0
2024-03-12 00:00:00-04:00,136.37798151039325,138.7168057955102,136.37798151039325,137.8409881591797,27563400,0.0,0.0
2024-03-13 00:00:00-04:00,138.3385978832427,140.41864941536429,138.3286509331548,139.1248321533203,23347200,0.0,0.0
2024-03-14 00:00:00-04:00,140.5181976030222,142.90677194087021,139.79167531307277,142.4191131591797,42753400,0.0,0.0
2024-03-15 00:00:00-04:00,141.8219663022628,142.49872348366935,139.36371767146207,140.50823974609375,49460600,0.0,0.0
2024-03-18 00:00:00-04:00,147.9028930046686,151.4260424972047,146.46974230052322,146.97731018066406,69273700,0.0,0.0
2024-03-19 00:00:00-04:00,147.45502663716707,148.08201863565114,145.38492190024363,146.3303985595703,24070400,0.0,0.0
2024-03-20 00:00:00-04:00,147.29577274930563,148.15168122543136,146.04177366454698,148.03225708007812,21311500,0.0,0.0
2024-03-21 00:00:00-04:00,148.75880250267042,149.6545141050477,146.20102362495862,146.897705078125,24755600,0.0,0.0
2024-03-22 00:00:00-04:00,148.41045420254932,150.85875574292584,148.2711209562635,150.0526123046875,29175700,0.0,0.0
2024-03-25 00:00:00-04:00,149.22655548099812,149.6644642956251,147.11664775908744,149.35594177246094,19229300,0.0,0.0
2024-03-26 00:00:00-04:00,149.505223453737,151.53551003081748,149.26635995623974,149.9530792236328,22149100,0.0,0.0
2024-03-27 00:00:00-04:00,150.46063737451573,150.91845525200065,148.19148744617945,150.15211486816406,22879200,0.0,0.0
2024-03-28 00:00:00-04:00,150.13223178829975,150.70945866916398,149.45545946665504,150.2118377685547,24485400,0.0,0.0
2024-04-01 00:00:00-04:00,149.97300370954966,154.99897832063243,149.89338253554243,154.7501678466797,31730800,0.0,0.0
2024-04-02 00:00:00-04:00,152.7696158272029,153.96390294626983,151.4260333268872,153.82456970214844,24586000,0.0,0.0
2024-04-03 00:00:00-04:00,152.86911976161267,154.34207311532134,152.00324922076533,154.18283081054688,24705000,0.0,0.0
2024-04-04 00:00:00-04:00,152.7696206660751,154.03358204033015,149.73413005208545,149.81375122070312,34724700,0.0,0.0
2024-04-05 00:00:00-04:00,149.31611992588236,152.6899888823038,148.8881732587718,151.7743682861328,23449300,0.0,0.0
2024-04-08 00:00:00-04:00,152.05306211326507,154.5312200065727,151.8838728061024,154.11322021484375,20702000,0.0,0.0
2024-04-09 00:00:00-04:00,155.3472906145229,157.80553910227465,154.4515790592109,155.85487365722656,31113000,0.0,0.0
2024-04-10 00:00:00-04:00,155.4667384289104,155.8648291004754,153.94400440401932,155.39706420898438,22838600,0.0,0.0
2024-04-11 00:00:00-04:00,156.16338491032602,158.92019359328873,155.7155291650152,158.6514892578125,27166400,0.0,0.0
2024-04-12 00:00:00-04:00,157.20840874623565,159.4576498521726,156.39230314278245,156.9794921875,25329200,0.0,0.0
2024-04-15 00:00:00-04:00,158.1041210913814,158.48231785442226,153.85443413456358,154.12315368652344,27136500,0.0,0.0
2024-04-16 00:00:00-04:00,153.45633670421336,154.9093812386726,152.6999432114734,153.6653289794922,20779500,0.0,0.0
2024-04-17 00:00:00-04:00,154.8795200598381,156.33257973226392,153.84447529646815,154.73023986816406,21763100,0.0,0.0
2024-04-18 00:00:00-04:00,154.6008594858019,156.19325246003623,153.88428416601494,155.26766967773438,19883000,0.0,0.0
2024-04-19 00:00:00-04:00,155.45675694613493,155.61599926941918,151.5753202297304,153.35679626464844,32239100,0.0,0.0
2024-04-22 00:00:00-04:00,153.5757645889644,156.88992171020138,153.32695413108942,155.53639221191406,26446200,0.0,0.0
2024-04-23 00:00:00-04:00,156.21317098136774,158.21360167796144,155.53639861128644,157.50697326660156,21151600,0.0,0.0
2024-04-24 00:00:00-04:00,156.74063729958468,158.8107420758396,156.42215263269097,158.37283325195312,22779100,0.0,0.0
2024-04-25 00:00:00-04:00,150.60994355919925,155.74539489675468,150.15212564884374,155.25772094726562,57109700,0.0,0.0
2024-04-26 00:00:00-04:00,173.54030395897186,173.8786977049699,168.84276155222324,171.13182067871094,64665300,0.0,0.0
2024-04-29 00:00:00-04:00,168.25557809024173,168.74325204452023,164.4239062306873,165.3594207763672,45610000,0.0,0.0
2024-04-30 00:00:00-04:00,164.8219988264117,167.3001564313842,161.82632640780892,162.00546264648438,33562900,0.0,0.0
2024-05-01 00:00:00-04:00,163.51823108824746,166.3248050727695,162.31398182603573,163.080322265625,33493200,0.0,0.0
2024-05-02 00:00:00-04:00,164.00588469256783,165.9366561572897,163.1101731735162,165.82717895507812,24294500,0.0,0.0
2024-05-03 00:00:00-04:00,166.7627138644963,167.16081969689057,162.27417880581723,166.44424438476562,34662400,0.0,0.0
2024-05-06 00:00:00-04:00,166.66318628303551,167.33994336801806,165.23998271662975,167.30014038085938,21871300,0.0,0.0
2024-05-07 00:00:00-04:00,167.69823532661383,170.94271797332505,167.58875812637166,170.43515014648438,28039700,0.0,0.0
2024-05-08 00:00:00-04:00,168.19586940682248,169.34039143777946,167.93711199783866,168.57406616210938,19569100,0.0,0.0
2024-05-09 00:00:00-04:00,168.58401102643612,169.87782842770906,167.37976174414283,169.15130615234375,15346700,0.0,0.0
2024-05-10 00:00:00-04:00,167.2304738812949,169.0418211972959,165.39923266388908,167.84751892089844,29799900,0.0,0.0
2024-05-13 00:00:00-04:00,163.47839037721408,168.4745077861581,163.21963301141685,168.33517456054688,31327600,0.0,0.0
2024-05-14 00:00:00-04:00,168.9622000666333,170.43515363864887,167.99681433185833,169.52947998046875,25127100,0.0,0.0
2024-05-15 00:00:00-04:00,169.81810379537313,171.82848118606026,169.69866445937762,171.68914794921875,26948400,0.0,0.0
2024-05-16 00:00:00-04:00,172.46544694250113,174.28674128104558,171.86831096693263,173.35121154785156,27867900,0.0,0.0
2024-05-17 00:00:00-04:00,173.3512152736709,175.43128224723478,172.86355649440316,175.22227478027344,24479300,0.0,0.0
2024-05-20 00:00:00-04:00,175.3516485419678,177.9193741112275,175.24217134065958,176.0781707763672,22554400,0.0,0.0
2024-05-21 00:00:00-04:00,176.05827701539062,177.30232932665308,174.97346704465423,177.00376892089844,16989400,0.0,0.0
2024-05-22 00:00:00-04:00,175.79951363051288,176.30708148924128,174.37632512413728,175.54075622558594,17880000,0.0,0.0
2024-05-23 00:00:00-04:00,176.22746793765114,177.40184593977742,172.12706150853876,172.72421264648438,21024900,0.0,0.0
2024-05-24 00:00:00-04:00,174.14738649676494,174.93363593537208,172.82371322799463,174.1573486328125,16572500,0.0,0.0
2024-05-28 00:00:00-04:00,173.61993514476987,176.42652440990983,173.54031397559726,175.56065368652344,20572200,0.0,0.0
2024-05-29 00:00:00-04:00,174.59526917665025,175.99856381955107,173.88865597259237,175.0630340576172,23388700,0.0,0.0
2024-05-30 00:00:00-04:00,174.36635482166008,174.3862639091637,170.97257674604643,171.2910614013672,22958700,0.0,0.0
2024-05-31 00:00:00-04:00,171.0422451160524,172.23653216033742,168.63376194065896,171.67919921875,37638900,0.0,0.0
2024-06-03 00:00:00-04:00,171.71901635552842,173.69955303760383,170.3455929752159,172.3460235595703,27459100,0.0,0.0
2024-06-04 00:00:00-04:00,172.4554906420356,173.02278573356492,171.0721052056168,172.9630584716797,26879600,0.0,0.0
2024-06-05 00:00:00-04:00,174.36637094531457,175.8094686059924,173.10240953018123,174.57537841796875,22068500,0.0,0.0
2024-06-06 00:00:00-04:00,175.06303132341756,176.30708360737074,174.9137511238172,175.8890838623047,23251000,0.0,0.0
2024-06-07 00:00:00-04:00,176.2075553066339,177.02364564681855,173.47064048742553,173.6298828125,19661400,0.0,0.0
2024-06-10 00:00:00-04:00,174.3373180757214,176.41975708694557,172.13530264029285,174.37716674804688,23779200,0.2,0.0
2024-06-11 00:00:00-04:00,175.5828062037414,176.20055947666336,173.14166821496,175.98135375976562,21540600,0.0,0.0
2024-06-12 00:00:00-04:00,177.60545332869307,179.75764648213246,175.47319211286342,177.14710998535156,27864700,0.0,0.0
2024-06-13 00:00:00-04:00,175.4731883543162,176.10091514486052,174.24764028080844,174.52662658691406,20913300,0.0,0.0
2024-06-14 00:00:00-04:00,173.59002726213419,176.419754263997,173.52027308216327,176.15072631835938,18063600,0.0,0.0
2024-06-17 00:00:00-04:00,174.82555863477174,177.71506640628968,174.1778998559042,176.59912109375,19618500,0.0,0.0
2024-06-18 00:00:00-04:00,176.49946899358264,176.74856500464978,173.47046818859647,174.45687866210938,21869900,0.0,0.0
2024-06-20 00:00:00-04:00,174.73586105725994,176.64891655489416,174.35724546739127,175.66250610351562,20160100,0.0,0.0
2024-06-21 00:00:00-04:00,176.35998891289265,180.19607384922364,175.97139971495798,178.98048400878906,58582700,0.0,0.0
2024-06-24 00:00:00-04:00,179.50854860133447,180.23590467855502,178.02393093898397,178.5719451904297,18298000,0.0,0.0
2024-06-25 00:00:00-04:00,178.9705054995933,183.62361737855215,178.77123172218378,183.36456298828125,23235600,0.0,0.0
2024-06-26 00:00:00-04:00,181.96962309255457,183.84281475961373,181.82015636356306,183.21510314941406,19839000,0.0,0.0
2024-06-27 00:00:00-04:00,183.51399970907897,185.37724814669312,183.35458982218609,184.73956298828125,18848900,0.0,0.0
2024-06-28 00:00:00-04:00,183.65351502999962,184.46058367632295,181.30204806851228,181.49134826660156,29156600,0.0,0.0
2024-07-01 00:00:00-04:00,182.36815677467078,183.2150892304388,180.64441676394287,182.32830810546875,16006100,0.0,0.0
2024-07-02 00:00:00-04:00,181.39172281674388,184.89899899691764,180.9034891495935,184.5701904296875,17372500,0.0,0.0
2024-07-03 00:00:00-04:00,184.18160800788647,185.41711456855907,183.33467543665162,185.14810180664062,10242100,0.0,0.0
2024-07-05 00:00:00-04:00,185.1879463493014,190.16986676631305,185.1281657368756,189.9108123779297,20967500,0.0,0.0
2024-07-08 00:00:00-04:00,189.2133152781957,189.48234321486567,187.10098606603526,188.34646606445312,21035900,0.0,0.0
2024-07-09 00:00:00-04:00,189.62183867706156,190.6680449292031,188.03759174863737,188.29664611816406,15121400,0.0,0.0
2024-07-10 00:00:00-04:00,188.46604995162622,191.05665474143063,188.34648872255113,190.48870849609375,15952500,0.0,0.0
2024-07-11 00:00:00-04:00,189.16350913484757,190.16985150502285,184.41075318141904,184.89898681640625,25625800,0.0,0.0
2024-07-12 00:00:00-04:00,184.4107609794594,186.4334193756876,183.8228980414375,184.4008026123047,22898400,0.0,0.0
2024-07-15 00:00:00-04:00,184.25133560725024,187.55933793133792,184.25133560725024,185.8555145263672,16474000,0.0,0.0
2024-07-16 00:00:00-04:00,186.68250724756794,187.99772622450305,182.70692960576108,183.25494384765625,18290700,0.0,0.0
2024-07-17 00:00:00-04:00,182.308393887249,182.88629847032706,179.24948750496557,180.36544799804688,20734100,0.0,0.0
2024-07-18 00:00:00-04:00,181.27214401888858,181.84009022857012,175.83189558689608,177.0474853515625,25315700,0.0,0.0
2024-07-19 00:00:00-04:00,178.2331677734678,179.63805760345338,176.4894958420638,177.017578125,18881900,0.0,0.0
2024-07-22 00:00:00-04:00,179.93699542176336,182.03936641608118,179.57829654867925,181.01309204101562,24100300,0.0,0.0
2024-07-23 00:00:00-04:00,181.39171422932947,182.94607087092996,180.88354864784296,181.1326446533203,36352700,0.0,0.0
2024-07-24 00:00:00-04:00,172.97227682395808,175.5529078595556,171.1987144347076,172.0057830810547,49585200,0.0,0.0
2024-07-25 00:00:00-04:00,171.8961830942536,172.7929226710128,166.58545420511723,166.6751251220703,44852000,0.0,0.0
2024-07-26 00:00:00-04:00,166.54558494627688,167.48218836937892,163.4667619348052,166.39613342285156,41336900,0.0,0.0
2024-07-29 00:00:00-04:00,168.2195263708959,169.8137317797604,167.38256739097093,168.9169921875,20293800,0.0,0.0
2024-07-30 00:00:00-04:00,169.6244330706624,170.61084359012222,167.8309386667155,169.6742401123047,18959700,0.0,0.0
2024-07-31 00:00:00-04:00,172.61355784032972,173.61990013827557,169.39522679360476,170.91969299316406,25729100,0.0,0.0
2024-08-01 00:00:00-04:00,169.63438196406787,173.42064433790932,168.2693407012315,170.1425323486328,24531400,0.0,0.0
2024-08-02 00:00:00-04:00,165.83816733480066,167.90067445744558,164.0745632707895,166.057373046875,29130100,0.0,0.0
2024-08-05 00:00:00-04:00,154.93770864058513,163.8354102699276,154.36976247516517,158.6741485595703,53630700,0.0,0.0
2024-08-06 00:00:00-04:00,158.7538687510913,159.98939041713092,155.8444292184306,157.71762084960938,49004600,0.0,0.0
2024-08-07 00:00:00-04:00,160.6669093473954,162.39064929609555,157.8969632273386,158.36526489257812,25138600,0.0,0.0
2024-08-08 00:00:00-04:00,159.92958392090395,163.0980928190794,159.63068089584155,161.444091796875,25578800,0.0,0.0
2024-08-09 00:00:00-04:00,159.43140161323996,163.1977319936456,158.48483983468753,163.0781707763672,28602300,0.0,0.0
2024-08-12 00:00:00-04:00,163.7557348172286,164.30373391569762,161.25480096688574,161.7031707763672,15895300,0.0,0.0
2024-08-13 00:00:00-04:00,162.81911822642027,164.13433724204145,162.3807068200086,163.56640625,18551700,0.0,0.0
2024-08-14 00:00:00-04:00,161.81275843785846,162.6298006303333,157.13973016458638,159.79010009765625,40591100,0.0,0.0
2024-08-15 00:00:00-04:00,159.9196408139774,161.05551802843678,159.03285961324696,160.7167510986328,31524300,0.0,0.0
2024-08-16 00:00:00-04:00,160.88612516941268,164.46314006883134,160.54735825938926,162.37074279785156,24208600,0.0,0.0
2024-08-19 00:00:00-04:00,164.68236373765842,166.0872689752546,163.66604769305533,166.0673370361328,22416200,0.0,0.0
2024-08-20 00:00:00-04:00,166.2964988999767,168.03021269363555,166.21680155178487,166.5754852294922,18341500,0.0,0.0
2024-08-21 00:00:00-04:00,164.5528089649255,166.2466739015297,164.07454890935912,165.2502899169922,22902000,0.0,0.0
2024-08-22 00:00:00-04:00,166.6551983521646,166.98400692813732,162.71948421537596,163.2077178955078,22493300,0.0,0.0
2024-08-23 00:00:00-04:00,164.12437861861332,165.57909078821876,163.237597440162,165.0211181640625,13955700,0.0,0.0
2024-08-26 00:00:00-04:00,165.77837928622512,166.9441467734434,163.8653237787171,165.55917358398438,14190400,0.0,0.0
2024-08-27 00:00:00-04:00,165.2403275821356,165.83816409495242,163.86532792843937,164.0845184326172,11821900,0.0,0.0
2024-08-28 00:00:00-04:00,164.44322254791618,165.0012104060404,160.94591988607655,162.2611541748047,16407400,0.0,0.0
2024-08-29 00:00:00-04:00,163.71585770644296,165.36985884682494,159.67054097302747,161.19500732421875,19699800,0.0,0.0
2024-08-30 00:00:00-04:00,162.03196874119254,163.06821666334946,161.10533887588517,162.7892303466797,22123800,0.0,0.0
2024-09-03 00:00:00-04:00,161.13523558890284,161.26477038522722,155.91417750545756,156.79100036621094,38945300,0.0,0.0
2024-09-04 00:00:00-04:00,156.09352467815137,158.42505964289654,155.3960589028362,155.88427734375,19353800,0.0,0.0
2024-09-05 00:00:00-04:00,155.73482906151818,158.87343271753585,155.41597886981896,156.6714324951172,18688700,0.0,0.0
2024-09-06 00:00:00-04:00,156.73120219936595,157.25928448946016,150.00561037278717,150.374267578125,37912100,0.0,0.0
2024-09-09 00:00:00-04:00,152.16016788537544,153.04812579911544,146.88230875795676,148.368896484375,39260500,0.2,0.0
2024-09-10 00:00:00-04:00,150.10488755816476,150.92301391041104,147.9997269680091,148.31900024414062,31118800,0.0,0.0
2024-09-11 00:00:00-04:00,149.57611698577008,151.15249466457212,147.18162811030237,150.8132781982422,29607700,0.0,0.0
2024-09-12 00:00:00-04:00,153.4472166512295,154.46488123819847,152.29984538660895,154.33517456054688,29695000,0.0,0.0
2024-09-13 00:00:00-04:00,155.0734584425326,158.0167037423396,154.85397709703722,157.09881591796875,29591200,0.0,0.0
2024-09-16 00:00:00-04:00,156.949153850456,157.88700007819574,156.2407910010188,157.6974334716797,18379800,0.0,0.0
2024-09-17 00:00:00-04:00,158.65524442097214,160.18173369132347,158.01671306098063,158.95455932617188,20715600,0.0,0.0
2024-09-18 00:00:00-04:00,159.493308763357,160.13184010247764,158.23620447115354,159.44342041015625,23677300,0.0,0.0
2024-09-19 00:00:00-04:00,163.3344876968325,163.41429079540828,160.96991366518583,161.76808166503906,26587700,0.0,0.0
2024-09-20 00:00:00-04:00,163.12496229374892,163.35443045510996,161.68826294232812,163.21475219726562,40896400,0.0,0.0
2024-09-23 00:00:00-04:00,163.97300985155823,165.1103942398001,161.29914948564644,161.47874450683594,24150900,0.0,0.0
2024-09-24 00:00:00-04:00,162.65603264196153,162.84559924653018,160.32140390143587,161.917724609375,23332100,0.0,0.0
2024-09-25 00:00:00-04:00,161.09960948590057,162.43653204188453,160.93000127122684,161.11956787109375,18869200,0.0,0.0
2024-09-26 00:00:00-04:00,163.26463623457852,163.70362938299246,161.90775524120266,162.35671997070312,20319300,0.0,0.0
2024-09-27 00:00:00-04:00,162.4365443712631,165.31991468714682,162.25696456225583,163.5739288330078,21101300,0.0,0.0
2024-09-30 00:00:00-04:00,162.9453785886578,165.76887364583845,162.88550343062403,165.46957397460938,20413900,0.0,0.0
2024-10-01 00:00:00-04:00,167.30535540779766,168.7719847422779,164.2024885113937,166.60696411132812,28338100,0.0,0.0
2024-10-02 00:00:00-04:00,166.03826626655388,167.13574919120185,164.3521403294987,165.47955322265625,17760200,0.0,0.0
2024-10-03 00:00:00-04:00,164.0328822574666,166.25776285148348,163.54400073216186,165.47955322265625,15073100,0.0,0.0
2024-10-04 00:00:00-04:00,167.6744944881404,167.84410270815644,165.10041077348518,166.67678833007812,19047400,0.0,0.0
2024-10-07 00:00:00-04:00,167.3352883566198,168.09353960289477,162.37668722767793,162.6061553955078,22463100,0.0,0.0
2024-10-08 00:00:00-04:00,163.5639517960843,164.35213297119705,162.49639888774195,164.00294494628906,23072700,0.0,0.0
2024-10-09 00:00:00-04:00,163.07507293573457,164.46188392429227,159.37359151374716,161.4887237548828,31181800,0.0,0.0
2024-10-10 00:00:00-04:00,160.50099024469034,162.69595604624766,160.0320671165202,161.70822143554688,14144100,0.0,0.0
2024-10-11 00:00:00-04:00,161.75810039177787,163.52402928799188,160.87014254138842,162.8655548095703,15344300,0.0,0.0
2024-10-14 00:00:00-04:00,163.26463978878337,165.84869515872447,163.02518482340258,164.5816192626953,19016100,0.0,0.0
2024-10-15 00:00:00-04:00,165.40970450318616,167.29536861569628,164.25237687914083,165.08047485351562,20247200,0.0,0.0
2024-10-16 00:00:00-04:00,164.1525834736406,165.41967448375283,163.36440235282572,164.78114318847656,16406000,0.0,0.0
2024-10-17 00:00:00-04:00,165.3498394792033,165.9883708197769,162.3866509330354,162.55625915527344,21453400,0.0,0.0
2024-10-18 00:00:00-04:00,162.81568258592537,164.3322003226238,162.7059342913527,163.04515075683594,19757700,0.0,0.0
2024-10-21 00:00:00-04:00,162.57622324771475,164.12267091200812,162.24697837282997,163.69366455078125,20946500,0.0,0.0
2024-10-22 00:00:00-04:00,162.60615092256947,165.38975972379467,162.60615092256947,164.76119995117188,16568100,0.0,0.0
2024-10-23 00:00:00-04:00,164.38207025094962,165.43965162521155,161.5585598399715,162.4066162109375,18280500,0.0,0.0
2024-10-24 00:00:00-04:00,162.45648900457678,162.95534206352698,160.64065656258018,162.34674072265625,22412500,0.0,0.0
2024-10-25 00:00:00-04:00,163.29456372883286,165.21015770980458,163.04513719135548,164.89089965820312,19828900,0.0,0.0
2024-10-28 00:00:00-04:00,168.3629124526984,168.3629124526984,163.5739198981752,166.3375701904297,32138600,0.0,0.0
2024-10-29 00:00:00-04:00,167.3452626285711,169.9891932870904,166.7067312467614,169.29078674316406,42169000,0.0,0.0
2024-10-30 00:00:00-04:00,180.26553244445503,181.6024702004282,173.660722875302,174.059814453125,68890800,0.0,0.0
2024-10-31 00:00:00-04:00,172.73288489023227,176.41442332366287,170.60776574356834,170.71751403808594,44769000,0.0,0.0
2024-11-01 00:00:00-04:00,169.67989197256162,171.924730806551,168.49261922011235,170.89707946777344,31796500,0.0,0.0
2024-11-04 00:00:00-05:00,169.540211146429,170.33837916949005,167.62461702535575,168.851806640625,21492700,0.0,0.0
2024-11-05 00:00:00-05:00,169.04134527892143,170.13882813078655,168.45270230555178,169.35064697265625,18242100,0.0,0.0
2024-11-06 00:00:00-05:00,173.40134249175,176.53413938489027,173.1020275837351,176.10511779785156,33695500,0.0,0.0
2024-11-07 00:00:00-05:00,177.00305326727127,180.66463304281666,176.783556694456,180.33538818359375,25352900,0.0,0.0
2024-11-08 00:00:00-05:00,180.23561473741785,180.48504128160124,177.6715177795822,177.94090270996094,22006200,0.0,0.0
2024-11-11 00:00:00-05:00,178.1703656704888,180.13584799922145,178.06061738529806,179.93630981445312,17450400,0.0,0.0
2024-11-12 00:00:00-05:00,179.40754063277615,182.07141442586757,178.97851903978543,181.20339965820312,25134900,0.0,0.0
2024-11-13 00:00:00-05:00,180.04605832824305,180.54491140269107,178.13044912542955,178.4696807861328,23184000,0.0,0.0
2024-11-14 00:00:00-05:00,177.87106512358804,178.40983501207117,173.92015698572658,175.17726135253906,31007500,0.0,0.0
2024-11-15 00:00:00-05:00,173.3314910172349,173.7405542062273,170.8272539769183,172.09434509277344,32504600,0.0,0.0
2024-11-18 00:00:00-05:00,173.02221087683125,175.03758170425652,172.50339937967658,174.8979034423828,20206600,0.0,0.0
2024-11-19 00:00:00-05:00,173.32150965187077,178.4596901179334,173.16187301779436,177.71141052246094,23434900,0.0,0.0
2024-11-20 00:00:00-05:00,176.93322081601997,177.27243728365775,173.38138904007343,175.5763397216797,18997100,0.0,0.0
2024-11-21 00:00:00-05:00,173.50108987072463,173.73057324168968,163.32449039222482,167.2454833984375,59734400,0.0,0.0
2024-11-22 00:00:00-05:00,165.4695761261647,166.0781775052239,163.52403689515066,164.38206481933594,38604600,0.0,0.0
2024-11-25 00:00:00-05:00,165.7090226252667,168.24320495243438,165.23012790175193,167.26544189453125,33135300,0.0,0.0
2024-11-26 00:00:00-05:00,167.24549839943876,169.43047745533647,167.19561004372002,168.73207092285156,20486700,0.0,0.0
2024-11-27 00:00:00-05:00,168.61234397565445,169.09123867813173,167.6345961844918,168.84181213378906,19266500,0.0,0.0
2024-11-29 00:00:00-05:00,168.1134894922982,169.0413489221372,166.7765668794217,168.5624542236328,14257200,0.0,0.0
2024-12-02 00:00:00-05:00,168.38287195306333,171.6852768885628,168.18333376692627,171.0966339111328,23789100,0.0,0.0
2024-12-03 00:00:00-05:00,171.0966407714524,172.28389835489799,170.45810941593857,170.9469757080078,22248700,0.0,0.0
2024-12-04 00:00:00-05:00,170.75740145903967,174.50878632573773,170.6676115592613,173.9700164794922,31615100,0.0,0.0
2024-12-05 00:00:00-05:00,174.95776546503646,175.65615678272883,171.93471679976247,172.24400329589844,21356200,0.0,0.0
2024-12-06 00:00:00-05:00,171.6354044780067,174.6784115765489,171.4657962428472,174.30926513671875,21462400,0.0,0.0
2024-12-09 00:00:00-05:00,173.75989224042516,176.05723424799297,173.45023604553785,175.1682586669922,25389600,0.2,0.0
2024-12-10 00:00:00-05:00,182.6396622409938,186.14561898038454,180.8417298459591,184.9569854736328,54813000,0.0,0.0
2024-12-11 00:00:00-05:00,185.0968273042346,195.3849818086967,184.637364997593,195.1752166748047,67894100,0.0,0.0
2024-12-12 00:00:00-05:00,194.77567768503926,194.9554633024938,191.48946911126617,191.7391815185547,34817500,0.0,0.0
2024-12-13 00:00:00-05:00,190.7902570178538,192.50827955283287,189.42183794011777,189.6016387939453,25143500,0.0,0.0
2024-12-16 00:00:00-05:00,192.648128127054,198.77108139081074,192.39841571324646,196.43377685546875,44934900,0.0,0.0
2024-12-17 00:00:00-05:00,197.02308705872431,201.18828813489583,194.7556941593745,195.1951904296875,43504000,0.0,0.0
2024-12-18 00:00:00-05:00,194.99541962680925,196.77337069091053,187.52402890568504,188.18325805664062,34166100,0.0,0.0
2024-12-19 00:00:00-05:00,191.40955777871685,192.8079411518366,188.16329650997008,188.2931365966797,32265200,0.0,0.0
2024-12-20 00:00:00-05:00,185.56627599656574,192.66809720587494,185.00692266360085,191.18980407714844,63462900,0.0,0.0
2024-12-23 00:00:00-05:00,192.3984151157297,194.87557322669755,189.93125525567427,194.40611267089844,25675000,0.0,0.0
2024-12-24 00:00:00-05:00,194.61585613024195,195.8843994140625,193.55707797257898,195.8843994140625,10403300,0.0,0.0
2024-12-26 00:00:00-05:00,194.92550545907343,196.52367101490134,194.1564021929594,195.375,12046600,0.0,0.0
2024-12-27 00:00:00-05:00,194.72573696465102,195.09532170060632,190.43068040496257,192.5382537841797,18891400,0.0,0.0
2024-12-30 00:00:00-05:00,189.58165840021294,192.32849481864238,188.90243274221342,191.02000427246094,14264700,0.0,0.0
2024-12-31 00:00:00-05:00,190.8601960597075,191.73918864322025,188.29314510160168,189.08224487304688,17466900,0.0,0.0
2025-01-02 00:00:00-05:00,190.43067970164262,191.7791328258186,187.2843094002135,189.2120819091797,20370800,0.0,0.0
2025-01-03 00:00:00-05:00,191.14985143368122,192.9877463613902,189.76145103861666,191.56936645507812,18596200,0.0,0.0
2025-01-06 00:00:00-05:00,193.75684931380115,197.99197728329852,193.6270092243641,196.64352416992188,29563600,0.0,0.0
2025-01-07 00:00:00-05:00,196.8832529983184,200.7687774852745,194.37614589069548,195.26512145996094,26487200,0.0,0.0
2025-01-08 00:00:00-05:00,192.3484808074723,196.06418741382137,192.1586969389352,193.7268829345703,24864800,0.0,0.0
2025-01-10 00:00:00-05:00,194.07648645979594,196.29393386115163,190.09107094303815,191.81907653808594,26665200,0.0,0.0
2025-01-13 00:00:00-05:00,189.8513620671916,190.96007055747594,187.14447278422705,190.79026794433594,21823700,0.0,0.0
2025-01-14 00:00:00-05:00,191.02000242961614,191.75914137705388,188.0933651847724,189.4418182373047,17174900,0.0,0.0
2025-01-15 00:00:00-05:00,192.8678659974796,196.1341084636535,191.6392852545324,195.32504272460938,21776000,0.0,0.0
2025-01-16 00:00:00-05:00,193.91666057341888,195.2551153784116,192.58818877757312,192.68807983398438,17815400,0.0,0.0
2025-01-17 00:00:00-05:00,196.3039099407615,197.00310160992169,193.52710928235737,195.77452087402344,27735100,0.0,0.0
2025-01-21 00:00:00-05:00,198.84100497169504,202.05728678766425,197.6423732117847,197.82217407226562,29971300,0.0,0.0
2025-01-22 00:00:00-05:00,198.83100862292844,200.24937329507208,197.30276987978317,198.1417999267578,26200600,0.0,0.0
2025-01-23 00:00:00-05:00,197.91206263871854,200.06958147081755,194.97544232412307,197.7522430419922,26951400,0.0,0.0
2025-01-24 00:00:00-05:00,197.87211722888603,200.66888399183227,197.77222616967978,199.9796905517578,23877500,0.0,0.0
2025-01-27 00:00:00-05:00,192.18865606918456,196.65351502081776,190.5105808080997,191.58934020996094,41728900,0.0,0.0
2025-01-28 00:00:00-05:00,192.52826307792662,195.2551182563093,190.4606370613745,195.07533264160156,24157900,0.0,0.0
2025-01-29 00:00:00-05:00,195.33503253066368,196.5636133163606,193.20747792712066,195.18521118164062,18218300,0.0,0.0
2025-01-30 00:00:00-05:00,197.7722225159478,201.16830508891937,197.44260031613962,200.638916015625,24354700,0.0,0.0
2025-01-31 00:00:00-05:00,201.76762828746982,205.24362078448016,201.56786140671954,203.78530883789062,32042000,0.0,0.0
2025-02-03 00:00:00-05:00,200.45913255035472,203.5156099470352,199.8698149328218,200.99850463867188,27838300,0.0,0.0
2025-02-04 00:00:00-05:00,203.15602747619252,206.81182081300247,202.57669285659674,206.14259338378906,43856400,0.0,0.0
2025-02-05 00:00:00-05:00,190.85021363044225,192.52827375908595,187.81370210065404,191.1099090576172,70373900,0.0,0.0
2025-02-06 00:00:00-05:00,189.28200260132084,191.87901770448227,188.50290111861952,191.3795928955078,29297400,0.0,0.0
2025-02-07 00:00:00-05:00,190.83022332592188,190.9600634127379,183.02921021692137,185.1267852783203,49315000,0.0,0.0
2025-02-10 00:00:00-05:00,187.1344857224474,187.98349876976383,185.64619427540677,186.2554931640625,23105600,0.0,0.0
2025-02-11 00:00:00-05:00,184.81715184499055,186.72495835838524,184.06801459806726,185.10682678222656,21239500,0.0,0.0
2025-02-12 00:00:00-05:00,183.0092376906385,184.8970629566076,181.62083725948915,183.39878845214844,22072600,0.0,0.0
2025-02-13 00:00:00-05:00,184.10797436946572,186.06571114375504,182.9293238598035,185.92587280273438,21402500,0.0,0.0
2025-02-14 00:00:00-05:00,184.8471041355986,186.1855589387927,184.1079651875959,185.01690673828125,20448400,0.0,0.0
2025-02-18 00:00:00-05:00,185.386490331916,185.74607679460826,181.5309302979739,183.55859375,29916700,0.0,0.0
2025-02-19 00:00:00-05:00,183.8582530360721,185.246653369277,183.3787942547783,185.05686950683594,19549400,0.0,0.0
2025-02-20 00:00:00-05:00,184.58741616756504,185.09682399614678,182.5098070913863,184.34768676757812,20441500,0.0,0.0
2025-02-21 00:00:00-05:00,184.93699793129608,185.12678179449694,178.87398876546825,179.4533233642578,35199200,0.0,0.0
2025-02-24 00:00:00-05:00,181.78064614487357,182.90933584096624,178.68420625509464,179.04379272460938,29854200,0.0,0.0
2025-02-25 00:00:00-05:00,177.8351818432405,178.53438877889693,174.48904471950055,175.21820068359375,41913400,0.0,0.0
2025-02-26 00:00:00-05:00,174.8686155406987,175.87744820035027,171.38262477536554,172.5312957763672,35431300,0.0,0.0
2025-02-27 00:00:00-05:00,173.78985771928288,174.3591940996765,167.746814231894,168.30616760253906,39991000,0.0,0.0
2025-02-28 00:00:00-05:00,168.48594100971005,170.41372863795183,166.5781498819881,170.0841064453125,48130600,0.0,0.0
2025-03-03 00:00:00-05:00,171.7322094406985,173.17055534541237,165.73911166521458,166.81787109375,40770500,0.0,0.0
2025-03-04 00:00:00-05:00,166.04876455679425,173.09064211021553,165.60926829005186,170.72337341308594,45388000,0.0,0.0
2025-03-05 00:00:00-05:00,170.32384453302183,173.58008886593674,168.86551735545183,172.8209686279297,30954900,0.0,0.0
2025-03-06 00:00:00-05:00,170.33381982392953,174.60889486138916,170.30385555544734,172.1517333984375,28302000,0.0,0.0
2025-03-07 00:00:00-05:00,171.06298843219486,174.76872740179581,170.07413701655315,173.66000366210938,27385800,0.0,0.0
2025-03-10 00:00:00-04:00,168.25999450683594,168.4600067138672,163.69000244140625,165.8699951171875,43604000,0.2,0.0
2025-03-11 00:00:00-04:00,164.91000366210938,166.75,161.3699951171875,164.0399932861328,39587400,0.0,0.0
2025-03-12 00:00:00-04:00,166.5800018310547,167.63999938964844,163.52999877929688,167.11000061035156,28372400,0.0,0.0
2025-03-13 00:00:00-04:00,166.0399932861328,166.1300048828125,162.11000061035156,162.75999450683594,31756200,0.0,0.0
2025-03-14 00:00:00-04:00,163.27000427246094,166.49000549316406,162.4499969482422,165.49000549316406,31970600,0.0,0.0
