Date,Open,High,Low,Close,Volume,Dividends,Stock Splits
2020-03-16 00:00:00-04:00,151.60548629159945,158.38353869359048,142.42873536288815,145.3250732421875,39120400,0.0,0.0
2020-03-17 00:00:00-04:00,150.03290101106796,153.21788713204242,139.34327568073533,148.71908569335938,34255600,0.0,0.0
2020-03-18 00:00:00-04:00,139.09444469421217,147.4848929948495,136.4568816926054,146.2706298828125,37553100,0.0,0.0
2020-03-19 00:00:00-04:00,145.93221038975346,159.1797716276007,144.12075578707334,152.41168212890625,39862300,0.0,0.0
2020-03-20 00:00:00-04:00,155.28815257849305,158.52290762310105,147.30576818522516,149.02764892578125,32568400,0.0,0.0
2020-03-23 00:00:00-04:00,148.95796851406902,151.59553164206548,141.58272419240208,147.40528869628906,29830800,0.0,0.0
2020-03-24 00:00:00-04:00,154.4819309846351,160.55330733873305,151.85431558698232,160.224853515625,30440400,0.0,0.0
2020-03-25 00:00:00-04:00,158.17451291612159,162.22542805261037,152.3420012567321,155.47723388671875,35184300,0.0,0.0
2020-03-26 00:00:00-04:00,157.5076568360479,163.23068386168626,156.28343095950427,162.5737762451172,26556800,0.0,0.0
2020-03-27 00:00:00-04:00,157.4578784500618,159.33901182494623,154.0240654879343,156.0544891357422,24879900,0.0,0.0
2020-03-30 00:00:00-04:00,158.43329256148604,165.96778961058044,157.31855124829713,165.17153930664062,22515200,0.0,0.0
2020-03-31 00:00:00-04:00,164.70373241089197,170.12816353356015,163.42973808000806,166.01754760742188,23676300,0.0,0.0
2020-04-01 00:00:00-04:00,160.86186245632155,163.37999342987356,157.29865382162922,158.85134887695312,19507600,0.0,0.0
2020-04-02 00:00:00-04:00,158.35368721548863,160.5931327375902,155.18859631356824,157.4479522705078,20886300,0.0,0.0
2020-04-03 00:00:00-04:00,156.41281041288232,157.1692550072165,150.12246514317698,153.4567413330078,25983300,0.0,0.0
2020-04-06 00:00:00-04:00,159.3987440639469,165.42036707229104,157.76643777023222,164.77342224121094,28453600,0.0,0.0
2020-04-07 00:00:00-04:00,170.98414664464016,172.57664730782005,165.23126115940093,168.0380401611328,31411900,0.0,0.0
2020-04-08 00:00:00-04:00,170.44667811396883,174.17908712376376,166.95314874819678,173.46246337890625,21664200,0.0,0.0
2020-04-09 00:00:00-04:00,175.07484017881745,176.24931265023898,170.76516574209208,174.36817932128906,23534300,0.0,0.0
2020-04-13 00:00:00-04:00,172.85533614021418,174.17909911596095,168.65513036369802,173.97007751464844,19355400,0.0,0.0
2020-04-14 00:00:00-04:00,178.14041116484162,180.3798565480623,175.79148117761952,177.33421325683594,21011800,0.0,0.0
2020-04-15 00:00:00-04:00,174.36821298279,177.35414044245383,172.00933514956353,176.13986206054688,17423000,0.0,0.0
2020-04-16 00:00:00-04:00,177.11525550488224,177.21479249212575,171.7007714426145,175.42323303222656,23593200,0.0,0.0
2020-04-17 00:00:00-04:00,178.35939482780842,179.4343305213368,175.83131629490424,178.3992156982422,20974800,0.0,0.0
2020-04-20 00:00:00-04:00,176.57780695551637,179.65330870616447,175.94080968171988,177.40391540527344,16110700,0.0,0.0
2020-04-21 00:00:00-04:00,174.427932597606,174.55732765002583,167.55034256608744,169.99880981445312,24850500,0.0,0.0
2020-04-22 00:00:00-04:00,177.6129063309754,183.91321477323393,177.30436293910685,181.42494201660156,33242000,0.0,0.0
2020-04-23 00:00:00-04:00,183.2164886398873,186.17255768324173,182.2908433417327,184.26156616210938,21426600,0.0,0.0
2020-04-24 00:00:00-04:00,182.3704800533545,189.51680720691496,179.98174431557817,189.17840576171875,28792000,0.0,0.0
2020-04-27 00:00:00-04:00,191.7562357103601,192.84111887613932,186.53086345694214,186.6204376220703,29197800,0.0,0.0
2020-04-28 00:00:00-04:00,187.77501388002332,188.31247409856712,181.70362244293133,182.05198669433594,21731000,0.0,0.0
2020-04-29 00:00:00-04:00,190.0343657537774,195.98632531267825,189.10873554858563,193.27908325195312,45954500,0.0,0.0
2020-04-30 00:00:00-04:00,205.9493498702122,208.70636023218432,200.62445548574865,203.74972534179688,46230100,0.0,0.0
2020-05-01 00:00:00-04:00,200.6543269554362,206.30767553165344,198.11628563304635,201.32118225097656,30415600,0.0,0.0
2020-05-04 00:00:00-04:00,199.26087293125784,204.94409440774302,197.82762543939134,204.29713439941406,19250700,0.0,0.0
2020-05-05 00:00:00-04:00,206.04891009257037,209.3931495350647,205.53134506806654,206.0986785888672,21071200,0.0,0.0
2020-05-06 00:00:00-04:00,207.14371644303657,210.60740290220983,205.69057372212853,207.49208068847656,21857000,0.0,0.0
2020-05-07 00:00:00-04:00,210.16947539367143,210.6074138321944,208.0594097523528,210.2689971923828,15152000,0.0,0.0
2020-05-08 00:00:00-04:00,211.24439723347044,212.2098482223499,209.86091826804685,211.3538818359375,12506000,0.0,0.0
2020-05-11 00:00:00-04:00,209.90072635952686,213.99144719004357,209.3831613976249,212.1799774169922,12911900,0.0,0.0
2020-05-12 00:00:00-04:00,212.28946408241274,214.27013459187316,209.01490393644792,209.11444091796875,14704600,0.0,0.0
2020-05-13 00:00:00-04:00,208.44756852905806,209.791241830966,201.16191412876898,204.1378936767578,20684600,0.0,0.0
2020-05-14 00:00:00-04:00,201.6098404475313,205.9593370359572,199.74861699888478,205.83990478515625,17178900,0.0,0.0
2020-05-15 00:00:00-04:00,204.3071080557419,210.34862653870135,203.1624934512638,209.8907928466797,19383200,0.0,0.0
2020-05-18 00:00:00-04:00,211.154826661047,213.63315187160842,209.9505111139863,212.18995666503906,20151900,0.0,0.0
2020-05-19 00:00:00-04:00,212.26958896191434,219.4557223173825,211.83165050123787,215.86265563964844,31843200,0.0,0.0
2020-05-20 00:00:00-04:00,222.45158424806226,230.2548039610948,222.14304085646398,228.8912353515625,50162900,0.0,0.0
2020-05-21 00:00:00-04:00,233.618961938383,236.08732434664034,230.1154695224224,230.30458068847656,47782600,0.0,0.0
2020-05-22 00:00:00-04:00,230.42399970712026,234.8829953215454,227.66700448955004,233.8080596923828,33925600,0.0,0.0
2020-05-26 00:00:00-04:00,238.64527627319504,239.7699652718426,230.58326618042517,231.11077880859375,33178300,0.0,0.0
2020-05-27 00:00:00-04:00,227.99546077269645,229.47846159851966,220.09270415994385,228.06512451171875,34697600,0.0,0.0
2020-05-28 00:00:00-04:00,223.24782736063887,230.54344466366163,222.9492316023007,224.4023895263672,29377200,0.0,0.0
2020-05-29 00:00:00-04:00,224.14361852560148,226.42288499393678,221.8345091848247,224.0341339111328,23241500,0.0,0.0
2020-06-01 00:00:00-04:00,223.5364586695916,231.3496408839702,222.45157543655426,230.82212829589844,18223800,0.0,0.0
2020-06-02 00:00:00-04:00,229.85667749839604,231.90701173875053,225.4972189414253,231.62832641601562,20919000,0.0,0.0
2020-06-03 00:00:00-04:00,231.0212025473754,231.55866279468,227.45799404297122,229.08035278320312,15380300,0.0,0.0
2020-06-04 00:00:00-04:00,228.48318101112037,230.54347837644463,223.55640343332817,225.228515625,17041500,0.0,0.0
2020-06-05 00:00:00-04:00,225.64653223428178,230.2647658403739,224.25309038509863,229.68748474121094,16750400,0.0,0.0
2020-06-08 00:00:00-04:00,227.95563650944567,230.46381963391454,226.34324066589275,230.31451416015625,15466500,0.0,0.0
2020-06-09 00:00:00-04:00,230.43396122975577,238.64526109613027,229.32916754933692,237.5504150390625,27462900,0.0,0.0
2020-06-10 00:00:00-04:00,239.82969057798536,240.07851785626352,234.17632691815564,235.61952209472656,20720700,0.0,0.0
2020-06-11 00:00:00-04:00,228.8613753484341,231.79753413629194,222.50135084959444,223.37721252441406,26708200,0.0,0.0
2020-06-12 00:00:00-04:00,228.82155155387912,230.57330525554136,223.44688859355128,227.50775146484375,22091400,0.0,0.0
2020-06-15 00:00:00-04:00,224.03411881128147,232.67340958623558,223.74548585834282,231.40936279296875,15340300,0.0,0.0
2020-06-16 00:00:00-04:00,236.0275868707339,237.34140210303943,231.90700802237413,234.54457092285156,15236700,0.0,0.0
2020-06-17 00:00:00-04:00,233.89762779697497,236.47547460308337,230.64296293648738,234.42514038085938,19578100,0.0,0.0
2020-06-18 00:00:00-04:00,233.887696065799,235.03229548131026,231.06100661680077,234.83323669433594,15782500,0.0,0.0
2020-06-19 00:00:00-04:00,236.6745517082963,239.70029997303934,234.44506897344573,237.66986083984375,30081300,0.0,0.0
2020-06-22 00:00:00-04:00,237.44094693436523,239.5709078947827,235.79869292184603,238.0978546142578,18917800,0.0,0.0
2020-06-23 00:00:00-04:00,240.14819524520323,244.03985774357966,238.73485804672438,241.10369873046875,24017900,0.0,0.0
2020-06-24 00:00:00-04:00,240.06855330130904,242.07908194761006,231.58851546677465,232.9222412109375,20834900,0.0,0.0
2020-06-25 00:00:00-04:00,233.51942238775302,236.18685874398884,231.6482515573315,234.57444763183594,18704300,0.0,0.0
2020-06-26 00:00:00-04:00,231.54870716841384,231.9965932235573,214.3895729095091,215.06639099121094,76343900,0.0,0.0
2020-06-29 00:00:00-04:00,208.76608040823072,219.7144803342881,206.1384650334654,219.60499572753906,58514300,0.0,0.0
2020-06-30 00:00:00-04:00,219.5552233499609,226.432812644897,217.445172988738,226.0048370361328,33927100,0.0,0.0
2020-07-01 00:00:00-04:00,227.42813364168225,237.87887938889304,226.4925406400733,236.43568420410156,43399700,0.0,0.0
2020-07-02 00:00:00-04:00,237.8788848153606,238.87419395684748,231.51886000874802,232.32505798339844,30633600,0.0,0.0
2020-07-06 00:00:00-04:00,232.66345799323958,239.27231004394164,231.18045710150358,239.1528778076172,26206200,0.0,0.0
2020-07-07 00:00:00-04:00,238.2869531706229,246.4882903623472,237.69972445174196,239.7301483154297,27887800,0.0,0.0
2020-07-08 00:00:00-04:00,236.99306609493064,245.83141634784394,235.48019191037505,242.43740844726562,29791300,0.0,0.0
2020-07-09 00:00:00-04:00,243.8507276663751,245.37354936294736,238.1177527608801,243.3530731201172,22174900,0.0,0.0
2020-07-10 00:00:00-04:00,242.54687872860399,244.3384381587484,238.19738279067388,243.92041015625,22982700,0.0,0.0
2020-07-13 00:00:00-04:00,245.8513119541056,248.97658213202462,237.30160985169562,237.87889099121094,24674900,0.0,0.0
2020-07-14 00:00:00-04:00,235.64938416002582,239.20264504411762,230.94157622737293,238.60545349121094,23378100,0.0,0.0
2020-07-15 00:00:00-04:00,240.41692466182906,243.67158978658026,236.93334268838524,239.1528778076172,19133600,0.0,0.0
2020-07-16 00:00:00-04:00,236.88358657616652,240.6259436529984,235.22142205584973,239.79983520507812,18880700,0.0,0.0
2020-07-17 00:00:00-04:00,239.86948619181402,243.01466650216435,236.74421631530953,240.8946533203125,18152400,0.0,0.0
2020-07-20 00:00:00-04:00,238.9338957654093,244.89580263324785,234.53463144597885,244.2687530517578,20872200,0.0,0.0
2020-07-21 00:00:00-04:00,245.0650306204151,245.75179639327288,238.95383278525318,240.61599731445312,19364200,0.0,0.0
2020-07-22 00:00:00-04:00,239.13296670711628,240.76527307692822,237.0030057710542,238.7447967529297,15427900,0.0,0.0
2020-07-23 00:00:00-04:00,238.5059331446508,241.28283895200926,230.66289229223875,231.5089111328125,21771800,0.0,0.0
2020-07-24 00:00:00-04:00,229.11021209725732,232.39473527850313,225.83563653996,229.62777709960938,18325800,0.0,0.0
2020-07-27 00:00:00-04:00,230.37423930708837,233.84785817044227,229.74718974592122,232.4046630859375,13163100,0.0,0.0
2020-07-28 00:00:00-04:00,233.5293811459508,233.8578349744444,228.75189438446205,229.04052734375,14170100,0.0,0.0
2020-07-29 00:00:00-04:00,230.05575486807143,232.60374384599768,229.22964645633232,232.19566345214844,13588300,0.0,0.0
2020-07-30 00:00:00-04:00,229.14007198192212,233.78816385453803,227.92579361319798,233.39999389648438,20615300,0.0,0.0
2020-07-31 00:00:00-04:00,254.61999582125813,254.64985388098967,247.8319800809852,252.48007202148438,53005100,0.0,0.0
2020-08-03 00:00:00-04:00,251.4648266625451,254.20192656370455,249.1557175523712,250.778076171875,23124900,0.0,0.0
2020-08-04 00:00:00-04:00,250.37996159221228,251.6141503772564,246.26933003723548,248.6580810546875,17183500,0.0,0.0
2020-08-05 00:00:00-04:00,249.01638879497116,251.08663356735158,246.60774256993932,247.95140075683594,13050100,0.0,0.0
2020-08-06 00:00:00-04:00,247.8717877105046,265.3494294010227,247.5035281794499,264.0356140136719,45241600,0.0,0.0
2020-08-07 00:00:00-04:00,262.84119249566663,277.5817470184157,262.1942477078983,267.1807556152344,72766400,0.0,0.0
2020-08-10 00:00:00-04:00,266.78269391711234,272.5753705381866,258.4718557903224,261.7663269042969,30248800,0.0,0.0
2020-08-11 00:00:00-04:00,258.96946489796824,264.6725967057442,253.9332035203654,254.9285125732422,28238300,0.0,0.0
2020-08-12 00:00:00-04:00,257.7552006941737,262.66206730257227,256.89921906732263,258.6708984375,21415700,0.0,0.0
2020-08-13 00:00:00-04:00,260.3230765364428,263.91615809354823,258.35238400666503,260.0742492675781,17374000,0.0,0.0
2020-08-14 00:00:00-04:00,261.0795449825702,261.4179464541817,257.466567848988,260.0145568847656,14792700,0.0,0.0
2020-08-17 00:00:00-04:00,261.268616441047,262.86111693995275,258.183152419621,259.9349060058594,13351100,0.0,0.0
2020-08-18 00:00:00-04:00,259.72594155800675,263.90622187144146,258.04386662105935,261.1094055175781,18690400,0.0,0.0
2020-08-19 00:00:00-04:00,260.1638626256813,266.65326708267753,260.1240417564759,261.35821533203125,23291500,0.0,0.0
2020-08-20 00:00:00-04:00,260.2733269275274,268.36519468579377,260.2335060591054,267.74810791015625,20299700,0.0,0.0
2020-08-21 00:00:00-04:00,267.4296194155612,269.22116374565314,265.17027856741726,265.75750732421875,15538600,0.0,0.0
2020-08-24 00:00:00-04:00,269.79846764838607,275.94947111226156,267.50923830178937,270.1169738769531,23685600,0.0,0.0
2020-08-25 00:00:00-04:00,271.1321922731617,281.7620876100364,268.9922834934137,279.50274658203125,42127200,0.0,0.0
2020-08-26 00:00:00-04:00,282.6677683025886,303.2408195927373,282.6677683025886,302.484375,69015200,0.0,0.0
2020-08-27 00:00:00-04:00,298.75195998903666,299.8169479335092,290.6501299620831,291.8445129394531,30301300,0.0,0.0
2020-08-28 00:00:00-04:00,293.6161812373742,295.8357314405032,289.61504963462664,292.282470703125,17157400,0.0,0.0
2020-08-31 00:00:00-04:00,292.57112783574155,295.48737626610404,290.1823616493295,291.82464599609375,17345100,0.0,0.0
2020-09-01 00:00:00-04:00,293.3275515681206,300.07574640110494,291.33693326488725,294.05413818359375,17295900,0.0,0.0
2020-09-02 00:00:00-04:00,297.47794952674593,302.1758090755941,291.67528122756477,301.0809631347656,24341400,0.0,0.0
2020-09-03 00:00:00-04:00,294.6015141977818,296.20397755323415,282.2995089943307,289.7543640136719,32294100,0.0,0.0
2020-09-04 00:00:00-04:00,285.9025336723623,287.64432456505733,269.86811894847597,281.40374755859375,30333700,0.0,0.0
2020-09-08 00:00:00-04:00,270.00746324317566,277.98983163953284,268.1562028159245,269.8880310058594,24864000,0.0,0.0
2020-09-09 00:00:00-04:00,274.47637611822677,277.1736856148688,270.07712696126345,272.4360046386719,22918800,0.0,0.0
2020-09-10 00:00:00-04:00,274.21760391832174,277.8504758472288,265.77737230622853,266.8323974609375,24814700,0.0,0.0
2020-09-11 00:00:00-04:00,268.793203938526,270.1169822030005,261.40802657934574,265.359375,18913900,0.0,0.0
2020-09-14 00:00:00-04:00,269.6790218402906,275.34233323920216,264.4536488900222,264.9015197753906,24093800,0.0,0.0
2020-09-15 00:00:00-04:00,269.40029910210745,273.23221443418504,268.0367002641373,271.14208984375,18478500,0.0,0.0
2020-09-16 00:00:00-04:00,266.0361787536034,271.1620145612476,260.56197868488323,262.2838439941406,29183400,0.0,0.0
2020-09-17 00:00:00-04:00,257.0684406472539,260.27333725791146,249.0163934378196,253.6246795654297,31281400,0.0,0.0
2020-09-18 00:00:00-04:00,257.18787293711085,257.984138465208,248.87705081975477,251.3454132080078,28130800,0.0,0.0
2020-09-21 00:00:00-04:00,246.3788074978539,248.77750606956155,242.98481501511017,246.98594665527344,24709400,0.0,0.0
2020-09-22 00:00:00-04:00,252.12176031746898,254.12234144434478,247.05564034949728,253.5550079345703,30293100,0.0,0.0
2020-09-23 00:00:00-04:00,254.06258652299604,256.7797760186525,246.98593846172835,247.85186767578125,19641300,0.0,0.0
2020-09-24 00:00:00-04:00,245.34368133988227,251.05676076626773,244.46780451413667,248.35946655273438,20006800,0.0,0.0
2020-09-25 00:00:00-04:00,248.2300907209971,254.55030976562472,245.45318493319996,253.6246795654297,18351300,0.0,0.0
2020-09-28 00:00:00-04:00,258.18319498630234,258.3822689718947,253.6246923107249,255.6153106689453,18826300,0.0,0.0
2020-09-29 00:00:00-04:00,256.60067005019494,262.09476606272835,255.69493500633837,260.56201171875,20200200,0.0,0.0
2020-09-30 00:00:00-04:00,260.75108949174785,264.8318325106439,258.8799035199725,260.67144775390625,20142500,0.0,0.0
2020-10-01 00:00:00-04:00,264.1052780170264,267.0712797207441,263.55783978269386,265.3792724609375,20009800,0.0,0.0
2020-10-02 00:00:00-04:00,259.9846736739717,263.9061938397875,257.96419747681665,258.72064208984375,16367600,0.0,0.0
2020-10-05 00:00:00-04:00,260.9700800610407,263.6275385712825,259.61644377679187,263.4085693359375,12822300,0.0,0.0
2020-10-06 00:00:00-04:00,260.55201480338883,264.4436770266366,257.0286120869795,257.4466552734375,18696900,0.0,0.0
2020-10-07 00:00:00-04:00,257.99406296011404,258.959514000796,253.62467181167477,256.9091796875,23133400,0.0,0.0
2020-10-08 00:00:00-04:00,258.53153642046505,263.3786868343501,257.93434489090373,262.5227355957031,16312800,0.0,0.0
2020-10-09 00:00:00-04:00,263.2791517261419,263.5080837535246,260.94019964486534,263.2095031738281,14107800,0.0,0.0
2020-10-12 00:00:00-04:00,268.9325286264946,278.86569391831364,266.61344143402437,274.45648193359375,31019300,0.0,0.0
2020-10-13 00:00:00-04:00,276.2778826663997,277.7907719164177,272.10756554144547,274.84466552734375,18063300,0.0,0.0
2020-10-14 00:00:00-04:00,276.31773356778655,277.44243781687163,270.2264461606481,270.5449523925781,15577800,0.0,0.0
2020-10-15 00:00:00-04:00,266.3447184113569,267.77796593011686,262.433160979685,265.4688415527344,15416100,0.0,0.0
2020-10-16 00:00:00-04:00,266.1257358920839,270.0970092406302,264.0554760798538,264.6825256347656,16622700,0.0,0.0
2020-10-19 00:00:00-04:00,264.28442912841587,267.29025173272265,258.6609386814757,260.1737976074219,13587000,0.0,0.0
2020-10-20 00:00:00-04:00,261.82601016031515,268.4348771828247,261.64686181166746,266.3049011230469,18763200,0.0,0.0
2020-10-21 00:00:00-04:00,278.2486090558798,281.7222280886955,275.07357060274734,277.4225158691406,28998600,0.0,0.0
2020-10-22 00:00:00-04:00,278.5571289093977,281.125043175388,273.7497997361582,276.8153381347656,16720000,0.0,0.0
2020-10-23 00:00:00-04:00,277.4921492188728,283.9019418899099,275.5214567520825,283.4540710449219,17535200,0.0,0.0
2020-10-26 00:00:00-04:00,281.8317273689323,283.8920244882496,272.97348248625366,275.8100891113281,21322900,0.0,0.0
2020-10-27 00:00:00-04:00,277.45240167241457,283.17542955922556,275.01388198826373,281.9611511230469,16287200,0.0,0.0
2020-10-28 00:00:00-04:00,277.482262229068,277.482262229068,266.0063482912765,266.4144287109375,23121800,0.0,0.0
2020-10-29 00:00:00-04:00,275.25271264964664,282.26965985580756,272.4957174456053,279.51263427734375,32368100,0.0,0.0
2020-10-30 00:00:00-04:00,273.2123481776211,275.4020403492147,257.88459409973575,261.8757629394531,47247800,0.0,0.0
2020-11-02 00:00:00-05:00,263.3587943111843,269.2012538766246,256.1328405150441,260.13397216796875,27165700,0.0,0.0
2020-11-03 00:00:00-05:00,261.92556563886893,268.7832300468514,259.6562619391698,264.0555114746094,17961900,0.0,0.0
2020-11-04 00:00:00-05:00,279.68184474923083,287.5846010841984,277.3130043359313,286.03192138671875,35364400,0.0,0.0
2020-11-05 00:00:00-05:00,290.53074069652536,295.9850458838273,287.5945968691913,293.2976989746094,23823600,0.0,0.0
2020-11-06 00:00:00-05:00,292.57113633366833,293.2180812052693,286.70875086963366,292.0336608886719,13891000,0.0,0.0
2020-11-09 00:00:00-05:00,288.51021629921775,291.2074951968061,277.22341583215155,277.4622802734375,25117700,0.0,0.0
2020-11-10 00:00:00-05:00,271.818939598473,272.7147117739403,262.7616201033585,271.1520690917969,29067700,0.0,0.0
2020-11-11 00:00:00-05:00,272.18718479628217,277.09405144160837,271.20183849260155,275.1830749511719,14957000,0.0,0.0
2020-11-12 00:00:00-05:00,275.8797669856649,278.4377186434033,273.14266698112743,273.78961181640625,12899500,0.0,0.0
2020-11-13 00:00:00-05:00,276.4172254080379,276.4570462741308,271.8189025429995,275.6508483886719,10391200,0.0,0.0
2020-11-16 00:00:00-05:00,273.7597658538778,278.09932948386626,273.34175302621117,277.65142822265625,12970400,0.0,0.0
2020-11-17 00:00:00-05:00,276.37744326056406,276.37744326056406,272.00805179541084,273.71002197265625,15040300,0.0,0.0
2020-11-18 00:00:00-05:00,273.23223989171385,276.0888024886714,270.5648188258452,270.6942138671875,12152900,0.0,0.0
2020-11-19 00:00:00-05:00,269.74866113351766,272.18718057635516,267.92725884670676,271.65966796875,12963700,0.0,0.0
2020-11-20 00:00:00-05:00,271.28144492468033,271.7193833571145,268.1462273454444,268.43487548828125,18114700,0.0,0.0
2020-11-23 00:00:00-05:00,269.619319868521,269.67903598970327,263.2891376533657,267.17083740234375,20990800,0.0,0.0
2020-11-24 00:00:00-05:00,267.2305236170447,276.5167742891776,266.6134368509369,275.6210021972656,16930400,0.0,0.0
2020-11-25 00:00:00-05:00,276.83526693304384,278.8656754754862,271.37099972842776,274.2972106933594,12467000,0.0,0.0
2020-11-27 00:00:00-05:00,276.08876215614333,277.82058999638195,273.53081088390644,276.50677490234375,7808400,0.0,0.0
2020-11-30 00:00:00-05:00,274.73515292264676,276.39733238314204,269.7387124797952,275.6707458496094,16693300,0.0,0.0
2020-12-01 00:00:00-05:00,277.8504920902116,287.9429105727545,277.65141812037837,285.205810546875,20738900,0.0,0.0
2020-12-02 00:00:00-05:00,284.0213630355192,290.4112602112042,279.5126144586645,286.1712341308594,17361600,0.0,0.0
2020-12-03 00:00:00-05:00,284.90727829334577,285.30539592611893,279.7515835690268,280.5279235839844,12921700,0.0,0.0
2020-12-04 00:00:00-05:00,278.9851311366365,282.13031156638726,277.9898220275162,278.3879699707031,10880300,0.0,0.0
2020-12-07 00:00:00-05:00,277.8803471574216,287.1367095410005,276.8950008785257,284.2403564453125,13007700,0.0,0.0
2020-12-08 00:00:00-05:00,284.66832885271003,285.0863416113504,280.22922896721013,282.070556640625,10747700,0.0,0.0
2020-12-09 00:00:00-05:00,282.3293666750694,286.2807447892554,270.4752323325116,276.6163024902344,25189700,0.0,0.0
2020-12-10 00:00:00-05:00,274.24746291457967,277.4225011998251,270.58470254241007,275.8200378417969,20065100,0.0,0.0
2020-12-11 00:00:00-05:00,273.24222912084684,275.1830941797887,268.98230702748845,272.2668151855469,14391400,0.0,0.0
2020-12-14 00:00:00-05:00,272.0876782561324,275.91962485118006,270.28617098699726,272.9038391113281,16376900,0.0,0.0
2020-12-15 00:00:00-05:00,273.5408224281919,274.7849589662015,266.21536107211654,274.2574462890625,23979500,0.0,0.0
2020-12-16 00:00:00-05:00,273.4711571007699,276.5565912263314,271.2317114696477,274.37689208984375,15885000,0.0,0.0
2020-12-17 00:00:00-05:00,275.7702906881683,279.1244773865395,272.3264994442091,273.19244384765625,16377800,0.0,0.0
2020-12-18 00:00:00-05:00,274.47634404294746,276.6958939834329,269.868089020973,275.1033935546875,26693200,0.0,0.0
2020-12-21 00:00:00-05:00,271.69948713418097,273.3815619312568,266.5338305117045,271.5103759765625,16553700,0.0,0.0
2020-12-22 00:00:00-05:00,270.2264138331731,270.2264138331731,263.38864534857277,265.83709716796875,17312900,0.0,0.0
2020-12-23 00:00:00-05:00,265.6380774185522,270.8933085906598,264.9811697252356,266.8523254394531,14329000,0.0,0.0
2020-12-24 00:00:00-05:00,267.6186981893969,269.13155698779786,264.9512772654711,266.1456298828125,6702000,0.0,0.0
2020-12-28 00:00:00-05:00,267.4793892249142,275.9992336914656,264.413850201667,275.7006530761719,23299700,0.0,0.0
2020-12-29 00:00:00-05:00,275.65084431554715,279.19414198492615,274.98397390963555,275.48162841796875,16383000,0.0,0.0
2020-12-30 00:00:00-05:00,276.64616153784556,276.7755261993359,270.435412435023,270.59466552734375,11803800,0.0,0.0
2020-12-31 00:00:00-05:00,270.7240694155352,275.7901889813584,268.54434010315487,271.8786315917969,12900400,0.0,0.0
2021-01-04 00:00:00-05:00,273.4910378759819,273.7100070966361,263.9559899025982,267.6784362792969,15106100,0.0,0.0
2021-01-05 00:00:00-05:00,267.0314622056163,271.1221676479237,266.95182047531745,269.6988830566406,9871600,0.0,0.0
2021-01-06 00:00:00-05:00,260.77094628252524,266.49397277536696,258.79029118133843,262.0747985839844,24354100,0.0,0.0
2021-01-07 00:00:00-05:00,264.65266559302853,270.33587166218,263.5379243368469,267.4793395996094,15789800,0.0,0.0
2021-01-08 00:00:00-05:00,267.0513688308532,267.68838120270755,261.9454285433883,266.3148498535156,18528300,0.0,0.0
2021-01-11 00:00:00-05:00,259.2581326778782,262.23409725171973,254.69959986052518,255.63519287109375,30412300,0.0,0.0
2021-01-12 00:00:00-05:00,255.42617600130689,258.5016774369471,249.1258676545651,249.9121551513672,26383500,0.0,0.0
2021-01-13 00:00:00-05:00,250.36999004103347,252.75872564298732,248.03100774091195,250.45956420898438,19528900,0.0,0.0
2021-01-14 00:00:00-05:00,252.2113095061817,253.8336681324552,243.46254955888773,244.4877166748047,29739400,0.0,0.0
2021-01-15 00:00:00-05:00,246.73713186654683,252.6691810746602,246.0006128163883,250.180908203125,24942900,0.0,0.0
2021-01-19 00:00:00-05:00,255.69490322853497,260.9700597144118,251.53451845577186,259.8752136230469,28028500,0.0,0.0
2021-01-20 00:00:00-05:00,267.6684913704016,269.05198571488916,262.3635067882512,266.2253112792969,25199900,0.0,0.0
2021-01-21 00:00:00-05:00,267.996944972937,272.3165829346263,266.2352283803753,271.5899963378906,20838700,0.0,0.0
2021-01-22 00:00:00-05:00,270.7340616704065,277.1637505134618,270.72409885872037,273.2123718261719,21954000,0.0,0.0
2021-01-25 00:00:00-05:00,276.83526661510535,278.7860637980123,270.2363629236938,276.70587158203125,19087000,0.0,0.0
2021-01-26 00:00:00-05:00,276.835296731814,284.05128794344364,276.50682770836573,280.7269287109375,19373600,0.0,0.0
2021-01-27 00:00:00-05:00,281.20467962212916,282.1203773615264,266.86227180467614,270.8634338378906,35346200,0.0,0.0
2021-01-28 00:00:00-05:00,275.8797857733197,285.44472259889307,263.45834689190224,263.7569274902344,37758800,0.0,0.0
2021-01-29 00:00:00-05:00,264.05550044172963,265.309599667257,253.65453824202993,257.1181945800781,30389500,0.0,0.0
2021-02-01 00:00:00-05:00,258.30260453139135,262.9308161071233,253.71424419858698,260.78094482421875,22914300,0.0,0.0
2021-02-02 00:00:00-05:00,262.76157952355874,267.5888343131749,262.03499300902416,265.8271179199219,17320800,0.0,0.0
2021-02-03 00:00:00-05:00,264.37397234684335,267.93719558496593,262.6023235376201,265.3991394042969,14223400,0.0,0.0
2021-02-04 00:00:00-05:00,265.7575094037497,266.9021088666218,262.7616191024998,265.23992919921875,16060000,0.0,0.0
2021-02-05 00:00:00-05:00,265.54842628025125,267.90733410015804,264.42375263649586,266.84234619140625,12454400,0.0,0.0
2021-02-08 00:00:00-05:00,267.48930173263795,268.594080175886,263.7568928712523,265.3294677734375,13755200,0.0,0.0
2021-02-09 00:00:00-05:00,265.19014520169947,272.1075552356583,264.50337952856717,268.18603515625,14613400,0.0,0.0
2021-02-10 00:00:00-05:00,271.17196178380914,272.51560469662627,266.464139060546,270.59466552734375,14687200,0.0,0.0
2021-02-11 00:00:00-05:00,270.6146067216081,272.29665116199936,267.2305314702786,269.12164306640625,12828600,0.0,0.0
2021-02-12 00:00:00-05:00,269.25100486620556,269.9079125124252,267.0812383336282,269.2311096191406,9097600,0.0,0.0
2021-02-16 00:00:00-05:00,269.52970164754623,275.3025128560429,268.7832197961873,272.6848449707031,15417200,0.0,0.0
2021-02-17 00:00:00-05:00,269.9676254775032,272.6848302040985,268.3154087577032,272.2867126464844,12763200,0.0,0.0
2021-02-18 00:00:00-05:00,268.30543005215003,270.67427011691734,264.78202800731054,268.12628173828125,15249100,0.0,0.0
2021-02-19 00:00:00-05:00,268.59412296032724,269.0022033724392,258.92967924729834,260.33306884765625,25622600,0.0,0.0
2021-02-22 00:00:00-05:00,256.7399851091277,261.83596265492633,256.3219419376639,259.1087951660156,17434900,0.0,0.0
2021-02-23 00:00:00-05:00,258.2827029167671,266.2053545861773,253.76400643443046,264.61285400390625,21924600,0.0,0.0
2021-02-24 00:00:00-05:00,261.0994065645692,265.1304263929796,257.1779168994554,263.07012939453125,15736100,0.0,0.0
2021-02-25 00:00:00-05:00,261.069557227545,265.6878058976632,252.8483097667801,253.49526977539062,19053100,0.0,0.0
2021-02-26 00:00:00-05:00,255.26693013278157,264.30432353909475,255.26693013278157,256.4115295410156,26619500,0.0,0.0
2021-03-01 00:00:00-05:00,259.5965474990258,265.3991866510312,256.6902313300045,263.6673583984375,22157300,0.0,0.0
2021-03-02 00:00:00-05:00,264.5332593844024,265.4588895855385,257.43670042684397,257.7850646972656,15191700,0.0,0.0
2021-03-03 00:00:00-05:00,259.0690120320257,259.7657101716926,253.9033554151799,254.21189880371094,15513500,0.0,0.0
2021-03-04 00:00:00-05:00,255.2669324786491,265.2399189753767,252.31086316271254,256.43145751953125,31626500,0.0,0.0
2021-03-05 00:00:00-05:00,259.4472319937252,264.20480819481656,254.41095527719872,263.040283203125,26820100,0.0,0.0
2021-03-08 00:00:00-05:00,264.3043371310927,264.3341951911239,253.85360606543753,254.1123809814453,18391800,0.0,0.0
2021-03-09 00:00:00-05:00,259.95483151383627,267.270359700702,258.5912628644361,264.4934387207031,22039700,0.0,0.0
2021-03-10 00:00:00-05:00,267.3798559044421,267.70829454847,261.63690285684623,263.6573791503906,14210300,0.0,0.0
2021-03-11 00:00:00-05:00,266.8523226223486,276.59640774204075,266.56370483735765,272.59527587890625,21834000,0.0,0.0
2021-03-12 00:00:00-05:00,267.87747949218095,268.4746405940993,262.7814718852559,267.14093017578125,20600200,0.0,0.0
2021-03-15 00:00:00-04:00,267.81774422925423,274.6654753127633,267.2404783484054,272.4658508300781,16844800,0.0,0.0
2021-03-16 00:00:00-04:00,274.7849387329923,280.8165401696116,273.5109442268555,277.9699401855469,22437700,0.0,0.0
2021-03-17 00:00:00-04:00,274.41668062118555,284.8873524477669,274.1181000222783,282.6777648925781,21315000,0.0,0.0
2021-03-18 00:00:00-04:00,278.55715518377326,283.8522069279615,276.9746173470538,277.3130187988281,18728300,0.0,0.0
2021-03-19 00:00:00-04:00,279.90083268463866,291.42649896009794,279.8809374369784,288.7491149902344,38930500,0.0,0.0
2021-03-22 00:00:00-04:00,289.087553801626,298.304095845231,285.4048978091573,292.1630554199219,28273100,0.0,0.0
2021-03-23 00:00:00-04:00,291.7748303694648,296.6020851455431,288.4505019191398,289.26666259765625,23000900,0.0,0.0
2021-03-24 00:00:00-04:00,289.6349525005722,290.35157627843716,279.8411144527002,280.8165283203125,18675000,0.0,0.0
2021-03-25 00:00:00-04:00,279.6619470022479,286.7087216913055,276.4470878451703,277.43243408203125,24505600,0.0,0.0
2021-03-26 00:00:00-04:00,276.9944924323433,283.16542060226664,276.46697985850045,281.6923522949219,17629200,0.0,0.0
2021-03-29 00:00:00-04:00,284.4294811797683,291.8047255307527,283.36452348761327,289.455810546875,21718800,0.0,0.0
2021-03-30 00:00:00-04:00,288.4704196002147,291.09805017216587,285.3551276693987,286.6490173339844,17474500,0.0,0.0
2021-03-31 00:00:00-04:00,288.62969487110405,295.1091672513115,287.2561633642928,293.1484069824219,19498200,0.0,0.0
2021-04-01 00:00:00-04:00,297.000273596347,300.98151058925896,295.2087290993077,297.2590637207031,17616000,0.0,0.0
2021-04-05 00:00:00-04:00,299.47856945865806,309.3121978449165,299.26953267822694,307.4609375,28237000,0.0,0.0
2021-04-06 00:00:00-04:00,307.391248283219,309.88948375856984,303.8180923813874,304.8233642578125,17335200,0.0,0.0
2021-04-07 00:00:00-04:00,304.9030011332549,312.7759001486744,304.06694509282426,311.621337890625,22855200,0.0,0.0
2021-04-08 00:00:00-04:00,313.3730683592338,314.39823549157427,308.5955665742663,311.5516357421875,20894100,0.0,0.0
2021-04-09 00:00:00-04:00,309.9392375138211,313.26356615401016,308.87424952184057,310.9942626953125,15988600,0.0,0.0
2021-04-12 00:00:00-04:00,309.59089115543276,310.6857372677254,306.4855315456019,310.07861328125,10881900,0.0,0.0
2021-04-13 00:00:00-04:00,310.7454347862208,312.95502212626144,307.8690073820761,308.30694580078125,14036900,0.0,0.0
2021-04-14 00:00:00-04:00,305.8584708942408,306.5850574639895,300.53359156772814,301.3995056152344,17421400,0.0,0.0
2021-04-15 00:00:00-04:00,304.90299964674796,308.6851926200754,302.67351688313573,306.3760681152344,14558300,0.0,0.0
2021-04-16 00:00:00-04:00,306.72442973125106,307.50076964216527,303.1811012634827,304.7437438964844,13059200,0.0,0.0
2021-04-19 00:00:00-04:00,303.57923016247355,306.25661399956397,299.15009263658635,300.82220458984375,14553500,0.0,0.0
2021-04-20 00:00:00-04:00,300.5733780097284,303.66880502943184,295.8158018435098,301.23028564453125,16796400,0.0,0.0
2021-04-21 00:00:00-04:00,300.5336064891928,300.5634645483678,295.9949992480497,300.05584716796875,14863500,0.0,0.0
2021-04-22 00:00:00-04:00,299.9164624167889,301.49903053443455,294.65129941634854,295.1290283203125,16375400,0.0,0.0
2021-04-23 00:00:00-04:00,297.35859028609985,301.17061120830107,295.7561266579808,299.71746826171875,17536800,0.0,0.0
2021-04-26 00:00:00-04:00,301.91704980967137,304.3655016183372,300.14540087910467,301.61846923828125,16172600,0.0,0.0
2021-04-27 00:00:00-04:00,302.8526570623467,303.90768229695817,299.69751379507915,302.14599609375,15309300,0.0,0.0
2021-04-28 00:00:00-04:00,305.9181835337125,309.4615117946956,303.9375281889594,305.659423828125,33907200,0.0,0.0
2021-04-29 00:00:00-04:00,328.57144894779213,330.2535238269616,320.10135843340606,327.9643249511719,56526800,0.0,0.0
2021-04-30 00:00:00-04:00,324.61010925199787,328.272839278608,322.9777878247175,323.5550537109375,26332400,0.0,0.0
2021-05-03 00:00:00-04:00,324.6399585962008,327.00876856518005,320.33025350101076,321.0667724609375,18719500,0.0,0.0
2021-05-04 00:00:00-04:00,318.5187938297695,320.67862785053387,311.65116740394933,316.8665771484375,24032600,0.0,0.0
2021-05-05 00:00:00-04:00,316.6973792840816,319.55391130959293,313.01472376286773,313.542236328125,15577600,0.0,0.0
2021-05-06 00:00:00-04:00,313.0445989228189,318.7377680393141,311.80046258070394,318.518798828125,19012200,0.0,0.0
2021-05-07 00:00:00-04:00,320.86772893117893,321.4250995562532,317.2547523038582,317.58319091796875,15916700,0.0,0.0
2021-05-10 00:00:00-04:00,312.8754241892421,313.1043258444617,303.4000620410102,304.53472900390625,24239200,0.0,0.0
2021-05-11 00:00:00-04:00,299.3392465185739,305.4006759951659,298.28422118024974,305.0921325683594,18920100,0.0,0.0
2021-05-12 00:00:00-04:00,299.71747622906287,303.52949725259845,296.7912646342121,301.13079833984375,24645500,0.0,0.0
2021-05-13 00:00:00-04:00,304.6442249374811,307.41118328366514,301.34975393310305,303.8280944824219,18079200,0.0,0.0
2021-05-14 00:00:00-04:00,308.0880047690099,315.3637122721537,307.63014068749163,314.4579772949219,19245700,0.0,0.0
2021-05-17 00:00:00-04:00,312.0791804355396,314.1991938433881,310.1184201410121,313.980224609375,15401300,0.0,0.0
2021-05-18 00:00:00-04:00,314.10960727070574,315.015342231373,308.3567216670497,308.5060119628906,14522400,0.0,0.0
2021-05-19 00:00:00-04:00,302.76308824187345,313.18397610154875,302.1460014380074,312.1189880371094,19106200,0.0,0.0
2021-05-20 00:00:00-04:00,312.10901392703676,317.75242988360776,311.6910011150971,317.11541748046875,17320200,0.0,0.0
2021-05-21 00:00:00-04:00,317.79225601249266,318.4292380517517,314.3285693555458,314.7466125488281,13600900,0.0,0.0
2021-05-24 00:00:00-04:00,316.7173102623199,324.42102359552996,316.5381619084933,323.1072082519531,16445400,0.0,0.0
2021-05-25 00:00:00-04:00,325.5456890362261,327.6358442337782,323.2763854894499,326.25238037109375,16437000,0.0,0.0
2021-05-26 00:00:00-04:00,326.80972097219535,328.28275887396416,324.2915903805932,326.1229553222656,9686900,0.0,0.0
2021-05-27 00:00:00-04:00,326.4613990009861,332.2142846342582,325.2272253831153,331.1891174316406,20477700,0.0,0.0
2021-05-28 00:00:00-04:00,329.44729839186954,331.3085214715173,326.7898098407,327.1879577636719,12037400,0.0,0.0
2021-06-01 00:00:00-04:00,328.6012944386466,329.86535643969563,325.1077801400438,327.5860900878906,11765900,0.0,0.0
2021-06-02 00:00:00-04:00,328.83022868917175,330.3132295435605,325.58551127009054,327.6059875488281,11654300,0.0,0.0
2021-06-03 00:00:00-04:00,324.2517995120947,325.8443001574359,321.96260071683287,324.5105895996094,12610800,0.0,0.0
2021-06-04 00:00:00-04:00,324.37124664419105,330.90047225301316,323.65462283959226,328.8003845214844,13289400,0.0,0.0
2021-06-07 00:00:00-04:00,327.9344587210168,336.10593806468154,327.387020482151,335.0011291503906,20136700,0.0,0.0
2021-06-08 00:00:00-04:00,335.12059913209447,336.7130694543896,330.6814985041449,332.11474609375,14580500,0.0,0.0
2021-06-09 00:00:00-04:00,334.16507351901566,335.2200987540202,328.45200890216927,328.7008361816406,13727900,0.0,0.0
2021-06-10 00:00:00-04:00,329.2383024890127,332.3735200486097,327.00878947210714,330.90045166015625,13240200,0.0,0.0
2021-06-11 00:00:00-04:00,331.0198394256711,331.26866666482437,327.3869678089167,329.7060546875,13587900,0.0,0.0
2021-06-14 00:00:00-04:00,330.3430658764456,335.23999974134335,328.2628736178562,335.1902160644531,12250800,0.0,0.0
2021-06-15 00:00:00-04:00,335.4091830528614,338.32546161925774,333.45838584288754,335.1703186035156,15795200,0.0,0.0
2021-06-16 00:00:00-04:00,335.1206100778968,335.96659857383884,327.1780319572811,329.5269470214844,17232200,0.0,0.0
2021-06-17 00:00:00-04:00,328.93967760991745,336.39456303531813,328.60127617847024,334.93145751953125,17794100,0.0,0.0
2021-06-18 00:00:00-04:00,332.96076762784065,334.57316358557347,327.4567092616118,328.1136169433594,23039500,0.0,0.0
2021-06-21 00:00:00-04:00,329.5368791630354,331.3583117864079,326.1130135029647,330.73126220703125,11337500,0.0,0.0
2021-06-22 00:00:00-04:00,331.12941025409475,338.32550648922313,331.0398360737104,337.4396667480469,15345300,0.0,0.0
2021-06-23 00:00:00-04:00,337.75816646048935,341.8090819948464,336.6135670117455,338.9923400878906,14817800,0.0,0.0
2021-06-24 00:00:00-04:00,340.24641221158737,343.2820927302898,340.1866960972433,341.5701599121094,12329100,0.0,0.0
2021-06-25 00:00:00-04:00,340.9829551253618,342.5057768968075,338.0866018788034,339.7686767578125,14594400,0.0,0.0
2021-06-28 00:00:00-04:00,340.85354378092495,356.46001345732424,340.1667780762027,353.97174072265625,29156100,0.0,0.0
2021-06-29 00:00:00-04:00,354.5987779027242,355.0665744155192,347.41264466594663,350.2393493652344,21417300,0.0,0.0
2021-06-30 00:00:00-04:00,350.51801891006176,351.26450073463224,345.5414734129252,346.07891845703125,15107500,0.0,0.0
2021-07-01 00:00:00-04:00,345.19313292386886,353.0063159672879,344.87462670025764,352.7276306152344,17137000,0.0,0.0
2021-07-02 00:00:00-04:00,353.43428091031626,354.76799151004735,350.965903313761,353.0361633300781,11521300,0.0,0.0
2021-07-06 00:00:00-04:00,354.8277345944751,357.1070011981122,347.54206386216794,351.12518310546875,13488500,0.0,0.0
2021-07-07 00:00:00-04:00,353.59353020627196,354.817740992949,348.3581944780152,348.84588623046875,14218900,0.0,0.0
2021-07-08 00:00:00-04:00,344.1082367108411,346.69601615126567,340.9530934016,344.0285949707031,14406500,0.0,0.0
2021-07-09 00:00:00-04:00,343.7001323124717,349.0648323577811,343.6503486347571,348.7762145996094,13018700,0.0,0.0
2021-07-12 00:00:00-04:00,349.5824177067287,352.52852406692165,347.9998799207811,351.50335693359375,10018600,0.0,0.0
2021-07-13 00:00:00-04:00,349.8511562729013,356.8083573136762,347.16380949457744,350.4383850097656,11456000,0.0,0.0
2021-07-14 00:00:00-04:00,352.8967826854956,353.53379507228595,345.1035260043988,345.9992980957031,13894200,0.0,0.0
2021-07-15 00:00:00-04:00,347.5917903348502,347.5917903348502,338.62404607792644,342.8441467285156,14781600,0.0,0.0
2021-07-16 00:00:00-04:00,343.29204019947133,344.3669605840488,338.54442707475414,339.55963134765625,11026100,0.0,0.0
2021-07-19 00:00:00-04:00,335.98650206877016,338.1960894981891,332.9707166937655,335.3694152832031,14372300,0.0,0.0
2021-07-20 00:00:00-04:00,337.2107121804647,341.8389238121627,332.93089518436625,340.05731201171875,11024300,0.0,0.0
2021-07-21 00:00:00-04:00,339.8980728083478,344.89451377838043,339.6492455222509,344.60589599609375,9279700,0.0,0.0
2021-07-22 00:00:00-04:00,345.0537488131761,349.8909667962364,343.59064323258406,349.5426025390625,12385400,0.0,0.0
2021-07-23 00:00:00-04:00,359.2169794750653,373.5693184307843,355.5144287322613,368.0553283691406,33694300,0.0,0.0
2021-07-26 00:00:00-04:00,367.846304157528,372.68352191975316,366.49269843358053,370.7127990722656,14925200,0.0,0.0
2021-07-27 00:00:00-04:00,370.165398490836,371.39957201322716,362.8399079682027,366.0846252441406,15705400,0.0,0.0
2021-07-28 00:00:00-04:00,372.8029555513928,375.77891989278095,365.2087426356394,371.5289611816406,29676900,0.0,0.0
2021-07-29 00:00:00-04:00,359.3065504797968,363.80533624353365,355.06652440251986,356.6391296386719,33413200,0.0,0.0
2021-07-30 00:00:00-04:00,352.33940241732114,359.0378432342275,351.2843772581157,354.62860107421875,15976200,0.0,0.0
2021-08-02 00:00:00-04:00,356.420186495806,357.71407614594534,349.094695895471,350.2990417480469,13180400,0.0,0.0
2021-08-03 00:00:00-04:00,351.0753773525266,352.1104769103076,346.06897397169024,349.59234619140625,12406100,0.0,0.0
2021-08-04 00:00:00-04:00,350.76687940124015,358.789069072342,349.86114439006076,357.23638916015625,14180600,0.0,0.0
2021-08-05 00:00:00-04:00,357.95299838700305,362.192994724439,355.2258306530038,361.2673645019531,10247200,0.0,0.0
2021-08-06 00:00:00-04:00,359.7046916389879,363.43710064957736,359.7046916389879,361.8048095703125,8925000,0.0,0.0
2021-08-09 00:00:00-04:00,362.0536043785754,364.0641175839061,359.05771462818365,359.9136657714844,7798900,0.0,0.0
2021-08-10 00:00:00-04:00,360.13267225476767,362.39204331354614,357.35578178187507,359.43597412109375,7469900,0.0,0.0
2021-08-11 00:00:00-04:00,360.4014299035725,360.6601896140447,356.1315453749144,358.2714538574219,8400300,0.0,0.0
2021-08-12 00:00:00-04:00,356.76857238738023,361.2972168119755,355.4348314140079,360.9488525390625,7170700,0.0,0.0
2021-08-13 00:00:00-04:00,361.2673424723939,362.94941726845246,359.7843416445785,361.4763488769531,7195700,0.0,0.0
2021-08-16 00:00:00-04:00,360.81945771500585,365.2287002802001,355.70358454120833,364.84051513671875,11222100,0.0,0.0
2021-08-17 00:00:00-04:00,361.27730364045703,362.95937842886747,353.40440511067914,356.7685546875,12328700,0.0,0.0
2021-08-18 00:00:00-04:00,354.57888898848205,358.1719404838413,353.4840428353168,353.78265380859375,10042400,0.0,0.0
2021-08-19 00:00:00-04:00,349.70182803327526,355.8926513133757,349.35346380360124,353.4541320800781,12004500,0.0,0.0
2021-08-20 00:00:00-04:00,352.93662103793287,358.3013214154006,351.6526637646161,357.6842346191406,8697700,0.0,0.0
2021-08-23 00:00:00-04:00,357.7539367970467,363.974619219132,357.4155353182164,361.6455993652344,10942000,0.0,0.0
2021-08-24 00:00:00-04:00,361.9541431178823,366.2339604784614,360.142673105035,363.79547119140625,9235100,0.0,0.0
2021-08-25 00:00:00-04:00,363.8850357201525,369.12034125792337,363.68596173797255,366.6619567871094,9684500,0.0,0.0
2021-08-26 00:00:00-04:00,366.65198237180823,367.70700762023694,362.42191856697195,362.6707458496094,7888700,0.0,0.0
2021-08-27 00:00:00-04:00,363.3873430532159,371.98679751732993,362.37210837469814,370.88201904296875,11219100,0.0,0.0
2021-08-30 00:00:00-04:00,370.81234948471433,379.7004523048969,368.7819104508178,378.8743591308594,13547300,0.0,0.0
2021-08-31 00:00:00-04:00,378.16770579296224,380.9645219421303,377.02307602509967,377.6003723144531,12345400,0.0,0.0
2021-09-01 00:00:00-04:00,377.8093910494116,382.5271466312402,377.03305113880157,380.2578430175781,11567200,0.0,0.0
2021-09-02 00:00:00-04:00,379.7104160101812,379.9592432814854,372.3053139862149,373.51959228515625,14832900,0.0,0.0
2021-09-03 00:00:00-04:00,372.99206872286544,375.3907671926716,371.3597472913604,374.4949951171875,7509600,0.0,0.0
2021-09-07 00:00:00-04:00,374.11680215428953,381.16357745838457,371.3995972836299,380.3872375488281,10793800,0.0,0.0
2021-09-08 00:00:00-04:00,378.3767055286841,379.08336647443883,373.03190060030323,375.7988586425781,11067200,0.0,0.0
2021-09-09 00:00:00-04:00,375.86854046444216,378.04823943366733,374.80355244505876,376.2268371582031,9098900,0.0,0.0
2021-09-10 00:00:00-04:00,379.5710937509483,381.9897181393809,376.4856595969932,376.91363525390625,11549600,0.0,0.0
2021-09-13 00:00:00-04:00,379.8895355016978,379.9592144222321,372.5939338259321,374.7438049316406,13026300,0.0,0.0
2021-09-14 00:00:00-04:00,375.6296775523405,376.8140979036417,373.3504110307914,374.7637634277344,8711600,0.0,0.0
2021-09-15 00:00:00-04:00,375.2315237135987,375.7888943692672,365.9453033482442,372.1659851074219,17940300,0.0,0.0
2021-09-16 00:00:00-04:00,371.04130554118336,371.8076826498412,367.9757363577028,371.3100280761719,11934200,0.0,0.0
2021-09-17 00:00:00-04:00,369.66774485550087,369.66774485550087,359.8938025108812,363.0091247558594,26299000,0.0,0.0
2021-09-20 00:00:00-04:00,357.61455213009725,359.3364478302785,348.15911555715337,354.0314636230469,19822800,0.0,0.0
2021-09-21 00:00:00-04:00,356.818335516636,358.35112013499145,353.5238646116944,355.8031311035156,11751900,0.0,0.0
2021-09-22 00:00:00-04:00,345.6011678721146,348.19890987911134,339.0918382649235,341.6000061035156,43692900,0.0,0.0
2021-09-23 00:00:00-04:00,343.7399361507413,348.0297463156424,341.39102125477564,344.3371276855469,21806300,0.0,0.0
2021-09-24 00:00:00-04:00,341.62985544550526,352.6877543598482,340.7639414652604,351.30426025390625,18801900,0.0,0.0
2021-09-27 00:00:00-04:00,348.1690822558539,353.48402933337866,345.4518774123901,351.92138671875,15205800,0.0,0.0
2021-09-28 00:00:00-04:00,346.33773340904713,347.9600922175034,337.3301975622764,339.05206298828125,21710300,0.0,0.0
2021-09-29 00:00:00-04:00,341.54030943488596,343.6105693594989,337.2903505394969,338.01690673828125,14452200,0.0,0.0
2021-09-30 00:00:00-04:00,338.8529988601151,341.19195097053165,336.56376968103655,337.7979736328125,16547100,0.0,0.0
2021-10-01 00:00:00-04:00,340.00754386818494,343.4015517117851,337.05150485459825,341.4010009765625,14905300,0.0,0.0
2021-10-04 00:00:00-04:00,333.9560697510419,334.3641501375341,321.18626703229666,324.69970703125,42885000,0.0,0.0
2021-10-05 00:00:00-04:00,327.0386431890316,333.60768917278125,324.6300122321243,331.3981018066406,35377900,0.0,0.0
2021-10-06 00:00:00-04:00,328.1932212833495,332.8114702048413,324.27170089939403,332.074951171875,26443000,0.0,0.0
2021-10-07 00:00:00-04:00,335.4191626696661,337.25052774673,327.4367947183731,327.6756591796875,28307500,0.0,0.0
2021-10-08 00:00:00-04:00,329.95491258320624,331.83603089128457,327.16802902110487,328.5017395019531,15946100,0.0,0.0
2021-10-11 00:00:00-04:00,326.09313698727885,328.90984847654573,323.7840125026073,323.9233703613281,14708200,0.0,0.0
2021-10-12 00:00:00-04:00,321.51470167904193,322.858375056985,315.8812484524,322.251220703125,31658700,0.0,0.0
2021-10-13 00:00:00-04:00,325.43623309816275,325.4660911576039,321.1464531033789,323.01763916015625,14761500,0.0,0.0
2021-10-14 00:00:00-04:00,326.81967569282114,328.9695469555759,325.56560690369787,326.9888916015625,14302200,0.0,0.0
2021-10-15 00:00:00-04:00,327.13822844911846,327.52641362619704,320.99718754681777,323.23663330078125,21596400,0.0,0.0
2021-10-18 00:00:00-04:00,327.4069580794899,334.31440603232664,325.963747657648,333.7669677734375,21585000,0.0,0.0
2021-10-19 00:00:00-04:00,338.0567096550207,340.85352562989857,335.69783208807735,338.3951110839844,18786300,0.0,0.0
2021-10-20 00:00:00-04:00,341.83888485310257,342.36639740296135,337.8576488920796,339.181396484375,13639500,0.0,0.0
2021-10-21 00:00:00-04:00,338.68377502016017,340.7042512524541,336.21539754880064,340.2762756347656,16354400,0.0,0.0
2021-10-22 00:00:00-04:00,324.81913880440356,328.08375151727347,319.60369833823506,323.0872802734375,35224500,0.0,0.0
2021-10-25 00:00:00-04:00,318.79747485967215,328.01404633317867,318.2202089785061,327.14813232421875,38409000,0.0,0.0
2021-10-26 00:00:00-04:00,326.7201939307644,328.6610285642443,308.14772139721987,314.3285827636719,65654000,0.0,0.0
2021-10-27 00:00:00-04:00,312.71616171036374,317.75242321611404,310.596148513885,310.7554016113281,29971800,0.0,0.0
2021-10-28 00:00:00-04:00,311.5217620560489,323.99298292596797,306.6646491535005,315.433349609375,50806800,0.0,0.0
2021-10-29 00:00:00-04:00,318.68800511359916,324.4707482272039,318.1007764227811,322.0521545410156,37059400,0.0,0.0
2021-11-01 00:00:00-04:00,324.51060836972124,331.8858529206723,324.470787498318,328.43212890625,31518900,0.0,0.0
2021-11-02 00:00:00-04:00,329.8255232508698,333.2195308118883,322.2810635186287,326.5409851074219,28353000,0.0,0.0
2021-11-03 00:00:00-04:00,325.9537607315269,330.5919046870114,321.68390664997906,330.06439208984375,20786500,0.0,0.0
2021-11-04 00:00:00-04:00,332.4431712045508,335.687857913318,331.0895351601015,334.2745361328125,22495300,0.0,0.0
2021-11-05 00:00:00-04:00,338.7136244356057,345.1632380917071,338.0467843737886,339.52978515625,26872800,0.0,0.0
2021-11-08 00:00:00-05:00,342.80433501328156,343.17259447893605,336.75283935653863,337.0315246582031,18342500,0.0,0.0
2021-11-09 00:00:00-05:00,338.4051000400022,339.70895255432004,332.9010418337403,333.79681396484375,17556700,0.0,0.0
2021-11-10 00:00:00-05:00,330.93031321844114,331.62704173879837,323.98307513420957,326.10308837890625,21872600,0.0,0.0
2021-11-11 00:00:00-05:00,328.2728662117516,330.9004665335805,325.4660871610513,326.2026062011719,12376600,0.0,0.0
2021-11-12 00:00:00-05:00,328.63117160227716,340.2563753168981,328.2330540126251,339.29095458984375,25414300,0.0,0.0
2021-11-15 00:00:00-05:00,342.72476020032593,351.9910862579114,341.59012352716536,345.9296569824219,25076600,0.0,0.0
2021-11-16 00:00:00-05:00,342.2171103356474,345.02388925345036,339.2710039402352,341.3511962890625,18181100,0.0,0.0
2021-11-17 00:00:00-05:00,342.625171308437,345.6708145150928,338.50460771242905,339.17144775390625,13602800,0.0,0.0
2021-11-18 00:00:00-05:00,338.126424530338,340.85356187246754,333.72714473719753,337.10125732421875,17487200,0.0,0.0
2021-11-19 00:00:00-05:00,340.59474226848846,350.4482950135208,338.30551340890685,343.68017578125,26488500,0.0,0.0
2021-11-22 00:00:00-05:00,347.4126020237898,352.1701779345818,338.9126848444051,339.41033935546875,27116800,0.0,0.0
2021-11-23 00:00:00-05:00,337.340141961681,339.7985569159297,331.93562026197066,335.66802978515625,17225000,0.0,0.0
2021-11-24 00:00:00-05:00,334.4238219289551,340.1767066983514,331.2487838086641,339.4600830078125,13566200,0.0,0.0
2021-11-26 00:00:00-05:00,334.22476346651024,336.16562824418753,330.3430642855771,331.5573425292969,14750700,0.0,0.0
2021-11-29 00:00:00-05:00,335.3096993511872,339.07196655746384,333.7370939537903,336.4443359375,16650900,0.0,0.0
2021-11-30 00:00:00-05:00,333.4285233925623,334.2347212729011,321.91279068284473,322.9379577636719,25390000,0.0,0.0
2021-12-01 00:00:00-05:00,328.7406435259103,328.94964992722845,308.8344619871975,309.14300537109375,30329600,0.0,0.0
2021-12-02 00:00:00-05:00,309.93926258086293,313.1242640039096,305.75898238434195,308.93402099609375,24396200,0.0,0.0
2021-12-03 00:00:00-05:00,312.25836011620225,312.27825536501797,298.0950995436586,305.4006652832031,27471000,0.0,0.0
2021-12-06 00:00:00-05:00,306.68457552374605,318.59842579868507,304.90296385956543,316.3788757324219,21758300,0.0,0.0
2021-12-07 00:00:00-05:00,320.061572217402,325.00825993202096,319.4942387092712,321.2957458496094,18794000,0.0,0.0
2021-12-08 00:00:00-05:00,323.4754828149364,331.1891289436003,321.5545433914668,329.0093994140625,19937700,0.0,0.0
2021-12-09 00:00:00-05:00,327.9941418387633,334.553224613298,326.46135744834487,328.2728271484375,16879200,0.0,0.0
2021-12-10 00:00:00-05:00,330.9999714864247,333.4583860270374,324.83900610680064,328.2031555175781,14528000,0.0,0.0
2021-12-13 00:00:00-05:00,329.39752643917353,339.48994392712973,328.04389040143656,332.9208984375,22948700,0.0,0.0
2021-12-14 00:00:00-05:00,326.5111274523815,334.1252661184989,326.11300990025524,332.1744384765625,20461000,0.0,0.0
2021-12-15 00:00:00-05:00,330.93031416613354,340.50518288372535,322.4602543483379,340.05731201171875,24681300,0.0,0.0
2021-12-16 00:00:00-05:00,337.3898572397358,342.8441311441127,332.17441740217555,333.3289794921875,22635000,0.0,0.0
2021-12-17 00:00:00-05:00,331.23889689735284,335.5286772137722,329.198525142236,332.2242736816406,40012600,0.0,0.0
2021-12-20 00:00:00-05:00,328.23304555413574,328.3524777905111,321.01705432035544,323.9233703613281,17901800,0.0,0.0
2021-12-21 00:00:00-05:00,324.87885757202804,334.4238685074129,322.2313316347468,332.63232421875,16116800,0.0,0.0
2021-12-22 00:00:00-05:00,332.23419433689327,332.940885728965,326.7202033127228,328.8999328613281,16764600,0.0,0.0
2021-12-23 00:00:00-05:00,328.55151630542827,335.0907039109957,326.8196579416395,333.6673889160156,13987700,0.0,0.0
2021-12-27 00:00:00-05:00,337.2604890897512,346.23816609001614,336.4244331043662,344.55609130859375,17795000,0.0,0.0
2021-12-28 00:00:00-05:00,345.0039971227118,351.055463067194,343.58071240398834,344.5959167480469,16637600,0.0,0.0
2021-12-29 00:00:00-05:00,345.2826770965245,348.0496351280249,340.0374091719874,341.331298828125,10747000,0.0,0.0
2021-12-30 00:00:00-05:00,342.38633220808106,345.6011915528505,341.60999232095827,342.74462890625,10593300,0.0,0.0
2021-12-31 00:00:00-05:00,341.4109113837961,341.8289545642199,334.6925750604025,334.772216796875,12870500,0.0,0.0
2022-01-03 00:00:00-05:00,336.71307048341737,339.4800286823342,335.608291915867,336.95196533203125,14537900,0.0,0.0
2022-01-04 00:00:00-05:00,338.3553561401792,341.48061106214226,330.31324123539184,334.9513854980469,15998000,0.0,0.0
2022-01-05 00:00:00-05:00,331.4578139547363,334.18498144796365,322.3208840261547,322.64935302734375,20564500,0.0,0.0
2022-01-06 00:00:00-05:00,321.30568782425235,337.5789975257316,321.2061508403366,330.90045166015625,27962800,0.0,0.0
2022-01-07 00:00:00-05:00,331.179137473067,335.4191639237884,327.33725895858873,330.2336120605469,14722000,0.0,0.0
2022-01-10 00:00:00-05:00,323.7839737712289,326.79975887665285,313.9503158269784,326.5310363769531,24942400,0.0,0.0
2022-01-11 00:00:00-05:00,325.24709108780655,333.06027322786275,323.75412750847437,332.8014831542969,16226800,0.0,0.0
2022-01-12 00:00:00-05:00,333.607692747427,334.7921129918219,328.4818570203185,331.69671630859375,14104900,0.0,0.0
2022-01-13 00:00:00-05:00,333.4086439598992,334.0555887819827,324.2318930987002,324.9485168457031,14797100,0.0,0.0
2022-01-14 00:00:00-05:00,320.28051836264154,331.16920216194916,319.7032220847541,330.34307861328125,16868500,0.0,0.0
2022-01-18 00:00:00-05:00,321.7734652568294,322.68913255601507,316.1499753044664,316.6575622558594,22645600,0.0,0.0
2022-01-19 00:00:00-05:00,318.0808269854166,325.56556987279885,317.8319997431375,318.0907897949219,20814700,0.0,0.0
2022-01-20 00:00:00-05:00,322.3806077915642,326.2822327844562,314.49777681784406,315.0750427246094,16925000,0.0,0.0
2022-01-21 00:00:00-05:00,313.333277225582,316.81685931889024,301.61849923516417,301.7478942871094,28710700,0.0,0.0
2022-01-24 00:00:00-05:00,296.4428660138379,308.07803210989107,287.654299808725,307.2618713378906,38878100,0.0,0.0
2022-01-25 00:00:00-05:00,298.54296080977593,304.7935004102178,296.1840528537742,298.74200439453125,25108500,0.0,0.0
2022-01-26 00:00:00-05:00,305.5698245147957,306.0674790126866,289.48562749803085,293.2478942871094,28348800,0.0,0.0
2022-01-27 00:00:00-05:00,296.35330094552285,300.2947166950727,292.8796817138699,293.2579040527344,21629900,0.0,0.0
2022-01-28 00:00:00-05:00,294.2332793124524,300.4838194160683,291.6554323180273,300.2947082519531,21871600,0.0,0.0
2022-01-31 00:00:00-05:00,299.26952229950456,312.3180399330912,297.91591655116565,311.79052734375,21579500,0.0,0.0
2022-02-01 00:00:00-05:00,313.08445635849614,318.16053930209034,310.6558995050813,317.5036315917969,18023800,0.0,0.0
2022-02-02 00:00:00-05:00,326.2822298179943,326.4613781624903,315.3835832448128,321.4848327636719,58458300,0.0,0.0
2022-02-03 00:00:00-05:00,243.50237856341093,246.8366703057322,234.64413316361438,236.6446990966797,188119900,0.0,0.0
2022-02-04 00:00:00-05:00,233.86779368668977,241.4719550338503,229.03059057925435,235.97784423828125,89342200,0.0,0.0
2022-02-07 00:00:00-05:00,236.5849453285426,237.18213680106896,222.9591627423823,223.85494995117188,88613800,0.0,0.0
2022-02-08 00:00:00-05:00,219.8140415451606,224.71096095662645,215.13607618411422,219.1471710205078,94729700,0.0,0.0
2022-02-09 00:00:00-05:00,223.14829858041023,232.27528126211837,221.1676431788184,230.91171264648438,86563300,0.0,0.0
2022-02-10 00:00:00-05:00,227.19921136944953,233.897637326421,225.6365688004285,227.00015258789062,49310400,0.0,0.0
2022-02-11 00:00:00-05:00,227.38831861274423,229.33911590053276,217.743771218222,218.52011108398438,46156900,0.0,0.0
2022-02-14 00:00:00-05:00,218.28123548400916,219.963310286744,213.772486492656,216.6787872314453,38184000,0.0,0.0
2022-02-15 00:00:00-05:00,219.43580524683236,220.1126081658047,214.05117920514752,219.96331787109375,42685500,0.0,0.0
2022-02-16 00:00:00-05:00,211.41361460358013,216.43992871555378,211.36384610995427,215.52423095703125,45817500,0.0,0.0
2022-02-17 00:00:00-05:00,213.01605463499817,216.47972599855586,206.18823370406102,206.73565673828125,38747500,0.0,0.0
2022-02-18 00:00:00-05:00,208.40777633886196,209.761397351561,204.21751825506487,205.19293212890625,37128400,0.0,0.0
2022-02-22 00:00:00-05:00,201.39083971802836,206.50672788629166,199.12153618422826,201.13206481933594,39852400,0.0,0.0
2022-02-23 00:00:00-05:00,203.20231041402806,205.96926850948455,197.12097117821287,197.5190887451172,44481400,0.0,0.0
2022-02-24 00:00:00-05:00,190.16375393246855,207.37265675064464,189.32769793464607,206.6261749267578,49957200,0.0,0.0
2022-02-25 00:00:00-05:00,203.97865464852086,210.32873173032027,202.2269008674937,209.49266052246094,37627600,0.0,0.0
2022-02-28 00:00:00-05:00,206.70579317292714,212.15013533807485,205.8597895233449,210.0400848388672,34239800,0.0,0.0
2022-03-01 00:00:00-05:00,208.88552338219853,210.75670941661997,201.27141457142983,202.53546142578125,27094900,0.0,0.0
2022-03-02 00:00:00-05:00,203.8193927359262,208.1688885673236,201.0723451351296,207.13377380371094,29452100,0.0,0.0
2022-03-03 00:00:00-05:00,208.0395062161321,208.09922233042207,200.47515120370952,202.01788330078125,27263500,0.0,0.0
2022-03-04 00:00:00-05:00,201.42069784753204,204.92419013439408,197.8574894445822,199.1215362548828,32130900,0.0,0.0
2022-03-07 00:00:00-05:00,199.8481002649138,199.9476372461916,186.40148027856287,186.59059143066406,38560600,0.0,0.0
2022-03-08 00:00:00-05:00,186.96881277964258,195.77728883812838,185.23696954984962,189.39735412597656,37508100,0.0,0.0
2022-03-09 00:00:00-05:00,194.82181517515326,198.16605446976786,193.01034526309815,197.56886291503906,31894700,0.0,0.0
2022-03-10 00:00:00-05:00,193.92603679988673,195.3592844476633,190.1737321296863,194.2943115234375,24853000,0.0,0.0
2022-03-11 00:00:00-05:00,191.73635375297826,192.6520363471014,185.79435692165998,186.72994995117188,34694500,0.0,0.0
2022-03-14 00:00:00-04:00,186.15266469481412,191.38798523225927,184.94834915671402,185.75454711914062,31010500,0.0,0.0
2022-03-15 00:00:00-04:00,189.90500060674765,191.3780539874651,185.03793916961408,191.1292266845703,31721700,0.0,0.0
2022-03-16 00:00:00-04:00,193.78668618532524,202.77432648900052,193.60753783029702,202.6748046875,40640300,0.0,0.0
2022-03-17 00:00:00-04:00,200.75385366120565,207.06411006322276,200.16662490429133,206.86505126953125,29499700,0.0,0.0
2022-03-18 00:00:00-04:00,205.7303874737888,215.78301543625656,205.03367414278475,215.47447204589844,52128000,0.0,0.0
2022-03-21 00:00:00-04:00,213.49381517262836,213.7028367789471,206.6560460920424,210.49794006347656,30142300,0.0,0.0
2022-03-22 00:00:00-04:00,210.37848187878498,218.43054412701295,209.19406160704162,215.6337127685547,31998800,0.0,0.0
2022-03-23 00:00:00-04:00,212.32928416116454,215.78300782359509,211.16477438030978,212.45867919921875,23717300,0.0,0.0
2022-03-24 00:00:00-04:00,213.99145398040548,219.63485468849314,213.78243238949347,218.54002380371094,31502300,0.0,0.0
2022-03-25 00:00:00-04:00,219.4756122542055,224.44221031346072,217.8632163127484,220.77947998046875,40039000,0.0,0.0
2022-03-28 00:00:00-04:00,221.08802536519846,222.9890542909543,218.51016313589284,222.54116821289062,26224100,0.0,0.0
2022-03-29 00:00:00-04:00,225.00952367334364,229.80690538526719,224.2331686440074,228.78173828125,31417900,0.0,0.0
2022-03-30 00:00:00-04:00,227.83621420161512,230.06569690959634,225.64653717604276,226.78118896484375,25588000,0.0,0.0
2022-03-31 00:00:00-04:00,227.37836930692887,227.4181901772471,221.21740331903376,221.3169403076172,24192300,0.0,0.0
2022-04-01 00:00:00-04:00,223.49666180043877,226.2138513953719,221.65533388760468,223.79525756835938,19544800,0.0,0.0
2022-04-04 00:00:00-04:00,224.91994798989987,233.2506955517742,224.80051575683888,232.7928466796875,28054800,0.0,0.0
2022-04-05 00:00:00-04:00,232.9819390963625,235.7488969792216,229.93629590064066,230.75244140625,29727200,0.0,0.0
2022-04-06 00:00:00-04:00,225.84559954505218,227.91584436902596,220.37139930067923,222.25253295898438,28995100,0.0,0.0
2022-04-07 00:00:00-04:00,222.87954288007307,224.46209577353508,217.5347382708939,221.90414428710938,21037200,0.0,0.0
2022-04-08 00:00:00-04:00,221.33681682650925,224.07391653380378,218.9978346381191,221.28704833984375,18375700,0.0,0.0
2022-04-11 00:00:00-04:00,217.39540789179856,219.57513721157125,214.2104218664918,215.44461059570312,20516600,0.0,0.0
2022-04-12 00:00:00-04:00,219.2068898590888,220.98848653242345,212.13024128563168,213.135498046875,20128800,0.0,0.0
2022-04-13 00:00:00-04:00,210.82637836040755,215.59390221069393,210.33867143977488,213.98150634765625,19231800,0.0,0.0
2022-04-14 00:00:00-04:00,213.8819738659461,213.9815108517496,209.01491292950467,209.19406127929688,18379500,0.0,0.0
2022-04-18 00:00:00-04:00,209.01491874732997,212.379068489933,207.32289625205593,209.78131103515625,16580800,0.0,0.0
2022-04-19 00:00:00-04:00,209.53247676469104,217.40536023272782,208.01960267463804,216.29061889648438,20089900,0.0,0.0
2022-04-20 00:00:00-04:00,212.60797227876438,213.15539530786995,197.9868795260212,199.47984313964844,43036500,0.0,0.0
2022-04-21 00:00:00-04:00,200.6543044821675,202.0178729794922,184.70944973131267,187.18777465820312,49954100,0.0,0.0
2022-04-22 00:00:00-04:00,189.47698244880127,191.81596483389984,182.4102971770767,183.24635314941406,36426800,0.0,0.0
2022-04-25 00:00:00-04:00,181.87281260857924,186.30193470128242,180.80783985665775,186.1128387451172,29281100,0.0,0.0
2022-04-26 00:00:00-04:00,185.75454469167235,186.31191536521624,178.65798585330194,180.10118103027344,31747400,0.0,0.0
2022-04-27 00:00:00-04:00,173.6117532700364,180.3599627166506,168.20723232599158,174.1293182373047,71062900,0.0,0.0
2022-04-28 00:00:00-04:00,201.96812219345097,207.55180689185846,191.99512068773245,204.7649383544922,100890600,0.0,0.0
2022-04-29 00:00:00-04:00,203.50092166472788,211.48329035508618,198.96229904578695,199.52963256835938,49193400,0.0,0.0
2022-05-02 00:00:00-04:00,200.2263324705438,210.8860997547867,200.0471841200379,210.13961791992188,49915300,0.0,0.0
2022-05-03 00:00:00-04:00,209.46277980213057,213.89190189481963,207.11384991214564,211.03536987304688,41556300,0.0,0.0
2022-05-04 00:00:00-04:00,209.6618462564299,223.24782396273906,205.98916860256648,222.36199951171875,41375900,0.0,0.0
2022-05-05 00:00:00-04:00,217.71391840321272,219.13720312897797,205.19292807963836,207.302978515625,41129200,0.0,0.0
2022-05-06 00:00:00-04:00,206.36740921197426,208.3978485175666,200.07706286385576,202.8141632080078,34747200,0.0,0.0
2022-05-09 00:00:00-04:00,198.9025581035472,201.6197627611841,194.66254699243777,195.2895965576172,36303200,0.0,0.0
2022-05-10 00:00:00-04:00,198.57409950365766,202.0079278137696,193.27906335085424,196.7228240966797,34452500,0.0,0.0
2022-05-11 00:00:00-04:00,195.40903719037124,199.72867503424354,187.3868482839765,187.85464477539062,31153400,0.0,0.0
2022-05-12 00:00:00-04:00,186.18252590919263,197.12097886107114,183.91322227752548,190.34292602539062,38262200,0.0,0.0
2022-05-13 00:00:00-04:00,191.67661823238606,198.95232494126563,190.38271343290788,197.6882781982422,24549800,0.0,0.0
2022-05-16 00:00:00-04:00,196.12564404733837,204.40660713807497,195.01088762548534,199.1016082763672,27112600,0.0,0.0
2022-05-17 00:00:00-04:00,201.17187059607872,204.49621453506938,197.4295138444243,201.66952514648438,24872700,0.0,0.0
2022-05-18 00:00:00-04:00,199.06181944544653,200.05712854267378,190.7310871615623,191.33822631835938,23960000,0.0,0.0
2022-05-19 00:00:00-04:00,190.3031260075344,194.37393720462165,188.7106403161391,190.3927001953125,24446900,0.0,0.0
2022-05-20 00:00:00-04:00,194.05542583372602,196.98163715930048,186.9887248068325,192.6321258544922,31465600,0.0,0.0
2022-05-23 00:00:00-04:00,194.2743792709637,196.06593862949725,190.34291149267773,195.3094940185547,25059200,0.0,0.0
2022-05-24 00:00:00-04:00,179.70305509829623,182.81836215094546,175.28388041051807,180.42962646484375,50406300,0.0,0.0
2022-05-25 00:00:00-04:00,179.55374864716,184.5800624459455,178.47882822532142,182.96766662597656,28030200,0.0,0.0
2022-05-26 00:00:00-04:00,182.02213943091002,191.9254622846611,181.4050374400339,190.73109436035156,23056500,0.0,0.0
2022-05-27 00:00:00-04:00,190.46235622101486,194.41373469239704,188.9096764041194,194.2146759033203,22562700,0.0,0.0
2022-05-31 00:00:00-04:00,193.97579534552827,196.67308976474118,191.10930019702332,192.73165893554688,26131100,0.0,0.0
2022-06-01 00:00:00-04:00,195.58817370948535,198.59401125850084,184.13217214250176,187.75509643554688,36623500,0.0,0.0
2022-06-02 00:00:00-04:00,187.56599834187975,199.99741456665316,186.84937456923174,197.9271697998047,31951600,0.0,0.0
2022-06-03 00:00:00-04:00,195.06067513561032,195.68772473485097,188.88976169072905,189.88507080078125,19465000,0.0,0.0
2022-06-06 00:00:00-04:00,193.08001599733524,195.99626434360303,187.5162266373198,193.3387908935547,30574200,0.0,0.0
2022-06-07 00:00:00-04:00,191.02967236446682,195.60810039740878,190.59174910834548,194.7322235107422,18828700,0.0,0.0
2022-06-08 00:00:00-04:00,193.75683009472488,201.0823060343679,193.49805518353978,195.71759033203125,22267200,0.0,0.0
2022-06-09 00:00:00-04:00,193.368647499835,198.514393638331,182.81836514135458,183.13687133789062,23501600,0.0,0.0
2022-06-10 00:00:00-04:00,182.18137459561396,182.2411059000566,174.19900639005766,174.74642944335938,27450800,0.0,0.0
2022-06-13 00:00:00-04:00,169.7897800204355,171.77045064695062,163.2605545891736,163.48947143554688,31749300,0.0,0.0
2022-06-14 00:00:00-04:00,165.25117387863025,165.96779766824673,160.60308205725335,162.9619598388672,27244300,0.0,0.0
2022-06-15 00:00:00-04:00,166.41567933900382,171.3524191827835,163.21078280553314,168.55560302734375,30008300,0.0,0.0
2022-06-16 00:00:00-04:00,162.95202427228188,164.30564539869255,158.8613028318742,160.11538696289062,26944100,0.0,0.0
2022-06-17 00:00:00-04:00,160.92158931208894,165.1217954853802,159.1499400944122,162.97193908691406,31374200,0.0,0.0
2022-06-21 00:00:00-04:00,165.15162772651811,166.97304515845718,155.23835783225354,156.31329345703125,50724900,0.0,0.0
2022-06-22 00:00:00-04:00,157.63705777251027,160.03574112554074,154.71084663209396,155.11892700195312,47267800,0.0,0.0
2022-06-23 00:00:00-04:00,155.53694789245958,159.00061909833292,153.52641937976747,158.00531005859375,40499200,0.0,0.0
2022-06-24 00:00:00-04:00,160.9713374852641,169.45137532208366,160.54336185948108,169.36180114746094,68736000,0.0,0.0
2022-06-27 00:00:00-04:00,170.5163792038603,170.94435486942072,167.22189299904505,168.69496154785156,29174600,0.0,0.0
2022-06-28 00:00:00-04:00,169.10300512401122,170.49644693603452,159.85659053482593,159.92625427246094,27744500,0.0,0.0
2022-06-29 00:00:00-04:00,162.80273045220846,165.54977833156292,159.5679756054907,163.17098999023438,28595200,0.0,0.0
2022-06-30 00:00:00-04:00,161.3893634177571,164.4549172478533,157.7465436782428,160.49359130859375,35250600,0.0,0.0
2022-07-01 00:00:00-04:00,159.55801274893219,159.866556165809,154.27292341542866,159.27932739257812,31423900,0.0,0.0
2022-07-05 00:00:00-04:00,157.39817250750363,167.46074760716715,156.28343123177942,167.40103149414062,28618600,0.0,0.0
2022-07-06 00:00:00-04:00,167.41099021110313,170.7850875055919,164.68385295409936,168.9736328125,23085900,0.0,0.0
2022-07-07 00:00:00-04:00,168.65512600783367,171.90979105681865,166.99296161309277,171.3822784423828,24083400,0.0,0.0
2022-07-08 00:00:00-04:00,169.18265801865374,171.59130452361487,167.3612403122249,170.0784454345703,19249200,0.0,0.0
2022-07-11 00:00:00-04:00,166.2862834578215,166.70431141922256,161.15048532539075,162.11593627929688,21885600,0.0,0.0
2022-07-12 00:00:00-04:00,164.02694157042103,165.1317352711838,161.33961005665554,162.50411987304688,16639700,0.0,0.0
2022-07-13 00:00:00-04:00,159.4087025077127,164.20608427394072,158.86127948791204,162.72308349609375,16555100,0.0,0.0
2022-07-14 00:00:00-04:00,160.4637215229717,161.82729002134468,156.5422015516863,157.30859375,23765200,0.0,0.0
2022-07-15 00:00:00-04:00,159.78690935880238,164.20608400267676,159.07030080986016,163.92739868164062,23342800,0.0,0.0
2022-07-18 00:00:00-04:00,165.9677820373673,170.88461111358544,164.86298839802592,166.44552612304688,23574300,0.0,0.0
2022-07-19 00:00:00-04:00,169.570803302963,175.66210520716854,168.71483688564845,174.95542907714844,25933700,0.0,0.0
2022-07-20 00:00:00-04:00,176.65741826877792,182.73875749938003,175.87111557208019,182.23114013671875,24784300,0.0,0.0
2022-07-21 00:00:00-04:00,179.78269719025255,182.98759387831657,178.0309433609232,182.31077575683594,27195800,0.0,0.0
2022-07-22 00:00:00-04:00,172.25816044187403,174.7762913553687,167.62001619667512,168.47598266601562,42583900,0.0,0.0
2022-07-25 00:00:00-04:00,168.20725355154852,169.76989627381272,164.03690560454717,165.86827087402344,26166300,0.0,0.0
2022-07-26 00:00:00-04:00,165.16159989819332,165.22131601619705,157.2090744611017,158.4034423828125,28468400,0.0,0.0
2022-07-27 00:00:00-04:00,161.8272994536616,170.06845740995198,161.25998117617786,168.78451538085938,43846600,0.0,0.0
2022-07-28 00:00:00-04:00,160.3044658697984,160.7523518844791,154.1236054553423,159.966064453125,73214300,0.0,0.0
2022-07-29 00:00:00-04:00,156.95030912297085,159.38881360913717,154.4421257034106,158.35369873046875,42065400,0.0,0.0
2022-08-01 00:00:00-04:00,156.5123579214233,164.41511470365762,154.50182926200065,159.17977905273438,40596700,0.0,0.0
2022-08-02 00:00:00-04:00,157.56738213610367,161.47895481991452,157.26878636687042,159.43856811523438,27374500,0.0,0.0
2022-08-03 00:00:00-04:00,161.92683951716316,168.74469772334,160.81209818776804,168.0081787109375,31721900,0.0,0.0
2022-08-04 00:00:00-04:00,167.51054132548833,171.34247263151445,166.01757752612963,169.7698974609375,23938200,0.0,0.0
2022-08-05 00:00:00-04:00,166.20666335522924,170.80498629603912,165.02224315842406,166.3260955810547,25832700,0.0,0.0
2022-08-08 00:00:00-04:00,167.21193987472466,176.67732457523664,166.34602576028146,169.45138549804688,27299100,0.0,0.0
2022-08-09 00:00:00-04:00,168.15746891628208,168.73475001506094,165.81850165044239,167.73944091796875,18655100,0.0,0.0
2022-08-10 00:00:00-04:00,175.16443568157823,179.63336335401155,173.13399682480622,177.50340270996094,30262100,0.0,0.0
2022-08-11 00:00:00-04:00,178.86699698540363,182.2410940749119,175.54265319888472,176.65740966796875,24079100,0.0,0.0
2022-08-12 00:00:00-04:00,179.96183318123636,180.60879319864185,178.07075199512173,179.65328979492188,21274000,0.0,0.0
2022-08-15 00:00:00-04:00,178.12051890328047,180.58888115906342,177.36407428579042,180.0414581298828,15878700,0.0,0.0
2022-08-16 00:00:00-04:00,178.59826999329016,180.14100215870383,176.20951900539458,178.6281280517578,21156700,0.0,0.0
2022-08-17 00:00:00-04:00,175.9308292341521,177.30436063789398,173.35298233666936,174.02980041503906,20118100,0.0,0.0
2022-08-18 00:00:00-04:00,173.52217679631798,174.93551383026298,171.05381459528806,173.84068298339844,18844500,0.0,0.0
2022-08-19 00:00:00-04:00,169.40161721404766,171.51168297574213,166.26639941236283,167.17213439941406,26240800,0.0,0.0
2022-08-22 00:00:00-04:00,164.71369746352707,164.71369746352707,161.49883834970646,162.28514099121094,19499700,0.0,0.0
2022-08-23 00:00:00-04:00,161.7178320283796,164.27578392214167,159.94618289513025,160.35426330566406,18111800,0.0,0.0
2022-08-24 00:00:00-04:00,159.84664525778507,164.68384802236503,159.02053689408802,162.49415588378906,20891500,0.0,0.0
2022-08-25 00:00:00-04:00,164.40514721374151,168.08780297450062,163.25060021852258,167.98826599121094,15550500,0.0,0.0
2022-08-26 00:00:00-04:00,167.689686642503,170.1182434752563,160.91163354661174,161.0211181640625,24023600,0.0,0.0
2022-08-29 00:00:00-04:00,159.90637119893756,162.28515945273423,158.2641019940911,158.42335510253906,20052700,0.0,0.0
2022-08-30 00:00:00-04:00,159.5978135949157,160.9016660315116,155.1786389455111,156.4227752685547,19567900,0.0,0.0
2022-08-31 00:00:00-04:00,166.28630485733373,167.05268195825627,161.37942291313098,162.16571044921875,40953000,0.0,0.0
2022-09-01 00:00:00-04:00,162.81267101337778,166.57493834921172,159.5978267422207,164.58432006835938,30145700,0.0,0.0
2022-09-02 00:00:00-04:00,166.6645062219544,167.14225033886635,158.47311655854904,159.56796264648438,22634200,0.0,0.0
2022-09-06 00:00:00-04:00,159.3489746821426,160.93151232444234,156.95027638172508,157.79627990722656,19339800,0.0,0.0
2022-09-07 00:00:00-04:00,157.01996634774872,160.2049677838299,156.07442569081752,159.63763427734375,16831200,0.0,0.0
2022-09-08 00:00:00-04:00,157.9654981310102,161.46897487751946,157.00004718567502,161.29977416992188,22530800,0.0,0.0
2022-09-09 00:00:00-04:00,162.48420422097,168.74469153277727,162.25528738934116,168.3565216064453,22086800,0.0,0.0
2022-09-12 00:00:00-04:00,166.60477697553068,170.58601307286074,166.4952923753657,168.16741943359375,23220400,0.0,0.0
2022-09-13 00:00:00-04:00,160.78221983126946,160.87180918948542,151.95383327619615,152.41168212890625,44444100,0.0,0.0
2022-09-14 00:00:00-04:00,152.61073585815754,152.81974225025758,148.35081441173244,150.75946044921875,43064200,0.0,0.0
2022-09-15 00:00:00-04:00,149.09729221745584,153.47664577135723,148.0024462353754,148.8484649658203,34606300,0.0,0.0
2022-09-16 00:00:00-04:00,147.35552892225996,147.88304157907592,143.61315664028953,145.60377502441406,40122800,0.0,0.0
2022-09-19 00:00:00-04:00,144.55871004345596,147.88303904300327,144.41936736644539,147.32566833496094,22169500,0.0,0.0
2022-09-20 00:00:00-04:00,145.09616545833953,148.1418090019097,144.53879476895574,145.4047088623047,23217400,0.0,0.0
2022-09-21 00:00:00-04:00,145.70329744159392,148.89824631084826,141.3338911330671,141.4533233642578,38338600,0.0,0.0
2022-09-22 00:00:00-04:00,140.8860081046165,143.90179350464157,140.20919000984014,142.15005493164062,34418500,0.0,0.0
2022-09-23 00:00:00-04:00,140.75663015067906,141.9509981948922,138.23849900183168,139.75137329101562,31710700,0.0,0.0
2022-09-26 00:00:00-04:00,139.46271013271172,141.57277581103185,135.5511525501713,135.7303009033203,30497000,0.0,0.0
2022-09-27 00:00:00-04:00,137.27305470158652,138.7660186283997,133.49087638288347,133.76956176757812,30826500,0.0,0.0
2022-09-28 00:00:00-04:00,133.988508300892,141.36375249344968,133.64015922271042,140.9457244873047,32658500,0.0,0.0
2022-09-29 00:00:00-04:00,138.7062853312721,139.18402947629386,134.56579557518336,135.77012634277344,38985400,0.0,0.0
2022-09-30 00:00:00-04:00,135.41180802475446,140.32863747887095,134.86438497450047,135.0435333251953,33166400,0.0,0.0
2022-10-03 00:00:00-04:00,136.49670261561553,138.96506517078882,135.46158773351482,137.95980834960938,27723100,0.0,0.0
2022-10-04 00:00:00-04:00,139.83098510058932,141.7220663721567,138.68637048909366,139.62196350097656,34670700,0.0,0.0
2022-10-05 00:00:00-04:00,137.59154490008095,139.5523051767072,134.14776849521687,138.32806396484375,27979300,0.0,0.0
2022-10-06 00:00:00-04:00,137.0739900226389,140.78648924286338,135.959248531512,138.41766357421875,36231100,0.0,0.0
2022-10-07 00:00:00-04:00,136.11847603550902,137.64129784407285,131.81874833697955,132.82400512695312,33214800,0.0,0.0
2022-10-10 00:00:00-04:00,132.9235348251432,135.47152371961099,131.25140762114134,133.1623992919922,24024000,0.0,0.0
2022-10-11 00:00:00-04:00,131.00257306242557,132.0377029852794,126.3942948678421,127.93701934814453,38481400,0.0,0.0
2022-10-12 00:00:00-04:00,127.71806961752692,129.06172777563606,125.65777251299689,126.90190887451172,34605200,0.0,0.0
2022-10-13 00:00:00-04:00,122.9505191403238,130.52482121226487,121.95521014368089,129.67880249023438,34325700,0.0,0.0
2022-10-14 00:00:00-04:00,130.38549080100034,131.17177829979363,125.92650273623762,126.1653823852539,23559400,0.0,0.0
2022-10-17 00:00:00-04:00,129.68879290407622,134.15772153039316,129.56934547175206,133.41123962402344,29612200,0.0,0.0
2022-10-18 00:00:00-04:00,136.4469169637525,137.19339876735972,130.7836059170987,132.1770477294922,25445000,0.0,0.0
2022-10-19 00:00:00-04:00,132.26660957848378,136.3573300886311,131.59975438518703,132.60501098632812,30691000,0.0,0.0
2022-10-20 00:00:00-04:00,132.3064363612034,136.12843499157682,130.69404041832243,130.9130096435547,26356300,0.0,0.0
2022-10-21 00:00:00-04:00,125.71747575136206,129.50960056288432,124.85156179234954,129.40011596679688,46348600,0.0,0.0
2022-10-24 00:00:00-04:00,126.65308131198296,132.85385267114452,123.98565265526337,129.1114959716797,63563400,0.0,0.0
2022-10-25 00:00:00-04:00,130.26607018830055,137.70103096931584,129.97742202159375,136.86495971679688,38433200,0.0,0.0
2022-10-26 00:00:00-04:00,131.0622893187902,134.91414569618084,127.92707186453384,129.21102905273438,82791500,0.0,0.0
2022-10-27 00:00:00-04:00,97.52038883670613,102.01918262186933,95.92788820382158,97.48057556152344,232316600,0.0,0.0
2022-10-28 00:00:00-04:00,99.11287959633101,100.37691878148325,97.05259011305071,98.73465728759766,95928300,0.0,0.0
2022-10-31 00:00:00-04:00,97.75926924191872,98.85410782531142,92.16562889560166,92.72300720214844,121361400,0.0,0.0
2022-11-01 00:00:00-04:00,93.8875039602185,97.032676591161,93.11116412073285,94.75341796875,110189600,0.0,0.0
2022-11-02 00:00:00-04:00,93.76806245537966,94.75341626519553,90.05556403974357,90.11528015136719,71821100,0.0,0.0
2022-11-03 00:00:00-04:00,89.65744499802331,90.03565971999477,87.99528063373046,88.49293518066406,60664000,0.0,0.0
2022-11-04 00:00:00-04:00,89.92617442608974,90.96129678704688,87.67677376490204,90.3641128540039,55638100,0.0,0.0
2022-11-07 00:00:00-05:00,94.33538684606212,96.42553425040695,92.66326740386523,96.26628875732422,81987300,0.0,0.0
2022-11-08 00:00:00-05:00,95.47004826407013,97.3412342557824,94.34535170046023,96.01747131347656,52088300,0.0,0.0
2022-11-09 00:00:00-05:00,101.24284583698697,104.40792917158052,100.26743954918638,100.9940185546875,107677300,0.0,0.0
2022-11-10 00:00:00-05:00,106.61751194751989,112.22109936387615,104.11928401728964,111.34523010253906,80671000,0.0,0.0
2022-11-11 00:00:00-05:00,108.7176152481457,114.36101596630525,108.29957965918129,112.48983001708984,59961700,0.0,0.0
2022-11-14 00:00:00-05:00,110.46934502486432,115.72457538892769,110.28024147639127,113.68419647216797,53395000,0.0,0.0
2022-11-15 00:00:00-05:00,115.52552791061386,118.18300140763097,113.87331873931102,116.53079223632812,50670500,0.0,0.0
2022-11-16 00:00:00-05:00,113.96289946765384,115.5354897718564,112.13153424777715,112.69886016845703,33287800,0.0,0.0
2022-11-17 00:00:00-05:00,109.8920854969386,111.80307721813635,109.28494631568212,110.92720031738281,35093800,0.0,0.0
2022-11-18 00:00:00-05:00,113.26618215369642,113.78373956066838,110.10109881313593,111.5243911743164,33357700,0.0,0.0
2022-11-21 00:00:00-05:00,110.99686704869316,111.84288585520797,108.67780262607081,109.34465789794922,24351100,0.0,0.0
2022-11-22 00:00:00-05:00,109.34465382193905,111.09639989187181,107.81187695994858,110.91724395751953,29029000,0.0,0.0
2022-11-23 00:00:00-05:00,111.19592835262634,112.14146891329342,110.21057451870094,111.71348571777344,21343100,0.0,0.0
2022-11-25 00:00:00-05:00,110.77791315042687,112.20120556074406,110.4992202054756,110.88739776611328,12007600,0.0,0.0
2022-11-28 00:00:00-05:00,110.26034794169364,111.51443961418798,107.87160443004939,108.26972961425781,23309400,0.0,0.0
2022-11-29 00:00:00-05:00,109.02615975361113,110.41959401269497,108.03085065335205,108.946533203125,23899200,0.0,0.0
2022-11-30 00:00:00-05:00,108.99629650081332,117.60572132644997,108.8669014640389,117.5459976196289,43348600,0.0,0.0
2022-12-01 00:00:00-05:00,118.64084176532097,120.63145996670963,117.844599040929,119.87503051757812,36551400,0.0,0.0
2022-12-02 00:00:00-05:00,117.27727516738443,123.45814387740222,117.05830594650168,122.91072082519531,39950500,0.0,0.0
2022-12-05 00:00:00-05:00,121.17888711668026,124.08518796674628,120.7807619441876,121.85569763183594,35474900,0.0,0.0
2022-12-06 00:00:00-05:00,119.34751130591351,119.98450848762556,113.20644872326258,113.58467102050781,43689200,0.0,0.0
2022-12-07 00:00:00-05:00,113.22636811897216,115.3364186028113,112.35049122958445,113.39556884765625,29461100,0.0,0.0
2022-12-08 00:00:00-05:00,115.84401899184564,116.78955954594373,114.05245967569569,114.78899383544922,30619400,0.0,0.0
2022-12-09 00:00:00-05:00,114.7591469061642,116.98863725407364,113.33585453188854,115.35633087158203,26033400,0.0,0.0
2022-12-12 00:00:00-05:00,114.63970200778424,115.1771698309824,112.60927054023759,114.17190551757812,24747100,0.0,0.0
2022-12-13 00:00:00-05:00,121.5571031179108,122.7216205884405,118.08347632884896,119.58639526367188,44701100,0.0,0.0
2022-12-14 00:00:00-05:00,118.82996092992082,123.55767947672285,118.82996092992082,121.01963806152344,36922000,0.0,0.0
2022-12-15 00:00:00-05:00,117.77493790534987,118.0735261052484,113.47520252179538,115.60516357421875,34531000,0.0,0.0
2022-12-16 00:00:00-05:00,119.66600887308826,122.73155493625129,118.26261948583065,118.86975860595703,67064000,0.0,0.0
2022-12-19 00:00:00-05:00,116.28196032757056,117.24741133926021,113.79368765563045,113.94298553466797,29769900,0.0,0.0
2022-12-20 00:00:00-05:00,112.7287128164845,116.77962062248262,111.93246248474388,116.54074096679688,28742500,0.0,0.0
2022-12-21 00:00:00-05:00,116.15256830609113,119.77549280306249,115.07764025502914,119.1982192993164,20392800,0.0,0.0
2022-12-22 00:00:00-05:00,116.65022137241151,118.0635660399852,113.84345006492889,116.57060241699219,23618100,0.0,0.0
2022-12-23 00:00:00-05:00,115.4857015124283,117.62561737109519,114.99800223092912,117.48627471923828,17796600,0.0,0.0
2022-12-27 00:00:00-05:00,117.3768113753746,118.043666700522,115.50563285905454,116.33173370361328,21392300,0.0,0.0
2022-12-28 00:00:00-05:00,115.70468636636733,117.59577523215174,114.96815973635239,115.07764434814453,19612500,0.0,0.0
2022-12-29 00:00:00-05:00,115.85397587428754,120.46225407930325,115.2269263078164,119.69586944580078,22366200,0.0,0.0
2022-12-30 00:00:00-05:00,117.60572332496524,119.85511635517314,117.18768774453578,119.7754898071289,19583800,0.0,0.0
2023-01-03 00:00:00-05:00,122.24386218953632,125.77721249819784,121.70639436944211,124.15485382080078,35528500,0.0,0.0
2023-01-04 00:00:00-05:00,126.78246196620191,128.44463382345305,125.25964035977157,126.77251434326172,32397100,0.0,0.0
2023-01-05 00:00:00-05:00,125.53833031695387,127.91712598134784,123.95579253993468,126.34453582763672,25447100,0.0,0.0
2023-01-06 00:00:00-05:00,128.36501760802327,129.71863861013483,125.44876160115716,129.41009521484375,27584500,0.0,0.0
2023-01-09 00:00:00-05:00,130.54474571400232,132.3263423276313,128.67355973874038,128.8626708984375,26649100,0.0,0.0
2023-01-10 00:00:00-05:00,126.67298819367953,132.81405122709808,126.5535559593453,132.3661651611328,28684400,0.0,0.0
2023-01-11 00:00:00-05:00,130.34569271415705,133.22213554460268,129.72859071504672,132.26663208007812,25423000,0.0,0.0
2023-01-12 00:00:00-05:00,132.8140453994428,137.03414615767494,131.1419182560742,136.06871032714844,30757700,0.0,0.0
2023-01-13 00:00:00-05:00,134.33686708767706,136.7455132270694,134.20747204800026,136.33743286132812,22423800,0.0,0.0
2023-01-17 00:00:00-05:00,135.54118216295166,136.1085156239696,133.62024294345827,134.72503662109375,21147600,0.0,0.0
2023-01-18 00:00:00-05:00,135.17294802004923,136.6061957828067,132.177072618184,132.3960418701172,20215500,0.0,0.0
2023-01-19 00:00:00-05:00,131.86851726412772,136.80524223737595,131.52015298010343,135.51133728027344,28625200,0.0,0.0
2023-01-20 00:00:00-05:00,135.25254580936195,139.28355048775077,133.97855144399023,138.71621704101562,28688600,0.0,0.0
2023-01-23 00:00:00-05:00,138.63660481536394,143.085637930656,138.0095703781944,142.5979461669922,27470100,0.0,0.0
2023-01-24 00:00:00-05:00,141.0253564004958,144.31982726888674,140.6969025573494,142.4685516357422,21970200,0.0,0.0
2023-01-25 00:00:00-05:00,140.5575421042181,142.49839167075575,139.65180724409703,140.8362274169922,26622000,0.0,0.0
2023-01-26 00:00:00-05:00,143.72261873097537,146.81803044058447,142.62778790364493,146.60902404785156,25482100,0.0,0.0
2023-01-27 00:00:00-05:00,147.54463153104425,152.4714087082204,146.69861269203298,151.02821350097656,35771900,0.0,0.0
2023-01-30 00:00:00-05:00,148.70913006731004,150.4111000524141,146.26066310116065,146.37014770507812,28040100,0.0,0.0
2023-01-31 00:00:00-05:00,147.2559901010702,149.17694471526661,146.82801444365583,148.27120971679688,29842100,0.0,0.0
2023-02-01 00:00:00-05:00,147.33561342963432,152.8595822934471,146.3701623314899,152.4017333984375,55661000,0.0,0.0
2023-02-02 00:00:00-05:00,182.51979069367002,196.23514910781972,179.31489412268525,187.88450622558594,150475700,0.0,0.0
2023-02-03 00:00:00-05:00,182.6093704771839,195.8469851742293,182.03208934926204,185.65501403808594,76809700,0.0,0.0
2023-02-06 00:00:00-05:00,185.6550065784378,189.80544373360888,184.64974984741363,185.1872100830078,42483800,0.0,0.0
2023-02-07 00:00:00-05:00,184.7094551386282,192.8709863031072,183.5349825634411,190.7211151123047,47080700,0.0,0.0
2023-02-08 00:00:00-05:00,189.10872214145795,189.93483048696228,182.06193214656355,182.5695343017578,36139100,0.0,0.0
2023-02-09 00:00:00-05:00,185.2568823432022,185.7744321256041,176.43844336198575,177.08538818359375,37118800,0.0,0.0
2023-02-10 00:00:00-05:00,175.52276095625143,178.05083931725062,172.53683373967021,173.33306884765625,33433600,0.0,0.0
2023-02-13 00:00:00-05:00,177.38400227491994,180.15096056474957,174.99526633126692,178.58831787109375,31463200,0.0,0.0
2023-02-14 00:00:00-05:00,176.32895245733712,180.65853765147932,175.05495810627266,178.6380615234375,24034600,0.0,0.0
2023-02-15 00:00:00-05:00,175.5924452252482,177.35414674143868,174.50756185463683,176.3289794921875,25308900,0.0,0.0
2023-02-16 00:00:00-05:00,171.9396621926784,175.02512674974767,170.98415869001545,171.63111877441406,25827500,0.0,0.0
2023-02-17 00:00:00-05:00,169.4215050847497,172.36761132233053,168.90394013433823,172.06903076171875,24171300,0.0,0.0
2023-02-21 00:00:00-05:00,173.49233173468545,177.33422557764814,171.07373784262953,171.27279663085938,34592600,0.0,0.0
2023-02-22 00:00:00-05:00,170.2675379536797,171.94959760433574,168.8940065121616,170.31729125976562,22433200,0.0,0.0
2023-02-23 00:00:00-05:00,171.19316550970734,172.87524032170427,168.58546052289745,171.23297119140625,20017800,0.0,0.0
2023-02-24 00:00:00-05:00,167.84890750923995,169.9191520314371,166.87350895120812,169.5906982421875,19791300,0.0,0.0
2023-02-27 00:00:00-05:00,171.0737401340374,172.3079137499204,168.2669610646023,168.7447052001953,19277000,0.0,0.0
2023-02-28 00:00:00-05:00,171.09363645113456,176.717142249163,171.0637783916742,174.119384765625,46051100,0.0,0.0
2023-03-01 00:00:00-05:00,173.77103156123624,177.01574930998973,172.23826205816135,172.6065216064453,30998400,0.0,0.0
2023-03-02 00:00:00-05:00,171.57138005511212,174.18903254694888,170.62582430147143,173.71128845214844,17352000,0.0,0.0
2023-03-03 00:00:00-05:00,178.08068875943948,185.74456520713412,176.21946574438505,184.38099670410156,45877700,0.0,0.0
2023-03-06 00:00:00-05:00,187.11811821575978,188.7703350321703,183.7738788997343,184.03265380859375,33209400,0.0,0.0
2023-03-07 00:00:00-05:00,188.11341338650107,189.4670343231199,183.14681568207524,183.64447021484375,36701500,0.0,0.0
2023-03-08 00:00:00-05:00,182.01217025459715,184.39095839607606,180.48934854659495,184.10232543945312,19432400,0.0,0.0
2023-03-09 00:00:00-05:00,185.47586708494643,188.04375133976458,179.45424366053922,180.8377227783203,26582800,0.0,0.0
2023-03-10 00:00:00-05:00,180.16090194224154,183.9032740280053,177.96127724794607,178.66793823242188,25665000,0.0,0.0
2023-03-13 00:00:00-04:00,177.12521091650575,182.91790187644207,173.99994100648928,180.05140686035156,24728000,0.0,0.0
2023-03-14 00:00:00-04:00,186.70010016859123,193.4084895940479,185.68488053972928,193.10989379882812,41642600,0.0,0.0
2023-03-15 00:00:00-04:00,192.04488576977488,196.85223049422967,189.94478298357055,196.82237243652344,42123600,0.0,0.0
2023-03-16 00:00:00-04:00,197.32997901246466,204.79479734999595,195.17016006260434,203.96868896484375,50447100,0.0,0.0
2023-03-17 00:00:00-04:00,199.61920597424466,200.95291662559214,194.51326503977762,194.6924285888672,50141100,0.0,0.0
2023-03-20 00:00:00-04:00,197.54895062735395,198.42482751615233,192.7316581133867,196.88209533691406,25186300,0.0,0.0
2023-03-21 00:00:00-04:00,202.24679993080582,202.59516418009426,197.02142731474626,201.21168518066406,31827000,0.0,0.0
2023-03-22 00:00:00-04:00,201.5500796578903,206.39722980012576,198.73335326539132,198.87269592285156,28477800,0.0,0.0
2023-03-23 00:00:00-04:00,201.88849925631558,206.90486575081258,201.20173353015846,203.32174682617188,27389700,0.0,0.0
2023-03-24 00:00:00-04:00,204.21751649177017,206.60626747501993,202.59517296507255,205.0436248779297,27716400,0.0,0.0
2023-03-27 00:00:00-04:00,203.84926426575987,204.89434190908338,200.41545074102171,201.8885040283203,18527200,0.0,0.0
2023-03-28 00:00:00-04:00,199.21111956955335,200.0869964782602,196.9716739902379,199.73863220214844,19127300,0.0,0.0
2023-03-29 00:00:00-04:00,202.60512217791344,204.75499352353694,201.58990262238925,204.38673400878906,18851100,0.0,0.0
2023-03-30 00:00:00-04:00,202.4259809400818,207.11387855844876,201.8686102428606,206.86505126953125,22608300,0.0,0.0
2023-03-31 00:00:00-04:00,206.26788116233607,211.17474815917552,205.80008462996557,210.94583129882812,25440300,0.0,0.0
2023-04-03 00:00:00-04:00,207.8603425627802,212.4885388512506,207.22334536538006,212.0705108642578,17924600,0.0,0.0
2023-04-04 00:00:00-04:00,212.38903597395148,215.22567335422661,211.54301705359896,213.71279907226562,21026400,0.0,0.0
2023-04-05 00:00:00-04:00,213.14541879560053,214.18054867267878,208.95517636088778,210.48794555664062,19396600,0.0,0.0
2023-04-06 00:00:00-04:00,208.26843026535886,215.92235971438376,207.6712387273477,215.0863037109375,26104400,0.0,0.0
2023-04-10 00:00:00-04:00,213.70283957905806,214.64838025756657,209.67183438413997,213.74264526367188,16106100,0.0,0.0
2023-04-11 00:00:00-04:00,214.46919096688868,215.00666636154685,212.40890911992813,212.8468475341797,16710100,0.0,0.0
2023-04-12 00:00:00-04:00,213.83219549453068,215.8228136209453,211.5828024790781,212.9961395263672,18972200,0.0,0.0
2023-04-13 00:00:00-04:00,214.71803716451024,220.11261089704294,214.6782314811641,219.31637573242188,23310400,0.0,0.0
2023-04-14 00:00:00-04:00,216.85795280807292,221.06810607273064,216.52949898072916,220.45101928710938,21591200,0.0,0.0
2023-04-17 00:00:00-04:00,218.75897365041038,219.94339387278424,216.1114630684577,217.83334350585938,15481900,0.0,0.0
2023-04-18 00:00:00-04:00,218.87841794798126,219.40593053219777,215.1957774816206,216.86788940429688,12281000,0.0,0.0
2023-04-19 00:00:00-04:00,212.46865143110782,216.31054546546787,211.93117597017783,214.6881866455078,15898100,0.0,0.0
2023-04-20 00:00:00-04:00,212.47857604073408,215.7332409525059,211.77191510577404,212.0705108642578,16475400,0.0,0.0
2023-04-21 00:00:00-04:00,209.22392121007456,212.4089071193459,208.5968716512829,211.89134216308594,17717200,0.0,0.0
2023-04-24 00:00:00-04:00,212.67764886426204,212.9165285242688,209.72159470294358,211.7918243408203,15750900,0.0,0.0
2023-04-25 00:00:00-04:00,209.8310656719504,210.2689889060037,206.1583727694138,206.57640075683594,19198200,0.0,0.0
2023-04-26 00:00:00-04:00,211.50320445510016,213.1056528704603,207.9001900202909,208.41773986816406,41992700,0.0,0.0
2023-04-27 00:00:00-04:00,238.7646961349494,240.55625552795624,235.65933664521174,237.44093322753906,71196500,0.0,0.0
2023-04-28 00:00:00-04:00,237.88882032208997,239.302157408545,234.64411815351386,239.19268798828125,39554000,0.0,0.0
2023-05-01 00:00:00-04:00,237.50066874807095,242.85543693046213,235.3508124880173,242.03927612304688,29143900,0.0,0.0
2023-05-02 00:00:00-04:00,242.0392571311576,243.77110041454424,237.86892480278289,238.1177520751953,24350100,0.0,0.0
2023-05-03 00:00:00-04:00,238.34666262371402,240.6159660732543,231.65818450279187,235.91810607910156,34463900,0.0,0.0
2023-05-04 00:00:00-04:00,234.95266955894937,237.08263047842968,231.83734713856848,232.42459106445312,17889400,0.0,0.0
2023-05-05 00:00:00-04:00,231.15058908887747,233.57913051710213,228.77180096550416,231.68804931640625,26978900,0.0,0.0
2023-05-08 00:00:00-04:00,230.3344228802493,234.51471793178555,229.18982352600867,232.17575073242188,16400500,0.0,0.0
2023-05-09 00:00:00-04:00,230.37423980806227,234.77350399447775,229.99601750847725,232.2752685546875,16865600,0.0,0.0
2023-05-10 00:00:00-04:00,235.06215005629753,235.6394311610159,229.63771845877667,231.9866485595703,19119000,0.0,0.0
2023-05-11 00:00:00-04:00,231.9567771077636,237.09257544998172,231.21029532036715,234.6839141845703,20449000,0.0,0.0
2023-05-12 00:00:00-04:00,235.62948997993087,235.84845920450806,230.36429615334117,232.71322631835938,16155300,0.0,0.0
2023-05-15 00:00:00-04:00,235.80861524996425,239.13294378898573,234.22607752588772,237.73951721191406,20653200,0.0,0.0
2023-05-16 00:00:00-04:00,234.68392179887599,238.515867840056,234.4151992814864,237.69972229003906,18163800,0.0,0.0
2023-05-17 00:00:00-04:00,237.3314662903408,242.69618205809556,237.0229228805313,241.35252380371094,21193100,0.0,0.0
2023-05-18 00:00:00-04:00,240.16809372378933,245.93092684694426,240.05860911308702,245.6920623779297,22943300,0.0,0.0
2023-05-19 00:00:00-04:00,246.30913407546,247.52341234256357,242.26818172538563,244.4877166748047,21599800,0.0,0.0
2023-05-22 00:00:00-04:00,244.25881345757563,252.3805394775979,243.9701653095046,247.15516662597656,27738500,0.0,0.0
2023-05-23 00:00:00-04:00,245.6522290451414,250.4297156168021,245.49297594907011,245.5825653076172,17748100,0.0,0.0
2023-05-24 00:00:00-04:00,244.12941248469795,248.41919223447994,243.80095866239202,248.04098510742188,17724300,0.0,0.0
2023-05-25 00:00:00-04:00,252.21133017450006,254.42091768179606,248.00117676182518,251.50466918945312,22371400,0.0,0.0
2023-05-26 00:00:00-04:00,251.74353926510716,261.0795440723746,251.5245852215198,260.8108215332031,25727200,0.0,0.0
2023-05-30 00:00:00-04:00,264.0057485798782,267.3897935706732,260.0643329023369,261.2885437011719,23816500,0.0,0.0
2023-05-31 00:00:00-04:00,258.78038053593673,263.75692631547395,257.23766349405014,263.4782409667969,25473700,0.0,0.0
2023-06-01 00:00:00-04:00,264.6526915197554,272.71470154543596,264.6427590830665,271.3312072753906,25609500,0.0,0.0
2023-06-02 00:00:00-04:00,271.3809909565315,274.0583749454534,269.84820639191184,271.3312072753906,19405300,0.0,0.0
2023-06-05 00:00:00-04:00,269.03206013749497,274.27735897392324,268.29554106155626,270.1169738769531,20742900,0.0,0.0
2023-06-06 00:00:00-04:00,268.8727916546178,275.27262132556086,268.42489044849475,269.8481750488281,19419000,0.0,0.0
2023-06-07 00:00:00-04:00,270.39561545536134,272.9634993681727,261.5671989129693,262.36346435546875,26163600,0.0,0.0
2023-06-08 00:00:00-04:00,259.39745167318773,266.3944734012991,257.6656235664066,263.3388671875,20899400,0.0,0.0
2023-06-09 00:00:00-04:00,261.24870844070034,266.69304970199425,260.47236866186955,263.7071228027344,16938500,0.0,0.0
2023-06-12 00:00:00-04:00,265.9167599340666,270.4752624928421,264.0853643619349,269.7785339355469,15442500,0.0,0.0
2023-06-13 00:00:00-04:00,273.59053876903874,274.42659467185166,267.82769123868513,270.0472412109375,16164000,0.0,0.0
2023-06-14 00:00:00-04:00,270.61460623980014,273.70004015551854,267.06134545688445,272.0677490234375,19175100,0.0,0.0
2023-06-15 00:00:00-04:00,271.02264059378706,282.65780575077775,270.1467941493796,280.5079345703125,25973500,0.0,0.0
2023-06-16 00:00:00-04:00,283.4142324101458,286.4996963268961,278.81590977669083,279.68182373046875,43102500,0.0,0.0
2023-06-20 00:00:00-04:00,277.4224793854868,283.463981732334,274.92424415779317,282.9961853027344,20701600,0.0,0.0
2023-06-21 00:00:00-04:00,282.1999659139394,282.6677623694573,277.05420490324326,280.31884765625,20556200,0.0,0.0
2023-06-22 00:00:00-04:00,277.77082956228554,283.9218624264393,276.48690278855537,283.54364013671875,17563100,0.0,0.0
2023-06-23 00:00:00-04:00,280.1894773602233,288.3112033451979,277.64148846781046,287.3756103515625,50988400,0.0,0.0
2023-06-26 00:00:00-04:00,287.34574985333995,288.43063312942365,276.29781274794044,277.1637268066406,24232700,0.0,0.0
2023-06-27 00:00:00-04:00,280.68712477465124,287.992689813464,279.3334886243804,285.7034606933594,26108300,0.0,0.0
2023-06-28 00:00:00-04:00,283.4839552004256,288.19174797067035,282.7275105377967,283.9517517089844,16722100,0.0,0.0
2023-06-29 00:00:00-04:00,283.16545046570934,285.2257476763586,279.37332507044584,280.2093811035156,15395700,0.0,0.0
2023-06-30 00:00:00-04:00,283.42423213890936,287.69408635507347,283.0858306861351,285.6338195800781,19676000,0.0,0.0
2023-07-03 00:00:00-04:00,285.35511693031197,288.0424331420296,283.51378911198844,284.67828369140625,8629300,0.0,0.0
2023-07-05 00:00:00-04:00,286.3006573561467,296.72154487782586,285.0167001086486,292.9891357421875,33865500,0.0,0.0
2023-07-06 00:00:00-04:00,294.5020301613624,296.72155005981983,289.94349738108144,290.62030029296875,47600500,0.0,0.0
2023-07-07 00:00:00-04:00,290.809429367597,294.81059171695284,287.30595198342843,289.16717529296875,25546200,0.0,0.0
2023-07-10 00:00:00-04:00,294.16357784839363,296.73149220943253,285.7034509156094,292.72039794921875,37058300,0.0,0.0
2023-07-11 00:00:00-04:00,292.5213257310525,298.77186539304495,290.530707617368,296.8907470703125,27585900,0.0,0.0
2023-07-12 00:00:00-04:00,300.3345235261289,307.99841581227344,298.69226957179035,307.888916015625,36677100,0.0,0.0
2023-07-13 00:00:00-04:00,312.14885627386656,314.75656143299585,308.8344901106006,311.9398498535156,30281000,0.0,0.0
2023-07-14 00:00:00-04:00,310.32745875803425,313.40296048942173,305.91821599156407,307.421142578125,22576000,0.0,0.0
2023-07-17 00:00:00-04:00,306.09736421786033,310.2477860887302,303.2806225002827,309.16290283203125,25323100,0.0,0.0
2023-07-18 00:00:00-04:00,309.42171744719434,312.7261511581507,306.1769998560628,310.5862121582031,20764600,0.0,0.0
2023-07-19 00:00:00-04:00,311.56161677383153,317.18510730194566,309.06338112949766,314.52764892578125,21763700,0.0,0.0
2023-07-20 00:00:00-04:00,312.02945896665733,314.05989840065837,300.8023715145088,301.1009521484375,23836900,0.0,0.0
2023-07-21 00:00:00-04:00,303.14130371026374,304.02711302576523,289.834025734893,292.8796691894531,42089700,0.0,0.0
2023-07-24 00:00:00-04:00,294.3925176464592,296.1243457210145,286.9475948140285,290.2420654296875,24915700,0.0,0.0
2023-07-25 00:00:00-04:00,293.80527728661787,296.9006738143323,290.4908811811979,293.0886535644531,19585600,0.0,0.0
2023-07-26 00:00:00-04:00,299.7771692586956,300.35443520853624,290.5307386288225,297.1694641113281,47256900,0.0,0.0
2023-07-27 00:00:00-04:00,323.59493374317935,323.823865802108,308.38660984172196,310.2478332519531,64229200,0.0,0.0
2023-07-28 00:00:00-04:00,315.39355222445687,324.66984031915814,312.77588443356973,323.9532165527344,39220300,0.0,0.0
2023-07-31 00:00:00-04:00,322.1715881591069,324.1323481985344,316.10019689176113,317.10546875,25799600,0.0,0.0
2023-08-01 00:00:00-04:00,316.05043634198404,322.61948198267146,313.1839414897262,321.1961669921875,22817900,0.0,0.0
2023-08-02 00:00:00-04:00,316.5082948275176,316.89647995750096,309.1927668438837,312.8356018066406,20461100,0.0,0.0
2023-08-03 00:00:00-04:00,308.47616856598734,314.4679493022101,308.47616856598734,311.72088623046875,15180200,0.0,0.0
2023-08-04 00:00:00-04:00,313.48253785122665,316.916366310776,308.74488730741234,309.27239990234375,17600200,0.0,0.0
2023-08-07 00:00:00-04:00,311.760676823609,315.5826600797192,309.00365120796704,315.0750427246094,16236500,0.0,0.0
2023-08-08 00:00:00-04:00,312.92521602286996,316.39886589224244,308.6553309187957,311.1734924316406,15183500,0.0,0.0
2023-08-09 00:00:00-04:00,311.41229287042137,312.158774639815,301.42934455604046,303.77825927734375,19955800,0.0,0.0
2023-08-10 00:00:00-04:00,306.495478242272,310.87483208676855,302.44456302698313,304.3057861328125,14358900,0.0,0.0
2023-08-11 00:00:00-04:00,301.15066674834725,303.29057513238394,298.9510118768029,300.22503662109375,13967800,0.0,0.0
2023-08-14 00:00:00-04:00,299.5681407740844,304.77358787395633,296.8509360242171,304.7536926269531,15641900,0.0,0.0
2023-08-15 00:00:00-04:00,304.70391654022484,305.7887997220303,298.62256266171255,300.5335693359375,11623600,0.0,0.0
2023-08-16 00:00:00-04:00,298.7917956428592,299.6676421119351,292.8995525703216,292.9095153808594,18547700,0.0,0.0
2023-08-17 00:00:00-04:00,291.67530660740397,294.66123377434315,283.6133275562058,283.7526550292969,23950100,0.0,0.0
2023-08-18 00:00:00-04:00,277.72108965942147,284.3498517361462,273.0929085409362,281.9212951660156,34061200,0.0,0.0
2023-08-21 00:00:00-04:00,282.12040450856455,289.1373222093127,280.52790371583114,288.5401306152344,20181500,0.0,0.0
2023-08-22 00:00:00-04:00,291.17764651643296,291.5260107541378,285.4048662537456,286.2508850097656,12999900,0.0,0.0
2023-08-23 00:00:00-04:00,287.14667667048064,296.0049216263318,286.320583478428,292.8597412109375,18287000,0.0,0.0
2023-08-24 00:00:00-04:00,297.0997900858898,298.0552783933872,285.29543779653994,285.4049072265625,18360900,0.0,0.0
2023-08-25 00:00:00-04:00,284.787785650487,287.0371938415798,274.73515808891875,284.1607360839844,23701400,0.0,0.0
2023-08-28 00:00:00-04:00,286.6490291486704,290.08285779345016,284.4593369151262,288.8984375,14239300,0.0,0.0
2023-08-29 00:00:00-04:00,287.2262412570833,297.74666406899206,286.82812375497366,296.59210205078125,20844500,0.0,0.0
2023-08-30 00:00:00-04:00,295.77602593765755,296.89076729736024,292.0535491568498,293.7157287597656,17717000,0.0,0.0
2023-08-31 00:00:00-04:00,294.41244012300496,299.6875969448397,294.2731126340071,294.5020446777344,17229900,0.0,0.0
2023-09-01 00:00:00-04:00,297.96571088735953,300.3245888357522,293.08870187335276,294.98974609375,12819800,0.0,0.0
2023-09-05 00:00:00-04:00,295.6266822173848,299.976208267469,294.12378621095934,298.74200439453125,14956000,0.0,0.0
2023-09-06 00:00:00-04:00,300.29469528432116,301.877233083243,294.27308747477696,297.7666320800781,15418100,0.0,0.0
2023-09-07 00:00:00-04:00,296.6020810234664,305.6096152940419,290.849196237384,297.2689514160156,33748700,0.0,0.0
2023-09-08 00:00:00-04:00,297.81639301480607,303.8181057312273,295.3878363572217,296.4926452636719,17548000,0.0,0.0
2023-09-11 00:00:00-04:00,299.9961338689429,307.5903475262006,299.8667388198271,306.1172790527344,19489300,0.0,0.0
2023-09-12 00:00:00-04:00,304.8930413632468,307.21212871378674,298.82167979186084,300.2449645996094,13480400,0.0,0.0
2023-09-13 00:00:00-04:00,300.9416510282082,305.73904827782064,299.9065514127019,303.6289978027344,13210900,0.0,0.0
2023-09-14 00:00:00-04:00,305.3010712203956,311.40232021593397,303.59910134482067,310.2577209472656,19343100,0.0,0.0
2023-09-15 00:00:00-04:00,310.14822473353667,310.5364098255404,297.34856549801344,298.9012451171875,28106400,0.0,0.0
2023-09-18 00:00:00-04:00,296.7912646342121,302.17589126624904,296.4030794509802,301.13079833984375,14234200,0.0,0.0
2023-09-19 00:00:00-04:00,301.0610996761498,304.7337925896252,298.40361108349,303.6389465332031,15924400,0.0,0.0
2023-09-20 00:00:00-04:00,303.6190505715031,306.6149408970922,298.0254178884066,298.2643127441406,19379500,0.0,0.0
2023-09-21 00:00:00-04:00,294.31291537923755,298.8515224816691,291.8942911622861,294.3427734375,21300500,0.0,0.0
2023-09-22 00:00:00-04:00,297.8960322278593,303.94752919014746,296.8708649640226,297.67706298828125,25369600,0.0,0.0
2023-09-25 00:00:00-04:00,294.2531969567264,299.5382858487245,292.3222948724247,299.4188232421875,18987000,0.0,0.0
2023-09-26 00:00:00-04:00,296.26369704779074,298.89129715910343,294.62144318141753,297.5575866699219,19417200,0.0,0.0
2023-09-27 00:00:00-04:00,299.0406630893028,299.8866516148527,285.4447356905557,296.3433532714844,36429800,0.0,0.0
2023-09-28 00:00:00-04:00,297.53773837619036,304.89305766091144,295.30825546029547,302.5341796875,22167100,0.0,0.0
2023-09-29 00:00:00-04:00,305.9381066890614,309.18282397593697,297.95570851083454,298.8017272949219,25356600,0.0,0.0
2023-10-02 00:00:00-04:00,301.31985927401985,305.7390339915228,300.2150807818553,305.3807373046875,16265600,0.0,0.0
2023-10-03 00:00:00-04:00,302.8328154933934,305.331021166566,298.2344914153085,299.52838134765625,17362300,0.0,0.0
2023-10-04 00:00:00-04:00,297.32864261812574,305.46029943047466,297.0997106332662,304.146484375,16880500,0.0,0.0
2023-10-05 00:00:00-04:00,303.20100691360363,304.77358187976694,298.0950665235925,303.3602600097656,19130000,0.0,0.0
2023-10-06 00:00:00-04:00,300.02598305497264,314.82622478441607,299.4984704372424,313.9503479003906,21784000,0.0,0.0
2023-10-09 00:00:00-04:00,311.0340806478515,318.82733720781846,310.3572777782231,316.8665771484375,22503700,0.0,0.0
2023-10-10 00:00:00-04:00,317.62301939760385,323.1370400432874,316.6675312137756,320.33026123046875,19038000,0.0,0.0
2023-10-11 00:00:00-04:00,321.4948224363608,327.297461491469,321.43510631653925,326.2822570800781,22036300,0.0,0.0
2023-10-12 00:00:00-04:00,326.4613876290649,328.9894812698115,321.176298692219,322.639404296875,20530500,0.0,0.0
2023-10-13 00:00:00-04:00,322.0123344750827,323.52519329038796,310.9046818754924,313.21380615234375,21341000,0.0,0.0
2023-10-16 00:00:00-04:00,317.1453188836478,320.3103946583305,314.03992885297436,319.6435241699219,16536100,0.0,0.0
2023-10-17 00:00:00-04:00,316.6874270803916,322.87825060281386,315.81155025415745,322.4801330566406,16387800,0.0,0.0
2023-10-18 00:00:00-04:00,319.88240332612423,324.4110475402622,314.07973431610037,315.4831237792969,16851000,0.0,0.0
2023-10-19 00:00:00-04:00,318.3794943155827,320.3800754178104,310.2876261029342,311.3426513671875,18709200,0.0,0.0
2023-10-20 00:00:00-04:00,312.66641606529106,313.8209478947954,305.03238188372967,307.2021484375,22287400,0.0,0.0
2023-10-23 00:00:00-04:00,308.048164095756,315.8712789822451,305.81868144861016,312.5370178222656,17796800,0.0,0.0
2023-10-24 00:00:00-04:00,315.29400000826496,316.8566425084314,309.17285541857785,311.0838317871094,19525500,0.0,0.0
2023-10-25 00:00:00-04:00,308.5458266475626,309.42170353150215,297.43817324331945,298.12493896484375,42192500,0.0,0.0
2023-10-26 00:00:00-04:00,293.61614348627256,293.61614348627256,278.0893176202503,286.9973449707031,66684100,0.0,0.0
2023-10-27 00:00:00-04:00,293.09865859053053,297.90598857058495,291.5957320072256,295.3381042480469,29596300,0.0,0.0
2023-10-30 00:00:00-04:00,297.68697385145646,307.9486075109332,297.64715298545684,301.240234375,28435100,0.0,0.0
2023-10-31 00:00:00-04:00,301.8871894817279,302.2554489751464,295.4674338753294,299.85675048828125,19434200,0.0,0.0
2023-11-01 00:00:00-04:00,300.4340550895294,311.27295529207805,300.4340550895294,310.38714599609375,20434600,0.0,0.0
2023-11-02 00:00:00-04:00,315.8115735548844,317.3244628661548,306.8836494789848,309.4117431640625,21631800,0.0,0.0
2023-11-03 00:00:00-04:00,311.0838958957041,314.0698236644976,309.56107394859646,313.1242980957031,16754100,0.0,0.0
2023-11-06 00:00:00-05:00,314.4977822392614,316.8367343387527,312.9749605221039,314.318603515625,12887700,0.0,0.0
2023-11-07 00:00:00-05:00,315.5726787596671,319.4941987695334,313.6417768106701,317.3244323730469,14055600,0.0,0.0
2023-11-08 00:00:00-05:00,316.64764664068247,319.8226546749476,313.4029293062361,318.2799377441406,13609700,0.0,0.0
2023-11-09 00:00:00-05:00,317.92165189456364,322.65930264250363,317.3045347267746,319.04632568359375,16103100,0.0,0.0
2023-11-10 00:00:00-05:00,318.4392166419731,327.5562522372138,317.96145730803715,327.227783203125,19096200,0.0,0.0
2023-11-13 00:00:00-05:00,324.66984842707564,330.7710678432152,324.17219386503194,327.64581298828125,16908900,0.0,0.0
2023-11-14 00:00:00-05:00,332.97067487895066,336.5139724199777,331.7663291428274,334.73236083984375,17179400,0.0,0.0
2023-11-15 00:00:00-05:00,336.34477586710636,336.8125723298676,328.4718777328685,331.1492614746094,14531200,0.0,0.0
2023-11-16 00:00:00-05:00,327.82494789944064,333.0104997184818,324.84898346025403,332.6223449707031,18932600,0.0,0.0
2023-11-17 00:00:00-05:00,328.7108073003068,333.92621749002217,327.8050723352092,333.4683837890625,14494400,0.0,0.0
2023-11-20 00:00:00-05:00,333.31908715486327,340.2663254015602,332.6223586182126,338.375244140625,16960500,0.0,0.0
2023-11-21 00:00:00-05:00,336.74293505993177,338.30557773248745,334.32434108868193,335.3992919921875,12027900,0.0,0.0
2023-11-22 00:00:00-05:00,337.618758212851,341.31137648148615,336.9917086814065,339.8880615234375,10702700,0.0,0.0
2023-11-24 00:00:00-05:00,338.5344832825469,340.25634855661747,335.1902289687512,336.6434020996094,5467500,0.0,0.0
2023-11-27 00:00:00-05:00,334.60301242210414,338.3055635607188,332.6323198056057,333.1299743652344,15684500,0.0,0.0
2023-11-28 00:00:00-05:00,331.8360367532549,337.78799590674,331.8360367532549,337.3998107910156,12637200,0.0,0.0
2023-11-29 00:00:00-05:00,338.09657971374276,338.3055861378964,329.2283712243989,330.6417236328125,16024500,0.0,0.0
2023-11-30 00:00:00-05:00,330.3331420956273,331.9355751199318,320.8876383588967,325.6153564453125,23146400,0.0,0.0
2023-12-01 00:00:00-05:00,323.95323336811543,325.32673448183385,319.2553729609138,323.29632568359375,15264700,0.0,0.0
2023-12-04 00:00:00-05:00,315.80162449657615,319.3548548050956,312.18864769916655,318.518798828125,19037100,0.0,0.0
2023-12-05 00:00:00-05:00,317.4836711475656,320.37006113079514,313.9105155343486,316.7969055175781,16952100,0.0,0.0
2023-12-06 00:00:00-05:00,320.41987260768275,320.7383788307514,315.55282657931986,315.9609069824219,11294300,0.0,0.0
2023-12-07 00:00:00-05:00,316.2793501686438,326.7002372783023,316.2793501686438,325.0579833984375,15905100,0.0,0.0
2023-12-08 00:00:00-05:00,321.5744274624733,331.6071606365716,321.48485328450766,331.1891174316406,14077500,0.0,0.0
2023-12-11 00:00:00-05:00,327.85481911844187,328.3425412434348,318.4989194349257,323.754150390625,25802500,0.0,0.0
2023-12-12 00:00:00-05:00,323.0773229824279,332.90101842405295,323.0375021156789,332.6521911621094,18485500,0.0,0.0
2023-12-13 00:00:00-05:00,332.36357131975313,336.7827462979258,331.07964440843716,333.1697692871094,16353300,0.0,0.0
2023-12-14 00:00:00-05:00,332.2839501169866,333.1299689294354,327.0983981951085,331.6071472167969,19607300,0.0,0.0
2023-12-15 00:00:00-05:00,330.43262898267267,337.07135345361246,329.666251978668,333.3489074707031,30001600,0.0,0.0
2023-12-18 00:00:00-05:00,335.89692677315173,345.92962915941496,335.43906271651696,343.00341796875,18993900,0.0,0.0
2023-12-19 00:00:00-05:00,343.95891527972447,351.94131393033064,343.50108158543,348.71649169921875,17729400,0.0,0.0
2023-12-20 00:00:00-05:00,347.0145214343162,353.29491960262146,346.1585701638808,347.6415710449219,16369900,0.0,0.0
2023-12-21 00:00:00-05:00,351.324207105706,354.7381099321862,347.5718724653155,352.4289855957031,15289600,0.0,0.0
2023-12-22 00:00:00-05:00,353.91202951063883,355.52445591794634,349.5724960085346,351.7323303222656,11764200,0.0,0.0
2023-12-26 00:00:00-05:00,353.3247804504326,355.30546628557806,351.79202625065795,353.16552734375,9898600,0.0,0.0
2023-12-27 00:00:00-05:00,354.3997352959561,357.3159838070823,353.643290624348,356.1514587402344,13207900,0.0,0.0
2023-12-28 00:00:00-05:00,358.01266092423595,360.2023225086019,356.1315123267668,356.6391296386719,11798800,0.0,0.0
2023-12-29 00:00:00-05:00,357.3059944879482,358.3112663717508,350.1696454423874,352.2995910644531,14980500,0.0,0.0
2024-01-02 00:00:00-05:00,349.67202277628337,351.5033879930597,338.4150785617212,344.6656188964844,19042200,0.0,0.0
2024-01-03 00:00:00-05:00,343.3617433360226,346.31781257010687,341.57016873615214,342.8541259765625,15451100,0.0,0.0
2024-01-04 00:00:00-05:00,342.88396387932653,346.5168357961971,341.7891178617216,345.4916687011719,12099900,0.0,0.0
2024-01-05 00:00:00-05:00,345.3622868572737,351.8417586673994,344.6357306708017,350.2990417480469,13920700,0.0,0.0
2024-01-08 00:00:00-05:00,353.0361540033264,357.2960757856238,350.39856055827886,356.9775695800781,13890200,0.0,0.0
2024-01-09 00:00:00-05:00,354.7281592519616,358.94829051539614,353.6930292770335,355.7533264160156,13463900,0.0,0.0
2024-01-10 00:00:00-05:00,358.48047608905665,371.19056180026377,357.39556248845037,368.7321472167969,22117200,0.0,0.0
2024-01-11 00:00:00-05:00,370.3843955861044,371.0313404530195,361.22753933701176,367.9359436035156,17205400,0.0,0.0
2024-01-12 00:00:00-05:00,368.42360154598225,375.29122791522275,367.80651479496834,372.7332763671875,19295700,0.0,0.0
2024-01-16 00:00:00-05:00,371.89723274281795,373.84803004042226,365.5073654404121,365.73626708984375,15306900,0.0,0.0
2024-01-17 00:00:00-05:00,364.5817315665266,366.811244729802,356.92780172958845,366.64202880859375,12724800,0.0,0.0
2024-01-18 00:00:00-05:00,369.74735198029634,375.08222432217764,369.2099069589327,374.3656005859375,16354300,0.0,0.0
2024-01-19 00:00:00-05:00,377.22210795319336,382.5569495703824,376.1969409064504,381.6512451171875,21470100,0.0,0.0
2024-01-22 00:00:00-05:00,386.13017570793755,388.518911461999,379.3720184453727,379.9891052246094,17680500,0.0,0.0
2024-01-23 00:00:00-05:00,382.8158006068581,386.5581727325682,380.2877068597395,383.3930969238281,15506100,0.0,0.0
2024-01-24 00:00:00-05:00,388.17055053021846,394.2916954444642,385.99082116267186,388.8672790527344,15698500,0.0,0.0
2024-01-25 00:00:00-05:00,388.33977252906254,393.63479396036314,383.8509186801979,391.33563232421875,15091100,0.0,0.0
2024-01-26 00:00:00-05:00,392.50017463234997,394.92873142081856,389.7531116217552,392.2911682128906,13163700,0.0,0.0
2024-01-29 00:00:00-05:00,393.13717222125285,401.0399297199735,391.2560536230114,399.1388854980469,18742400,0.0,0.0
2024-01-30 00:00:00-05:00,401.6967894599853,404.4537846871412,397.69565787815975,398.183349609375,18614700,0.0,0.0
2024-01-31 00:00:00-05:00,387.17520862620995,396.1329898026519,385.2841275638453,388.30987548828125,20180800,0.0,0.0
2024-02-01 00:00:00-05:00,392.09204463941774,398.62126949507626,391.2062050163731,392.9281005859375,29727100,0.0,0.0
2024-02-02 00:00:00-05:00,457.4440501773763,483.6803824265086,450.8849671150932,472.7618408203125,84615500,0.0,0.0
2024-02-05 00:00:00-05:00,467.6758622466783,469.68637576902626,457.06586319921274,457.2549743652344,40832400,0.0,0.0
2024-02-06 00:00:00-05:00,461.8233804566563,464.92873970671616,450.8749813510028,452.5869140625,21655200,0.0,0.0
2024-02-07 00:00:00-05:00,455.85151842157853,469.3080850611536,454.0400487659377,467.38714599609375,23066000,0.0,0.0
2024-02-08 00:00:00-05:00,466.1231456396784,468.38248626803585,462.84857033186177,467.7952575683594,18815100,0.0,0.0
2024-02-09 00:00:00-05:00,470.73141542708163,471.36839740825224,465.2771110364075,465.9140930175781,18413100,0.0,0.0
2024-02-12 00:00:00-05:00,465.99374801266606,476.9023267300807,464.39128464243504,466.7004089355469,19382000,0.0,0.0
2024-02-13 00:00:00-05:00,454.72685437772867,465.69517987553485,452.95520543085865,457.96160888671875,20916600,0.0,0.0
2024-02-14 00:00:00-05:00,465.7349960608945,471.88599922282606,463.90363089817174,471.0599060058594,16858400,0.0,0.0
2024-02-15 00:00:00-05:00,473.05050586053267,486.32792555423873,470.00486245718605,481.75946044921875,24212300,0.0,0.0
2024-02-16 00:00:00-05:00,475.8672403766746,476.71325922417026,467.00899506775255,471.0997314453125,23306500,0.0,0.0
2024-02-20 00:00:00-05:00,467.51654177984085,473.94622937491175,464.37136171452175,469.5370178222656,18015500,0.0,0.0
2024-02-21 00:00:00-05:00,464.8043284518988,467.2952412517482,460.11145725084464,466.3287658691406,12977100,0.5,0.0
2024-02-22 00:00:00-05:00,478.4944312733217,488.20899232567814,474.32963188385713,484.363037109375,21625800,0.0,0.0
2024-02-23 00:00:00-05:00,486.27600690207765,492.5630686643995,480.5967437022228,482.2706298828125,18374300,0.0,0.0
2024-02-26 00:00:00-05:00,481.7126140921578,484.3729221664699,478.8530512509444,479.9888916015625,12101400,0.0,0.0
2024-02-27 00:00:00-05:00,478.2353540897984,485.4988341169133,478.1755746135247,485.2796325683594,10809600,0.0,0.0
2024-02-28 00:00:00-05:00,483.2370688521899,489.26506548655226,480.99524739875187,482.2606201171875,12715500,0.0,0.0
2024-02-29 00:00:00-05:00,486.66459019212726,489.91275027049954,480.8557644127886,488.34844970703125,17732000,0.0,0.0
2024-03-01 00:00:00-05:00,490.3212491333128,502.4171368903274,490.06221486567847,500.4742126464844,16273600,0.0,0.0
2024-03-04 00:00:00-05:00,501.171633458277,502.5864852457727,494.6155646341102,496.3791198730469,12324100,0.0,0.0
2024-03-05 00:00:00-05:00,493.20073440898324,493.7786127996676,486.11659300084636,488.4381103515625,15325300,0.0,0.0
2024-03-06 00:00:00-05:00,495.8211538833542,501.1417397001386,492.4932982034921,494.2867431640625,11757900,0.0,0.0
2024-03-07 00:00:00-05:00,501.45063030973444,517.9603770393106,499.55754268597104,510.3282470703125,18586400,0.0,0.0
2024-03-08 00:00:00-05:00,512.3209700396873,521.666879485072,497.534915695739,504.1109313964844,18575200,0.0,0.0
2024-03-11 00:00:00-04:00,495.2034479118539,495.51231867269087,474.2698065924255,481.83221435546875,20428300,0.0,0.0
2024-03-12 00:00:00-04:00,491.4670717425797,500.48416396951666,482.9680784347282,497.9334716796875,15448200,0.0,0.0
2024-03-13 00:00:00-04:00,493.58936883778136,499.15904663232277,489.24520077355606,493.7687072753906,12090700,0.0,0.0
2024-03-14 00:00:00-04:00,498.4416172742984,499.52765159020504,486.3855934196416,490.042236328125,12620000,0.0,0.0
2024-03-15 00:00:00-04:00,487.2325189558485,490.04224549611934,479.5505219579901,482.3403625488281,29141700,0.0,0.0
2024-03-18 00:00:00-04:00,490.12197495792776,495.61195655671753,485.04050671141175,495.1735534667969,11755300,0.0,0.0
2024-03-19 00:00:00-04:00,486.39560485995696,494.8248457959366,479.53063415254,494.4362487792969,10903100,0.0,0.0
2024-03-20 00:00:00-04:00,497.68438791493736,506.35277680404414,493.37014023346006,503.6824951171875,11711100,0.0,0.0
2024-03-21 00:00:00-04:00,512.8391174856022,513.1678741926243,504.1707286998775,505.91436767578125,9712500,0.0,0.0
2024-03-22 00:00:00-04:00,505.1571135489534,508.1163191581985,502.5067786929755,507.72772216796875,8117000,0.0,0.0
2024-03-25 00:00:00-04:00,503.9515709808933,505.3763659417987,498.4217257895674,501.1916198730469,8380600,0.0,0.0
2024-03-26 00:00:00-04:00,503.2939285876756,508.1462219597566,493.40997300906133,494.0875244140625,11205400,0.0,0.0
2024-03-27 00:00:00-04:00,497.48510924151634,498.07299144024375,486.29594802208385,492.06488037109375,9989700,0.0,0.0
2024-03-28 00:00:00-04:00,491.04859257964944,491.0984290807041,483.38654221067395,483.8149719238281,15212800,0.0,0.0
2024-04-01 00:00:00-04:00,485.4290862996602,495.62188175816783,480.0287741074697,489.5639953613281,9247000,0.0,0.0
2024-04-02 00:00:00-04:00,483.3367442463119,495.72155586314705,482.8883677625335,495.5621337890625,11081000,0.0,0.0
2024-04-03 00:00:00-04:00,497.1164618244484,505.3962538689054,496.9371233933013,504.8980712890625,12099200,0.0,0.0
2024-04-04 00:00:00-04:00,514.5428746566774,528.0735304456318,508.7241058190558,509.0628967285156,26476300,0.0,0.0
2024-04-05 00:00:00-04:00,514.9813296133703,528.7710514605087,512.5402225830248,525.4232788085938,19242000,0.0,0.0
2024-04-08 00:00:00-04:00,527.3561816187679,529.5581097041235,517.0039330005043,517.3626098632812,13260600,0.0,0.0
2024-04-09 00:00:00-04:00,520.3317000897688,523.9584834633949,504.8980152105673,515.0211181640625,10881400,0.0,0.0
2024-04-10 00:00:00-04:00,507.43885377613293,520.6606093608502,503.9615184655781,517.9405517578125,11418500,0.0,0.0
2024-04-11 00:00:00-04:00,519.2158862304884,521.9558906964756,515.4097636383199,521.2584228515625,10369500,0.0,0.0
2024-04-12 00:00:00-04:00,515.8680487630246,518.2991821255071,507.4786409454992,510.039306640625,11944900,0.0,0.0
2024-04-15 00:00:00-04:00,514.8417956512984,516.6452750395099,495.47248418641453,498.4117736816406,13512900,0.0,0.0
2024-04-16 00:00:00-04:00,496.2994241252725,502.9352195908948,495.30305898761117,497.9434509277344,9847900,0.0,0.0
2024-04-17 00:00:00-04:00,501.27128171507275,501.3310611878042,485.3693034288659,492.3737487792969,12193700,0.0,0.0
2024-04-18 00:00:00-04:00,498.00322967417003,510.34820830690745,497.22606608419835,499.97601318359375,14808700,0.0,0.0
2024-04-19 00:00:00-04:00,500.972375440201,500.972375440201,474.00079446729563,479.3213806152344,25111000,0.0,0.0
2024-04-22 00:00:00-04:00,487.9399518780483,490.22163662938425,471.67926501906925,479.97900390625,17271100,0.0,0.0
2024-04-23 00:00:00-04:00,489.46437591061385,496.947087855681,487.19266460356954,494.2967529296875,15079200,0.0,0.0
2024-04-24 00:00:00-04:00,506.21325017856066,508.1462009047302,482.8185866885529,491.7061767578125,37772700,0.0,0.0
2024-04-25 00:00:00-04:00,419.8682490278648,444.1496617636814,412.99333588695123,439.775634765625,82890700,0.0,0.0
2024-04-26 00:00:00-04:00,439.85534570558576,444.81725504370945,430.3898768860217,441.6787109375,32691400,0.0,0.0
2024-04-29 00:00:00-04:00,437.96226190943185,438.16154710164096,427.0022452842576,431.0474853515625,21502600,0.0,0.0
2024-04-30 00:00:00-04:00,429.4831600152305,438.0220161367784,428.15800782404466,428.60638427734375,18429500,0.0,0.0
2024-05-01 00:00:00-04:00,427.04212427181926,448.324470023217,425.55751946999504,437.5936279296875,20344900,0.0,0.0
2024-05-02 00:00:00-04:00,437.24488105143956,442.3462657809091,430.7087280659752,440.0745544433594,15221300,0.0,0.0
2024-05-03 00:00:00-04:00,444.30908875789413,452.5191579879948,442.2366626961111,450.3171691894531,16489100,0.0,0.0
2024-05-06 00:00:00-04:00,453.92401083119677,464.465570894487,451.69216267855865,463.9873046875,15094600,0.0,0.0
2024-05-07 00:00:00-04:00,464.59513103388576,469.8160748777237,459.63322146185084,466.53802490234375,13406800,0.0,0.0
2024-05-08 00:00:00-04:00,461.81527269806185,473.85135100024047,461.31709009536706,470.8822021484375,11683900,0.0,0.0
2024-05-09 00:00:00-04:00,468.2915824777933,474.34946871900615,465.9302021290862,473.69189453125,9437700,0.0,0.0
2024-05-10 00:00:00-04:00,475.355865419644,475.7643787968333,467.8930998677031,474.4691162109375,10750000,0.0,0.0
2024-05-13 00:00:00-04:00,471.0316295379581,471.62945471547624,461.16762053219,466.3088684082031,14668800,0.0,0.0
2024-05-14 00:00:00-04:00,461.68567056683423,470.82235149806223,458.40762102275716,470.1348571777344,10478600,0.0,0.0
2024-05-15 00:00:00-04:00,473.25355013807143,480.7462054401952,469.48729092622574,479.7897033691406,13100500,0.0,0.0
2024-05-16 00:00:00-04:00,473.27341242078234,475.9536369152341,471.03159099352604,471.5098571777344,16608200,0.0,0.0
2024-05-17 00:00:00-04:00,469.1186107116518,471.0814513592593,466.7173973529921,470.1947021484375,10807300,0.0,0.0
2024-05-20 00:00:00-04:00,468.2418148692893,471.4800016099991,465.3423886311172,467.1358337402344,11745100,0.0,0.0
2024-05-21 00:00:00-04:00,465.42207101594107,468.9890751811332,460.58969409195197,462.9411315917969,11742200,0.0,0.0
2024-05-22 00:00:00-04:00,466.16935060979057,471.9980927279,463.9574187949519,466.0796813964844,10078600,0.0,0.0
2024-05-23 00:00:00-04:00,471.16117399926424,472.63577501421946,459.86239643933766,464.08697509765625,11747900,0.0,0.0
2024-05-24 00:00:00-04:00,465.92024381535487,478.10579995092274,464.60503458401325,476.4817199707031,12012300,0.0,0.0
2024-05-28 00:00:00-04:00,474.8476813275343,479.1121228771075,473.11401572762514,478.1755676269531,10175800,0.0,0.0
2024-05-29 00:00:00-04:00,472.9346394296363,478.10577648421884,471.97813749317635,472.6357116699219,9226200,0.0,0.0
2024-05-30 00:00:00-04:00,469.95555791760296,470.0153373933379,463.0208346658362,465.3523254394531,10735200,0.0,0.0
2024-05-31 00:00:00-04:00,464.10689326409187,467.41483299195215,452.80811566012204,465.1331481933594,16919800,0.0,0.0
2024-06-03 00:00:00-04:00,469.14848859966503,477.8567408480421,466.53801672351005,475.75439453125,11279400,0.0,0.0
2024-06-04 00:00:00-04:00,475.26616844981777,477.1493131464151,471.5098828447324,475.2561950683594,7088700,0.0,0.0
2024-06-05 00:00:00-04:00,482.689108921618,494.84474550363467,482.15106322693237,493.2605285644531,15690500,0.0,0.0
2024-06-06 00:00:00-04:00,491.188076918405,500.992305833128,489.10567751255263,491.9652404785156,10667300,0.0,0.0
2024-06-07 00:00:00-04:00,494.10744118684374,497.09653661265514,488.3883150022529,491.16815185546875,9380700,0.0,0.0
2024-06-10 00:00:00-04:00,492.06488020447483,500.8329118009078,491.61653412930673,500.77313232421875,11236900,0.0,0.0
2024-06-11 00:00:00-04:00,498.34200038373547,505.75495958151856,496.4588556425314,505.62542724609375,9673700,0.0,0.0
2024-06-12 00:00:00-04:00,512.1216917010327,512.141638463432,502.63630682722663,506.99041748046875,11983200,0.0,0.0
2024-06-13 00:00:00-04:00,503.8718029468352,507.50852960132505,499.537608536514,502.2676696777344,9954600,0.0,0.0
2024-06-14 00:00:00-04:00,501.32018749550235,505.80828233509834,499.42522020615223,502.8262023925781,10243300,0.5,0.0
2024-06-17 00:00:00-04:00,500.3428034685249,509.3987681772435,494.6977738192695,505.2896728515625,11266600,0.0,0.0
2024-06-18 00:00:00-04:00,503.22511196152465,504.6613046706333,493.7103428728897,498.16851806640625,13060400,0.0,0.0
2024-06-20 00:00:00-04:00,500.67190532482755,502.3375005534766,495.45573089177043,500.3727111816406,11801200,0.0,0.0
2024-06-21 00:00:00-04:00,502.1180843319888,502.1180843319888,491.08734711442,493.47100830078125,23130700,0.0,0.0
2024-06-24 00:00:00-04:00,497.87929865393346,506.45652162762156,492.98228519259277,497.5900573730469,13525300,0.0,0.0
2024-06-25 00:00:00-04:00,495.73500529039063,509.3588704025715,494.18911810475925,509.2491760253906,12109800,0.0,0.0
2024-06-26 00:00:00-04:00,505.30956741115574,512.4506280975238,503.3447781550123,511.762451171875,8882300,0.0,0.0
2024-06-27 00:00:00-04:00,512.8894756293444,521.4966485589007,512.5404259555387,518.1854248046875,10121200,0.0,0.0
2024-06-28 00:00:00-04:00,515.7818631585335,520.4993300901835,502.5070478134148,502.88604736328125,15855100,0.0,0.0
2024-07-01 00:00:00-04:00,503.6140927525597,505.239754781103,491.8652596909824,503.34478759765625,10328200,0.0,0.0
2024-07-02 00:00:00-04:00,499.4352013362723,509.149423496295,498.12866950132707,508.1520690917969,7739500,0.0,0.0
2024-07-03 00:00:00-04:00,505.0303412104344,509.927354952818,504.68126108406693,508.61083984375,6005600,0.0,0.0
2024-07-05 00:00:00-04:00,510.2464982359772,539.4390494858881,510.2464982359772,538.4815673828125,21354100,0.0,0.0
2024-07-08 00:00:00-04:00,540.9151748824779,541.3739798552638,525.2567583321568,527.919677734375,14917500,0.0,0.0
2024-07-09 00:00:00-04:00,532.3379184075122,536.0580308916997,526.7926303012964,528.5978393554688,8753200,0.0,0.0
2024-07-10 00:00:00-04:00,529.3857449676831,537.4543692277107,526.9621809665026,533.2754516601562,10983300,0.0,0.0
2024-07-11 00:00:00-04:00,529.4854758280743,534.0433926014839,507.0250359475886,511.3435974121094,16458300,0.0,0.0
2024-07-12 00:00:00-04:00,496.4430917050598,506.7457483480111,492.92243220383875,497.5501403808594,19750500,0.0,0.0
2024-07-15 00:00:00-04:00,497.31081760153563,505.3395081572605,492.06472384159474,494.84735107421875,12539200,0.0,0.0
2024-07-16 00:00:00-04:00,500.17324396821596,502.6167744833756,484.5048144790846,488.4942321777344,14075800,0.0,0.0
2024-07-17 00:00:00-04:00,477.9023333900859,477.9023333900859,457.9053588995914,460.76776123046875,28076600,0.0,0.0
2024-07-18 00:00:00-04:00,473.74333764754465,477.97211054275687,463.31101919766354,474.5910949707031,19267200,0.0,0.0
2024-07-19 00:00:00-04:00,474.8005457997421,485.4223643535943,474.4514656631318,475.52862548828125,15149400,0.0,0.0
2024-07-22 00:00:00-04:00,485.29269674470385,490.7582098836229,482.61979422348026,486.11053466796875,12023100,0.0,0.0
2024-07-23 00:00:00-04:00,488.54407671929795,493.9098482730073,486.42969025653684,487.3971252441406,9455500,0.0,0.0
2024-07-24 00:00:00-04:00,471.0604844212299,475.0399189924989,459.3615056021322,460.0496826171875,17649700,0.0,0.0
2024-07-25 00:00:00-04:00,462.0344270456071,462.32363791832495,441.478936235345,452.2104797363281,18240500,0.0,0.0
2024-07-26 00:00:00-04:00,462.97195536132267,468.52719660577463,458.2046022306019,464.4679870605469,14222400,0.0,0.0
2024-07-29 00:00:00-04:00,468.63685568853344,472.70604794742695,463.78969783579936,464.4778747558594,11339600,0.0,0.0
2024-07-30 00:00:00-04:00,465.7645175423859,471.4793693679955,455.49177911608064,461.964599609375,11390400,0.0,0.0
2024-07-31 00:00:00-04:00,469.7738735533383,475.2393867973792,465.515181086415,473.57379150390625,24285800,0.0,0.0
2024-08-01 00:00:00-04:00,519.621629234288,525.7752886817411,490.79809389196134,496.42315673828125,43083100,0.0,0.0
2024-08-02 00:00:00-04:00,487.70631248838725,499.82416263155864,474.89030207489265,486.8486022949219,24044700,0.0,0.0
2024-08-05 00:00:00-04:00,450.15590063766496,482.2009013908008,449.60733747248656,474.4714050292969,21396200,0.0,0.0
2024-08-06 00:00:00-04:00,477.73276251562584,501.2304299864576,477.3836823846658,492.7828369140625,20955000,0.0,0.0
2024-08-07 00:00:00-04:00,501.79892335846426,508.80034027827065,485.57194781622036,487.62652587890625,20105300,0.0,0.0
2024-08-08 00:00:00-04:00,496.1838242885021,508.6108518478643,493.4111802164842,508.28173828125,16156800,0.0,0.0
2024-08-09 00:00:00-04:00,506.36679424679943,516.9687068327605,504.3621325984849,516.4002075195312,13696600,0.0,0.0
2024-08-12 00:00:00-04:00,515.4925877047901,516.6495529140553,507.7531381507871,514.5850219726562,9767400,0.0,0.0
2024-08-13 00:00:00-04:00,518.6343214325138,530.0939148567965,516.7792566788241,527.1417236328125,13743800,0.0,0.0
2024-08-14 00:00:00-04:00,526.6629425402546,532.5872298919776,521.7459928350446,525.3663940429688,11444200,0.0,0.0
2024-08-15 00:00:00-04:00,530.3831254346013,538.3420557056077,525.3066251399796,535.9085083007812,13482100,0.0,0.0
2024-08-16 00:00:00-04:00,530.4928474587254,532.2481401275614,523.2719502272357,526.024658203125,14776700,0.0,0.0
2024-08-19 00:00:00-04:00,525.4761025731007,530.2534081865273,521.3769906400114,527.8797607421875,9879700,0.0,0.0
2024-08-20 00:00:00-04:00,526.9521961458157,529.6849984563114,524.4887598884673,525.3364868164062,7944400,0.0,0.0
2024-08-21 00:00:00-04:00,525.7553832138777,537.9729743095602,525.5359335970294,533.744140625,13423300,0.0,0.0
2024-08-22 00:00:00-04:00,535.5792990612545,542.7901517087026,527.1915755568373,530.522705078125,15708300,0.0,0.0
2024-08-23 00:00:00-04:00,535.4994719940111,538.4416794541969,523.6708642018493,526.6030883789062,11323900,0.0,0.0
2024-08-26 00:00:00-04:00,526.2041702012604,526.6031363206736,513.5876732511208,519.7413330078125,9584000,0.0,0.0
2024-08-27 00:00:00-04:00,517.606945881941,522.6236675283147,513.9466724281382,517.7266235351562,6282700,0.0,0.0
2024-08-28 00:00:00-04:00,516.3004409587714,519.7114368738459,511.09428015210347,515.412841796875,9106100,0.0,0.0
2024-08-29 00:00:00-04:00,517.6768202698399,525.8052834680248,514.3157406096544,516.8489990234375,8317400,0.0,0.0
2024-08-30 00:00:00-04:00,519.9706583917031,522.1548668210937,513.8369657534311,519.9307861328125,9157500,0.0,0.0
2024-09-03 00:00:00-04:00,518.2652549529001,524.0997538426082,507.2743899868656,510.4060974121094,12459100,0.0,0.0
2024-09-04 00:00:00-04:00,504.73114710194517,515.2233348401941,502.73643830752104,511.38348388671875,8335200,0.0,0.0
2024-09-05 00:00:00-04:00,510.36622861742507,520.2500150290379,509.7977292668977,515.4926147460938,8640900,0.0,0.0
2024-09-06 00:00:00-04:00,520.4993483042598,523.1922175098713,496.93185764193373,498.9465026855469,14744500,0.0,0.0
2024-09-09 00:00:00-04:00,504.82089944691495,509.9772045756239,500.751676509204,503.45452880859375,11047800,0.0,0.0
2024-09-10 00:00:00-04:00,506.81560821803276,512.8196706618348,498.70711219354445,503.45452880859375,9899000,0.0,0.0
2024-09-11 00:00:00-04:00,505.6686660188839,511.7624868165202,494.2888486189147,510.47589111328125,10782500,0.0,0.0
2024-09-12 00:00:00-04:00,515.6821043146266,525.3165823557075,513.85692863316,524.20947265625,11993300,0.0,0.0
2024-09-13 00:00:00-04:00,518.9634710627055,526.1843079550689,515.7419746103302,523.2321166992188,10321400,0.0,0.0
2024-09-16 00:00:00-04:00,523.6513423732874,533.1951441126126,516.5234847252611,532.3765869140625,9527600,0.5,0.0
2024-09-17 00:00:00-04:00,536.6891766997394,541.1815528247878,529.6711185711189,535.411376953125,11690800,0.0,0.0
2024-09-18 00:00:00-04:00,536.1601821813024,543.278108456814,532.9955693907114,537.0386962890625,10323500,0.0,0.0
2024-09-19 00:00:00-04:00,549.0682722628771,561.1178323859846,545.5941870565406,558.15283203125,15647000,0.0,0.0
2024-09-20 00:00:00-04:00,559.0512982379992,563.5436747416974,555.3575542597183,560.3989868164062,22066800,0.0,0.0
2024-09-23 00:00:00-04:00,568.535200139111,573.0075909949846,561.4571846215243,563.4537963867188,12830700,0.0,0.0
2024-09-24 00:00:00-04:00,565.7199717295323,566.7881663385376,553.251140972108,562.3756713867188,12993000,0.0,0.0
2024-09-25 00:00:00-04:00,563.0943755026146,575.9026560047768,562.764917527023,567.34716796875,16543400,0.0,0.0
2024-09-26 00:00:00-04:00,574.7545771548597,576.421791707134,561.3972407130617,566.8779907226562,14400800,0.0,0.0
2024-09-27 00:00:00-04:00,569.1341520453253,569.8729495717097,563.5536563544842,566.3988037109375,9398400,0.0,0.0
2024-09-30 00:00:00-04:00,566.7382547675098,573.706410244188,563.8431433708773,571.47021484375,12792300,0.0,0.0
2024-10-01 00:00:00-04:00,577.0007987585797,582.052223949219,569.1341437441329,575.4933471679688,15259300,0.0,0.0
2024-10-02 00:00:00-04:00,573.8861145161185,575.0241978646806,568.3755073868431,571.839599609375,6524700,0.0,0.0
2024-10-03 00:00:00-04:00,569.1840999965109,582.3716811685491,567.7664618304881,581.78271484375,11581000,0.0,0.0
2024-10-04 00:00:00-04:00,582.7410829589448,595.8388514800449,580.4449915774629,594.930419921875,14169500,0.0,0.0
2024-10-07 00:00:00-04:00,597.2065408042621,601.9285692599291,583.0505701091017,583.7893676757812,12014200,0.0,0.0
2024-10-08 00:00:00-04:00,588.6909682347708,592.5544069282686,584.9772388569517,591.8855590820312,7857400,0.0,0.0
2024-10-09 00:00:00-04:00,592.9836672926635,593.383013995398,580.6246363035814,589.5095825195312,9529700,0.0,0.0
2024-10-10 00:00:00-04:00,586.5745352205768,589.2300017888213,581.5331032114448,582.8408813476562,7740400,0.0,0.0
2024-10-11 00:00:00-04:00,583.8392403320302,590.2084366715601,581.722836757389,588.9505615234375,8587100,0.0,0.0
2024-10-14 00:00:00-04:00,593.21322748736,599.0832703101336,588.9604960748801,589.419677734375,8252000,0.0,0.0
2024-10-15 00:00:00-04:00,589.1601579101996,589.609407732317,579.1571746540536,585.2767944335938,9564200,0.0,0.0
2024-10-16 00:00:00-04:00,580.4150414195622,581.0938820809059,573.0575322321221,575.8128051757812,11268400,0.0,0.0
2024-10-17 00:00:00-04:00,582.3417573737693,583.9789326282403,574.2255260943747,575.9525756835938,8701200,0.0,0.0
2024-10-18 00:00:00-04:00,580.1155081526317,582.9806410828543,574.2754432717226,575.4933471679688,7694300,0.0,0.0
2024-10-21 00:00:00-04:00,575.0541901204554,576.2621012910602,568.1458692618588,574.1856079101562,8171900,0.0,0.0
2024-10-22 00:00:00-04:00,573.3170341117068,582.5414311786456,571.150727517959,581.0239868164062,8544500,0.0,0.0
2024-10-23 00:00:00-04:00,578.9874344994295,584.0089423449544,561.5470599470716,562.7350463867188,14248400,0.0,0.0
2024-10-24 00:00:00-04:00,566.1691920700792,567.9162272782188,560.568710969321,566.818115234375,7184700,0.0,0.0
2024-10-25 00:00:00-04:00,572.9576492363118,580.3051654129531,570.7513714491723,572.27880859375,11337900,0.0,0.0
2024-10-28 00:00:00-04:00,581.0140022146043,582.7610374446309,573.147347275715,577.1804809570312,10925100,0.0,0.0
2024-10-29 00:00:00-04:00,579.1672018209299,592.6642563781992,574.4252487176307,592.2749633789062,13019100,0.0,0.0
2024-10-30 00:00:00-04:00,599.961803260404,600.18146222204,588.3814802937598,590.79736328125,26864900,0.0,0.0
2024-10-31 00:00:00-04:00,584.0089406317576,588.9006638234266,562.0562040483729,566.6184692382812,26838400,0.0,0.0
2024-11-01 00:00:00-04:00,566.6483464807679,572.6980772551971,561.6069143240354,566.1990966796875,15303200,0.0,0.0
2024-11-04 00:00:00-05:00,563.144352806453,567.7266038519388,556.9449119547328,559.7301635742188,12064600,0.0,0.0
2024-11-05 00:00:00-05:00,566.3388912408113,572.5084140245058,565.7099536866323,571.460205078125,9775400,0.0,0.0
2024-11-06 00:00:00-05:00,561.7966390012363,572.0292743628759,554.229463302176,571.0808715820312,18305400,0.0,0.0
2024-11-07 00:00:00-05:00,575.9127234281675,593.7923558507847,574.2355767751123,590.6976318359375,14653700,0.0,0.0
2024-11-08 00:00:00-05:00,590.5378379587844,592.0951926933623,583.5297721190619,588.3416137695312,9415700,0.0,0.0
2024-11-11 00:00:00-05:00,585.366604942105,586.00553531121,575.5333166694651,582.1820068359375,10209100,0.0,0.0
2024-11-12 00:00:00-05:00,587.5428920783899,598.6440480490492,579.3967433041139,583.8292236328125,16287700,0.0,0.0
2024-11-13 00:00:00-05:00,581.6229586734983,584.6478546567904,574.1955606863224,579.0173950195312,10757600,0.0,0.0
2024-11-14 00:00:00-05:00,576.0224878119504,579.7761276375875,572.0392571340474,576.1821899414062,11053700,0.0,0.0
2024-11-15 00:00:00-05:00,570.252274465218,571.6000240070317,550.5657111050427,553.141357421875,17712900,0.0,0.0
2024-11-18 00:00:00-05:00,556.0962966980143,558.9514978806496,549.1581194372038,553.4608154296875,14346700,0.0,0.0
2024-11-19 00:00:00-05:00,550.9250607524925,560.4788552047905,549.6671856118743,560.1394653320312,9522400,0.0,0.0
2024-11-20 00:00:00-05:00,561.9763116905509,565.390500678348,553.2611210117975,564.5619506835938,9797300,0.0,0.0
2024-11-21 00:00:00-05:00,568.555146432614,569.0343137249589,548.1197947446825,562.1360473632812,11154700,0.0,0.0
2024-11-22 00:00:00-05:00,562.5952510232509,562.8748059092092,553.650469580645,558.1927490234375,9164000,0.0,0.0
2024-11-25 00:00:00-05:00,561.1476776202871,571.6199568654145,555.4473903786079,564.152587890625,13599800,0.0,0.0
2024-11-26 00:00:00-05:00,565.0410943888924,576.5216113243557,564.2424619188627,572.5682983398438,10356600,0.0,0.0
2024-11-27 00:00:00-05:00,573.9160190095296,574.0058324070926,563.1442607498313,568.2356567382812,7200200,0.0,0.0
2024-11-29 00:00:00-05:00,568.0360512532919,577.4800469055187,565.9396332575727,573.3470458984375,7130500,0.0,0.0
2024-12-02 00:00:00-05:00,576.5216376072835,593.4928373290564,574.5949145977398,591.82568359375,12522400,0.0,0.0
2024-12-03 00:00:00-05:00,593.9919840199593,613.1594686318281,590.2483370618503,612.6104125976562,14907200,0.0,0.0
2024-12-04 00:00:00-05:00,611.9215552584485,616.7333966061125,604.0748252320993,612.7401733398438,14697000,0.0,0.0
2024-12-05 00:00:00-05:00,616.0345935489895,618.8498233695451,606.0215565844734,607.8983764648438,8081200,0.0,0.0
2024-12-06 00:00:00-05:00,609.0663720551125,628.7230165931262,607.4990854973933,622.7132568359375,16935500,0.0,0.0
2024-12-09 00:00:00-05:00,622.8629585822455,625.3387984829403,605.143030037455,612.530517578125,11426000,0.0,0.0
2024-12-10 00:00:00-05:00,616.5137848674528,624.5302104357933,611.7019431511976,618.2708129882812,10938900,0.0,0.0
2024-12-11 00:00:00-05:00,622.3139290288647,637.318495591936,620.4770803388628,631.608154296875,10837200,0.0,0.0
2024-12-12 00:00:00-05:00,630.4301936561714,635.5814254356923,626.1474831596408,629.7213745117188,7474700,0.0,0.0
2024-12-13 00:00:00-05:00,626.1574292737397,630.0109365523356,615.8449726718511,619.299072265625,8453300,0.0,0.0
2024-12-16 00:00:00-05:00,629.420007736044,630.5890116598864,618.0301774865133,623.6851196289062,10885600,0.5,0.0
2024-12-17 00:00:00-05:00,625.613402725808,631.8079039629248,615.9919576111723,618.889404296875,12897800,0.0,0.0
2024-12-18 00:00:00-05:00,620.4480133143085,626.8023454819172,595.7899578806528,596.6591796875,17075500,0.0,0.0
2024-12-19 00:00:00-05:00,609.8474217814187,610.9764221710803,594.4710877502442,595.0405883789062,14958100,0.0,0.0
2024-12-20 00:00:00-05:00,590.0550768385264,602.5739077699969,579.4844638542556,584.7297973632812,48989400,0.0,0.0
2024-12-23 00:00:00-05:00,589.0758836258183,600.5557214561685,585.7288858135305,599.3167724609375,10205800,0.0,0.0
2024-12-24 00:00:00-05:00,602.18421967186,607.4495547417749,598.7473359909974,607.2097778320312,4726100,0.0,0.0
2024-12-26 00:00:00-05:00,604.9417711960614,605.7610496183185,598.4076065348586,602.8136596679688,6081400,0.0,0.0
2024-12-27 00:00:00-05:00,598.8771866170372,601.3150202583132,589.2757431165518,599.27685546875,8084200,0.0,0.0
2024-12-30 00:00:00-05:00,588.226639708199,596.4093617724204,585.059474705781,590.7144165039062,7025900,0.0,0.0
2024-12-31 00:00:00-05:00,591.7435639321293,593.4420040553556,583.3310043759192,584.9895629882812,6019500,0.0,0.0
2025-01-02 00:00:00-05:00,589.1957790711948,604.3722793886026,587.2975045360681,598.7073364257812,12682300,0.0,0.0
2025-01-03 00:00:00-05:00,604.2224186140523,608.9581953145173,595.8798046163633,604.092529296875,11436800,0.0,0.0
2025-01-06 00:00:00-05:00,611.2861653941472,630.429107364017,605.0816634693568,629.6398315429688,14560800,0.0,0.0
2025-01-07 00:00:00-05:00,631.1384808399608,631.5380886830453,607.6893121042956,617.3407592773438,12071500,0.0,0.0
2025-01-08 00:00:00-05:00,612.8547955325016,615.8920714343907,602.2541800285583,610.1771240234375,10085800,0.0,0.0
2025-01-10 00:00:00-05:00,609.4877870994305,629.3500601048015,596.8090645204555,615.3125610351562,19256600,0.0,0.0
2025-01-13 00:00:00-05:00,606.5603584516555,608.4286914350151,597.9180835402799,607.789306640625,10785000,0.0,0.0
2025-01-14 00:00:00-05:00,604.5321917343676,604.9518013433293,588.0268559982835,593.7218017578125,13598000,0.0,0.0
2025-01-15 00:00:00-05:00,609.6676409065044,621.9067525765506,605.9609165618788,616.5714721679688,15524300,0.0,0.0
2025-01-16 00:00:00-05:00,610.9564262093133,615.7022038454446,609.1680393269272,610.756591796875,8355300,0.0,0.0
2025-01-17 00:00:00-05:00,623.4952835439785,624.4144487016482,603.1333939973155,612.225341796875,17280600,0.0,0.0
2025-01-21 00:00:00-05:00,617.2808256632173,620.9475463117574,608.4686584766922,615.9120483398438,11674000,0.0,0.0
2025-01-22 00:00:00-05:00,622.745966355468,633.1367466870842,618.8794110911601,622.94580078125,12274000,0.0,0.0
2025-01-23 00:00:00-05:00,626.8023305338492,636.0341074215171,620.597889576449,635.88427734375,9910200,0.0,0.0
2025-01-24 00:00:00-05:00,635.8343208926308,651.4204294754496,633.6362643025149,646.9144287109375,19065300,0.0,0.0
2025-01-27 00:00:00-05:00,626.0530102379722,663.2799006811211,624.5443426754407,659.29345703125,28399200,0.0,0.0
2025-01-28 00:00:00-05:00,665.4079784595224,681.9732572201489,658.8837538443346,673.7305908203125,20950100,0.0,0.0
2025-01-29 00:00:00-05:00,674.4000060630054,680.4446161433896,665.0782822378817,675.888671875,21377800,0.0,0.0
2025-01-30 00:00:00-05:00,696.200621832455,710.1581749857351,675.4990076007216,686.3893432617188,29322900,0.0,0.0
2025-01-31 00:00:00-05:00,690.3857723381032,704.6730489182394,684.9706072332008,688.5673828125,19331700,0.0,0.0
2025-02-03 00:00:00-05:00,675.3091937227201,703.3742528890535,674.649807192235,696.840087890625,21415700,0.0,0.0
2025-02-04 00:00:00-05:00,701.8755866223114,707.0809776947289,690.995251505304,703.5640869140625,13826300,0.0,0.0
2025-02-05 00:00:00-05:00,702.9246352066622,717.5016936715592,698.3886925528532,704.2434692382812,17778200,0.0,0.0
2025-02-06 00:00:00-05:00,705.2525623903425,718.2610086889607,702.8746730458445,711.3571166992188,13080700,0.0,0.0
2025-02-07 00:00:00-05:00,716.162829309228,724.3655534509123,711.1173304150035,713.8848876953125,16427100,0.0,0.0
2025-02-10 00:00:00-05:00,717.9212711485029,720.558939093694,710.697717393577,716.7623291015625,12904300,0.0,0.0
2025-02-11 00:00:00-05:00,712.6859358478964,723.0167104534308,709.4088221751414,719.16015625,12998000,0.0,0.0
2025-02-12 00:00:00-05:00,714.6641723225413,726.4536713486742,711.9665601009159,724.7352294921875,12016500,0.0,0.0
2025-02-13 00:00:00-05:00,720.8786940316196,728.3520258945355,717.4017457743258,727.9124145507812,12569100,0.0,0.0
2025-02-14 00:00:00-05:00,725.4945889979003,740.2514192957425,724.9750316832167,736.0151977539062,16901200,0.0,0.0
2025-02-18 00:00:00-05:00,735.3457711447024,736.3448822468013,705.8120494058986,715.7332153320312,21938700,0.0,0.0
2025-02-19 00:00:00-05:00,703.4741329865286,706.37157970015,694.7719139390767,703.1444702148438,17535500,0.0,0.0
2025-02-20 00:00:00-05:00,696.6602457328806,705.0027993686539,693.0234665438812,694.222412109375,12587400,0.0,0.0
2025-02-21 00:00:00-05:00,695.9608297659651,703.2443277596083,681.7534381597311,682.9423828125,15660400,0.0,0.0
2025-02-24 00:00:00-05:00,685.6700244492644,686.6591347238324,661.8611888382964,667.5361328125,15677000,0.0,0.0
2025-02-25 00:00:00-05:00,665.3780306420172,667.406255569748,641.2894751849396,656.9155883789062,20579700,0.0,0.0
2025-02-26 00:00:00-05:00,659.0636967789872,682.4029186886339,657.4151389833991,673.1011962890625,14488700,0.0,0.0
2025-02-27 00:00:00-05:00,681.8434098860729,688.0379111520425,656.9855198372225,657.6549072265625,12500000,0.0,0.0
2025-02-28 00:00:00-05:00,657.4550757218477,669.034800720811,642.0287972080544,667.6060791015625,17534200,0.0,0.0
2025-03-03 00:00:00-05:00,673.0811570323929,680.6444353602695,650.2614937084818,654.4677124023438,10843800,0.0,0.0
2025-03-04 00:00:00-05:00,644.9362031172728,649.1724243402481,623.0956495401799,639.4310913085938,21495200,0.0,0.0
2025-03-05 00:00:00-05:00,640.4302542191028,658.9138106981253,637.09319610967,655.886474609375,13770000,0.0,0.0
2025-03-06 00:00:00-05:00,647.4239932814962,649.9817152601623,623.5552144493282,627.371826171875,13446500,0.0,0.0
2025-03-07 00:00:00-05:00,624.8141005363861,634.2257099756501,600.0761000698269,625.1038208007812,21375700,0.0,0.0
2025-03-10 00:00:00-04:00,607.5294919896663,609.5676566741505,586.3483245399041,597.4584350585938,21999900,0.0,0.0
2025-03-11 00:00:00-04:00,594.5210719524441,614.3834063038594,592.8026300616355,605.171630859375,17401500,0.0,0.0
2025-03-12 00:00:00-04:00,629.3401130606143,632.7670568528157,608.8083309497569,619.00927734375,15747000,0.0,0.0
2025-03-13 00:00:00-04:00,619.6986550441117,619.9484328172048,585.988656544404,590.114990234375,16480300,0.0,0.0
2025-03-14 00:00:00-04:00,602.7999877929688,608.8599853515625,594.780029296875,607.5999755859375,12343300,0.525,0.0
