Date,Open,High,Low,Close,Volume,Dividends,Stock Splits
2020-03-16 00:00:00-04:00,134.00501978335495,142.95464658961282,129.2191262196637,129.6211395263672,87905900,0.0,0.0
2020-03-17 00:00:00-04:00,134.00501498499003,141.18385507347162,129.21912159266896,140.29368591308594,81059800,0.0,0.0
2020-03-18 00:00:00-04:00,132.09064047139663,139.74806890452106,129.23825246956574,134.3878631591797,81593200,0.0,0.0
2020-03-19 00:00:00-04:00,136.6563968867101,143.7203652337005,133.0478293675916,136.59896850585938,85922700,0.0,0.0
2020-03-20 00:00:00-04:00,139.7480961231457,140.80099857992752,130.0423042779866,131.468505859375,84866200,0.0,0.0
2020-03-23 00:00:00-04:00,131.14304312122096,134.55061142383002,126.84532027961379,130.1571502685547,78975200,0.0,0.0
2020-03-24 00:00:00-04:00,137.59443780402628,143.1939390281192,135.22063872307237,141.98788452148438,82516700,0.0,0.0
2020-03-25 00:00:00-04:00,142.53349896031997,147.72140631630424,138.25490854547172,140.6287078857422,75638200,0.0,0.0
2020-03-26 00:00:00-04:00,142.04531652432053,149.9516221166955,142.0166023310872,149.4251708984375,64568100,0.0,0.0
2020-03-27 00:00:00-04:00,145.2518769737937,148.25741769895353,142.81106821229966,143.28965759277344,57042300,0.0,0.0
2020-03-30 00:00:00-04:00,145.9123715631899,153.72295584050482,143.58641895907073,153.36878967285156,63420300,0.0,0.0
2020-03-31 00:00:00-04:00,152.5742694137717,157.72389517204311,149.8558855807532,150.95664978027344,77927200,0.0,0.0
2020-04-01 00:00:00-04:00,146.44829320950285,150.99489054770635,144.36165133644806,145.59640502929688,57969900,0.0,0.0
2020-04-02 00:00:00-04:00,145.35715532805682,148.82213748544504,143.92138730411529,148.61155700683594,49630700,0.0,0.0
2020-04-03 00:00:00-04:00,148.45843424740835,150.64080069189777,145.67304049930848,147.24281311035156,41243300,0.0,0.0
2020-04-06 00:00:00-04:00,153.45490035648226,159.37025787232824,150.83222538941226,158.19293212890625,67111700,0.0,0.0
2020-04-07 00:00:00-04:00,162.32796396695244,162.72041081597885,156.2690198586282,156.4891815185547,62769000,0.0,0.0
2020-04-08 00:00:00-04:00,158.57583015210966,159.53300907348805,156.49875364536553,158.0589599609375,48318200,0.0,0.0
2020-04-09 00:00:00-04:00,159.23624056503343,160.20298574217838,156.33599042821146,158.0684814453125,51385100,0.0,0.0
2020-04-13 00:00:00-04:00,157.31232177165464,158.48008092873175,155.35010255817997,158.42263793945312,41905300,0.0,0.0
2020-04-14 00:00:00-04:00,161.7631955365977,166.3097942277151,160.8060168647835,166.26193237304688,52874300,0.0,0.0
2020-04-15 00:00:00-04:00,163.86897788274868,166.13750115848333,161.99291595443174,164.51986694335938,40940800,0.0,0.0
2020-04-16 00:00:00-04:00,166.83626285245634,169.68865150302491,165.49620380864962,169.45892333984375,50479600,0.0,0.0
2020-04-17 00:00:00-04:00,171.81358822458955,172.29217760683073,168.33902463579403,170.95213317871094,52765600,0.0,0.0
2020-04-20 00:00:00-04:00,169.06649845044674,171.09571286072054,167.49672578100314,167.563720703125,36669600,0.0,0.0
2020-04-21 00:00:00-04:00,166.07052729833796,166.2332459470786,158.99697631635922,160.63375854492188,56203700,0.0,0.0
2020-04-22 00:00:00-04:00,164.05088030656984,166.54911765561974,163.5052959642249,166.0896759033203,34620200,0.0,0.0
2020-04-23 00:00:00-04:00,166.65438768105864,167.56370454484113,163.59141869523893,164.07957458496094,32790800,0.0,0.0
2020-04-24 00:00:00-04:00,164.69216602575494,167.08511279378087,163.39998353425372,167.07554626464844,34277600,0.0,0.0
2020-04-27 00:00:00-04:00,169.028212761145,169.32493587330342,165.8791007124243,166.59698486328125,33194400,0.0,0.0
2020-04-28 00:00:00-04:00,168.07100491727823,168.14758096614784,162.13649988106928,162.53851318359375,34392700,0.0,0.0
2020-04-29 00:00:00-04:00,165.8024852010101,170.07149375669667,164.51986932861183,169.8321990966797,51286600,0.0,0.0
2020-04-30 00:00:00-04:00,172.2922061827511,172.6750719098896,168.68363755263613,171.53604125976562,53875900,0.0,0.0
2020-05-01 00:00:00-04:00,168.27203714649573,170.99042145235236,166.55867890340767,167.09471130371094,39370500,0.0,0.0
2020-05-04 00:00:00-04:00,167.018090540101,171.3349605450572,166.35763500337288,171.1818084716797,30372900,0.0,0.0
2020-05-05 00:00:00-04:00,172.88561836411026,175.78586876142296,172.19644850678958,173.01962280273438,36839200,0.0,0.0
2020-05-06 00:00:00-04:00,174.28310988132503,176.31232417307075,173.85238236161905,174.72340393066406,32139300,0.0,0.0
2020-05-07 00:00:00-04:00,176.2836061355487,176.64733872911614,174.76169544991922,175.73802185058594,28316000,0.0,0.0
2020-05-08 00:00:00-04:00,177.05890028676012,177.07804794901972,175.50827556763306,176.77174377441406,30877800,0.0,0.0
2020-05-11 00:00:00-04:00,175.3072630945256,179.48056257343904,175.0201211851634,178.74354553222656,30892700,0.0,0.0
2020-05-12 00:00:00-04:00,178.80096063564477,179.03067414607514,174.49365705044374,174.6946563720703,32038200,0.0,0.0
2020-05-13 00:00:00-04:00,174.7329594946061,176.16872742043623,168.98030665766586,172.0528564453125,44711500,0.0,0.0
2020-05-14 00:00:00-04:00,169.93743940801517,172.95256000169596,168.1570870762953,172.79940795898438,41873900,0.0,0.0
2020-05-15 00:00:00-04:00,171.3923954473315,179.0498241431516,169.4206098950196,175.31683349609375,46610400,0.0,0.0
2020-05-18 00:00:00-04:00,177.79595475407282,178.22668227519873,176.08261119923372,176.99192810058594,35264500,0.0,0.0
2020-05-19 00:00:00-04:00,177.10675255191157,178.6095299421161,175.63270395623462,175.76670837402344,26799100,0.0,0.0
2020-05-20 00:00:00-04:00,177.38886870679679,178.38711523926915,176.5538086361456,178.20474243164062,31261300,0.51,0.0
2020-05-21 00:00:00-04:00,177.9551648606696,179.17417147943857,175.92989237505736,176.06427001953125,29119500,0.0,0.0
2020-05-22 00:00:00-04:00,175.83392486587098,177.05293154116515,175.21001712283223,176.1410675048828,20826900,0.0,0.0
2020-05-26 00:00:00-04:00,178.85742425340143,179.01100289158117,173.82784834456731,174.2789764404297,36073600,0.0,0.0
2020-05-27 00:00:00-04:00,172.963988040229,174.68211801691652,169.50855638674753,174.50933837890625,39517100,0.0,0.0
2020-05-28 00:00:00-04:00,173.4822974624214,176.75535602471408,173.1367528620367,174.11578369140625,33810200,0.0,0.0
2020-05-29 00:00:00-04:00,175.39237153809773,176.870540186914,173.16554003905907,175.89149475097656,42130400,0.0,0.0
2020-06-01 00:00:00-04:00,175.21000969417707,175.65154461123888,174.17339051615602,175.48837280273438,22622400,0.0,0.0
2020-06-02 00:00:00-04:00,176.85136234882526,177.5712457776536,174.0678189491154,177.48486328125,30794600,0.0,0.0
2020-06-03 00:00:00-04:00,177.39848418880933,178.47350544307963,176.2082716243914,177.9167938232422,27311000,0.0,0.0
2020-06-04 00:00:00-04:00,176.89935826789164,178.37751247051122,174.9796691160883,175.57476806640625,28761800,0.0,0.0
2020-06-05 00:00:00-04:00,175.28677240019894,180.19157766742498,174.70126675454352,179.682861328125,39893600,0.0,0.0
2020-06-08 00:00:00-04:00,178.4734734319101,180.97866794881153,177.03370680486475,180.79629516601562,33211600,0.0,0.0
2020-06-09 00:00:00-04:00,180.45078932074512,183.04236687645738,179.7404990263667,182.1785125732422,29783900,0.0,0.0
2020-06-10 00:00:00-04:00,183.45510184718313,190.54835280749057,183.3399105366351,188.93580627441406,43872300,0.0,0.0
2020-06-11 00:00:00-04:00,185.37478704113605,187.89916830840505,178.59828670019016,178.79025268554688,52854700,0.0,0.0
2020-06-12 00:00:00-04:00,182.88878610959796,184.02141036884822,177.7440183982765,180.20123291015625,43373600,0.0,0.0
2020-06-15 00:00:00-04:00,177.16810461859515,183.1575397419374,176.6209862078857,181.35302734375,32770200,0.0,0.0
2020-06-16 00:00:00-04:00,185.14443242683828,187.72641685743025,183.77186161876213,185.79713439941406,42556700,0.0,0.0
2020-06-17 00:00:00-04:00,187.1984868366461,188.436694543805,185.91229861744995,186.44021606445312,25687800,0.0,0.0
2020-06-18 00:00:00-04:00,186.20985995056128,188.5998783740572,186.20985995056128,188.43670654296875,23061600,0.0,0.0
2020-06-19 00:00:00-04:00,190.6155272914356,191.28741555293973,186.56498208428334,187.31365966796875,44441100,0.0,0.0
2020-06-22 00:00:00-04:00,187.9279663598332,192.69839515722148,187.3904557312936,192.5160369873047,32818900,0.0,0.0
2020-06-23 00:00:00-04:00,193.97498056414278,195.76029200350268,193.3414796494519,193.80221557617188,30917400,0.0,0.0
2020-06-24 00:00:00-04:00,193.5046234315462,195.08836072290134,188.66699979042335,189.89559936523438,36740600,0.0,0.0
2020-06-25 00:00:00-04:00,189.8572588057207,192.55441970306296,187.6208192009114,192.29525756835938,27803900,0.0,0.0
2020-06-26 00:00:00-04:00,191.70970822278375,191.86328683407763,187.05447190568057,188.4462432861328,54675800,0.0,0.0
2020-06-29 00:00:00-04:00,187.91836756197677,190.55794011288884,185.77791828522643,190.4715576171875,26701600,0.0,0.0
2020-06-30 00:00:00-04:00,189.9340518454055,196.19222801680598,189.79967418886784,195.3379669189453,34310300,0.0,0.0
2020-07-01 00:00:00-04:00,194.98282366026174,198.063931147309,193.66784129759267,196.4801788330078,32061200,0.0,0.0
2020-07-02 00:00:00-04:00,197.42084266089836,199.66689029656212,196.7681553221372,197.97755432128906,29315800,0.0,0.0
2020-07-06 00:00:00-04:00,200.44430769589064,202.6519527438517,199.73401756771054,202.2392120361328,31897600,0.0,0.0
2020-07-07 00:00:00-04:00,201.99927400934564,206.04981900940203,199.63806471877396,199.8876190185547,33600700,0.0,0.0
2020-07-08 00:00:00-04:00,201.63457123980288,204.696463349107,200.30998094536224,204.2837371826172,33600000,0.0,0.0
2020-07-09 00:00:00-04:00,207.64318004100818,207.6911751992889,202.97833478980377,205.71389770507812,33121700,0.0,0.0
2020-07-10 00:00:00-04:00,205.04198592289438,205.48352085550894,202.60398723586235,205.08998107910156,26177600,0.0,0.0
2020-07-13 00:00:00-04:00,205.8674413979546,207.13444315045686,198.20788649530527,198.7550048828125,38135600,0.0,0.0
2020-07-14 00:00:00-04:00,197.85272585715035,200.46350373083663,193.91735805820863,199.98358154296875,37591800,0.0,0.0
2020-07-15 00:00:00-04:00,201.14497209683736,202.8439006335009,196.79687852613762,199.68600463867188,32179400,0.0,0.0
2020-07-16 00:00:00-04:00,197.15205686543402,197.4400131481872,194.18614083902548,195.7314910888672,29940700,0.0,0.0
2020-07-17 00:00:00-04:00,196.25941038174207,196.80651414276153,193.30308749951638,194.73326110839844,31635300,0.0,0.0
2020-07-20 00:00:00-04:00,196.76818316142197,203.77505310077427,194.85808674497736,203.10316467285156,36884800,0.0,0.0
2020-07-21 00:00:00-04:00,205.08039405818826,205.34914936573205,199.67646444980613,200.3675537109375,37990400,0.0,0.0
2020-07-22 00:00:00-04:00,200.79949408921567,203.77501830690207,200.02202228065076,203.24710083007812,49605700,0.0,0.0
2020-07-23 00:00:00-04:00,198.8701920137259,202.4504080367256,194.03256734424946,194.4069061279297,67457000,0.0,0.0
2020-07-24 00:00:00-04:00,192.37200707149725,194.71402968002457,189.57885643693083,193.2166748046875,39827000,0.0,0.0
2020-07-27 00:00:00-04:00,193.37990221149863,195.77951382910686,192.79439639095952,195.66433715820312,30160900,0.0,0.0
2020-07-28 00:00:00-04:00,195.43395576554883,196.48018284400942,193.6390510854315,193.90780639648438,23251400,0.0,0.0
2020-07-29 00:00:00-04:00,194.3685200993384,196.43218000986818,193.89819100034165,195.86587524414062,19632600,0.0,0.0
2020-07-30 00:00:00-04:00,192.92873718736882,196.24980547575794,191.55616663450482,195.7122802734375,25079600,0.0,0.0
2020-07-31 00:00:00-04:00,196.1921890337022,196.86409182895045,191.01862831588247,196.77769470214844,51044000,0.0,0.0
2020-08-03 00:00:00-04:00,203.0263026972429,208.900546059905,201.9896689309971,207.84471130371094,78983000,0.0,0.0
2020-08-04 00:00:00-04:00,205.56991818694544,206.1458308108699,201.864917409733,204.72525024414062,49280100,0.0,0.0
2020-08-05 00:00:00-04:00,206.2705691716204,206.36655947631414,203.0742999994307,204.3892822265625,28806400,0.0,0.0
2020-08-06 00:00:00-04:00,203.81338285693832,207.6815551197409,203.05511212670442,207.66236877441406,32656800,0.0,0.0
2020-08-07 00:00:00-04:00,206.22257988649807,207.0384388574071,202.4599768644269,203.94773864746094,27820400,0.0,0.0
2020-08-10 00:00:00-04:00,203.17028548212394,203.37185927330196,198.0639203097045,199.8876190185547,36716500,0.0,0.0
2020-08-11 00:00:00-04:00,198.84137606478103,199.31169046301954,194.98279734692096,195.21316528320312,36446500,0.0,0.0
2020-08-12 00:00:00-04:00,197.0464539426936,201.83608285661768,196.52814440172622,200.78985595703125,28013100,0.0,0.0
2020-08-13 00:00:00-04:00,201.02983978206382,202.86314634098838,199.79163214226165,200.31954956054688,22588900,0.0,0.0
2020-08-14 00:00:00-04:00,200.3771274861899,201.1738001585949,199.17732189149518,200.51150512695312,17958900,0.0,0.0
2020-08-17 00:00:00-04:00,201.18341810043327,202.7095673786257,200.53071620812176,201.8361053466797,20184800,0.0,0.0
2020-08-18 00:00:00-04:00,202.07605567926134,203.83257282194666,200.8090685911667,202.9975128173828,21336200,0.0,0.0
2020-08-19 00:00:00-04:00,203.48825933929598,204.0751805136886,201.33300468481943,201.76597595214844,27627600,0.51,0.0
2020-08-20 00:00:00-04:00,201.6120151874665,206.8654417016913,201.00586131843818,206.46133422851562,26981500,0.0,0.0
2020-08-21 00:00:00-04:00,205.76855728649525,208.06813048821607,204.79677615890807,204.96034240722656,36249300,0.0,0.0
2020-08-24 00:00:00-04:00,206.66336818458626,207.36575904990627,204.39265869951632,205.60499572753906,25460100,0.0,0.0
2020-08-25 00:00:00-04:00,205.03732499211057,208.41451815872668,205.03732499211057,208.27981567382812,23043700,0.0,0.0
2020-08-26 00:00:00-04:00,209.63644688516246,213.6871519993567,209.1361171366734,212.78271484375,39600800,0.0,0.0
2020-08-27 00:00:00-04:00,214.45690337766257,222.40437903248466,211.09894307040548,218.00729370117188,57602200,0.0,0.0
2020-08-28 00:00:00-04:00,219.54676985088386,221.91370185709368,218.0073148897742,220.24916076660156,26292900,0.0,0.0
2020-08-31 00:00:00-04:00,218.4113925977586,220.04706969413533,215.82316713820393,216.99700927734375,28774200,0.0,0.0
2020-09-01 00:00:00-04:00,216.97778412727217,218.84438623445757,215.93864435580392,218.67120361328125,25725500,0.0,0.0
2020-09-02 00:00:00-04:00,219.34470815240513,224.04969338399036,218.74817068121502,222.88546752929688,34080800,0.0,0.0
2020-09-03 00:00:00-04:00,220.59556099797146,220.63404113591457,206.8269829873644,209.0784454345703,58400300,0.0,0.0
2020-09-04 00:00:00-04:00,206.96166006206397,210.09831211126607,197.4266031074665,206.14381408691406,59664100,0.0,0.0
2020-09-08 00:00:00-04:00,198.68698754947286,202.0834273727746,194.54967688212514,194.99227905273438,52924300,0.0,0.0
2020-09-09 00:00:00-04:00,199.7454158901792,206.7114795601628,198.87945877197268,203.29579162597656,45679000,0.0,0.0
2020-09-10 00:00:00-04:00,205.32599098248244,206.6153031515809,196.38748520810503,197.5998077392578,35461500,0.0,0.0
2020-09-11 00:00:00-04:00,199.36050005107293,200.73640304871705,193.62600731803826,196.31044006347656,33620100,0.0,0.0
2020-09-14 00:00:00-04:00,196.5125137481953,201.28484219899724,196.31045271149296,197.63824462890625,30375800,0.0,0.0
2020-09-15 00:00:00-04:00,200.53440313594547,201.84294796397248,199.1007721750684,200.8807830810547,21823900,0.0,0.0
2020-09-16 00:00:00-04:00,202.65115108467566,202.68001485495665,196.8974095322985,197.29190063476562,26328100,0.0,0.0
2020-09-17 00:00:00-04:00,192.4810724464651,196.5991366431224,192.39448113744643,195.2328643798828,34011300,0.0,0.0
2020-09-18 00:00:00-04:00,195.12704851750084,195.94487988980146,188.82486536149793,192.8082275390625,55225300,0.0,0.0
2020-09-21 00:00:00-04:00,189.72927359605578,195.0404272442857,188.94992248036098,194.87684631347656,39839700,0.0,0.0
2020-09-22 00:00:00-04:00,197.3015103470911,200.22649954304467,194.4342633712233,199.5722198486328,33517100,0.0,0.0
2020-09-23 00:00:00-04:00,200.03409509877338,200.2265398415189,192.46186134256553,193.00067138671875,30803800,0.0,0.0
2020-09-24 00:00:00-04:00,192.28863155277108,197.79221510852776,191.6632156551125,195.50225830078125,31202500,0.0,0.0
2020-09-25 00:00:00-04:00,195.84861465967163,201.13088911694132,194.8768189808472,199.95706176757812,29437300,0.0,0.0
2020-09-28 00:00:00-04:00,202.9013585629657,204.52741975130175,200.18804623371256,201.51583862304688,32004900,0.0,0.0
2020-09-29 00:00:00-04:00,201.42919413090266,202.12195391801143,198.98528747041638,199.4182586669922,24221900,0.0,0.0
2020-09-30 00:00:00-04:00,199.87049690604192,203.95969745156557,198.72551840426004,202.37213134765625,33829100,0.0,0.0
2020-10-01 00:00:00-04:00,205.41256787340234,205.8936502720816,203.32467202491068,204.42153930664062,27158400,0.0,0.0
2020-10-02 00:00:00-04:00,200.1302639824499,203.00714181252636,197.76333228511893,198.3887481689453,33154800,0.0,0.0
2020-10-05 00:00:00-04:00,199.37979791306213,202.4491060800491,199.14887306776157,202.4202423095703,21331600,0.0,0.0
2020-10-06 00:00:00-04:00,200.9192727681935,202.2278028813406,197.0706133347851,198.11936950683594,28554300,0.0,0.0
2020-10-07 00:00:00-04:00,199.2258515006656,202.16045722958788,198.89871897520425,201.89105224609375,25681100,0.0,0.0
2020-10-08 00:00:00-04:00,202.54531231348605,203.19959202978103,200.4381836761741,202.6126708984375,19925800,0.0,0.0
2020-10-09 00:00:00-04:00,203.23805900928684,207.69288656512367,203.23805900928684,207.644775390625,26458000,0.0,0.0
2020-10-12 00:00:00-04:00,210.51201907002442,215.39020139678786,208.6069369769455,213.0232696533203,40461400,0.0,0.0
2020-10-13 00:00:00-04:00,214.29335232049814,216.68914803485708,212.08998663603225,214.4280548095703,28950800,0.0,0.0
2020-10-14 00:00:00-04:00,214.56272446279024,215.73656655140906,210.83915183498107,212.50369262695312,23421700,0.0,0.0
2020-10-15 00:00:00-04:00,208.8860117446452,212.02266412464428,207.83724081519037,211.34915161132812,22733100,0.0,0.0
2020-10-16 00:00:00-04:00,211.8206030299136,213.87963538860683,211.02201905935624,211.34915161132812,26057900,0.0,0.0
2020-10-19 00:00:00-04:00,212.08036327672104,213.88923779727742,205.63386205841044,206.1149444580078,27625800,0.0,0.0
2020-10-20 00:00:00-04:00,207.63515426808434,209.1457452787201,205.02768135731517,206.52865600585938,22753500,0.0,0.0
2020-10-21 00:00:00-04:00,205.05649907723813,208.71272721222758,205.05649907723813,206.67294311523438,22724900,0.0,0.0
2020-10-22 00:00:00-04:00,205.83589789977742,207.8853135151422,203.69027461830365,206.75958251953125,22351500,0.0,0.0
2020-10-23 00:00:00-04:00,206.89426399618623,208.09696981148352,205.09502079457104,208.04885864257812,18879600,0.0,0.0
2020-10-26 00:00:00-04:00,205.7589262972912,208.15470699634687,200.22647929031413,202.13156127929688,37111600,0.0,0.0
2020-10-27 00:00:00-04:00,203.58444355660558,206.54791285941357,202.37212121151256,205.181640625,36700300,0.0,0.0
2020-10-28 00:00:00-04:00,199.81275844922078,200.9384894820073,194.45350824964038,195.0115509033203,51195600,0.0,0.0
2020-10-29 00:00:00-04:00,196.34896403076615,199.51447954120584,195.67543697276443,196.974365234375,31432600,0.0,0.0
2020-10-30 00:00:00-04:00,195.80058386139078,196.56068777623787,192.0673788420309,194.80955505371094,36953700,0.0,0.0
2020-11-02 00:00:00-05:00,196.56063946362534,197.51318789577627,192.54841403121264,194.6748046875,30842200,0.0,0.0
2020-11-03 00:00:00-05:00,196.17582773816375,200.24578171169347,195.4349565528965,198.61972045898438,27512000,0.0,0.0
2020-11-04 00:00:00-05:00,205.92249417257187,210.05980533830936,204.38302477274965,208.20281982421875,42311800,0.0,0.0
2020-11-05 00:00:00-05:00,213.63907556087898,215.6403801987278,212.78274943674145,214.84178161621094,36080100,0.0,0.0
2020-11-06 00:00:00-05:00,213.8507262075923,215.87127799998143,209.78077353708855,215.2554931640625,25231900,0.0,0.0
2020-11-09 00:00:00-05:00,215.9482666319052,219.4890259925746,209.63646799316797,210.12716674804688,44395000,0.0,0.0
2020-11-10 00:00:00-05:00,206.38432726137017,208.30865665308457,201.78518118969018,203.0263671875,44045100,0.0,0.0
2020-11-11 00:00:00-05:00,204.35418705997827,209.79041246102312,204.17137339377663,208.35679626464844,29440800,0.0,0.0
2020-11-12 00:00:00-05:00,208.99180827251445,210.81991539400673,206.34585525476737,207.2887725830078,21593900,0.0,0.0
2020-11-13 00:00:00-05:00,208.17399473872575,209.19388716599173,206.05723493175304,208.3183135986328,18621100,0.0,0.0
2020-11-16 00:00:00-05:00,206.7403681212931,209.50179137779625,206.40361921394384,209.01107788085938,24953300,0.0,0.0
2020-11-17 00:00:00-05:00,207.9238360433956,209.44404363119713,205.9802588786965,206.34588623046875,24154100,0.0,0.0
2020-11-18 00:00:00-05:00,206.10465658000786,207.57097985417323,203.48071586619795,203.62542724609375,28372800,0.56,0.0
2020-11-19 00:00:00-05:00,203.91487189418262,205.50659431946275,202.51606857025564,204.9181365966797,24792700,0.0,0.0
2020-11-20 00:00:00-05:00,204.70589892704257,205.7574007337533,202.5835975160934,202.95982360839844,22843100,0.0,0.0
2020-11-23 00:00:00-05:00,203.50004337850964,204.79271612955355,200.80858207029695,202.68971252441406,25683500,0.0,0.0
2020-11-24 00:00:00-05:00,202.18804756968217,206.68347702038218,201.48383260969243,206.3072509765625,33979700,0.0,0.0
2020-11-25 00:00:00-05:00,207.51312294435323,207.68675895454567,204.95671688381378,206.31690979003906,21012900,0.0,0.0
2020-11-27 00:00:00-05:00,207.26230592341696,208.63215505789094,206.48089973496474,207.62887573242188,14512200,0.0,0.0
2020-11-30 00:00:00-05:00,206.53881177353418,207.17549190767758,203.39393309923483,206.50987243652344,33064800,0.0,0.0
2020-12-01 00:00:00-05:00,206.93427535880105,209.6450486607673,205.81525356115677,208.57424926757812,30904500,0.0,0.0
2020-12-02 00:00:00-05:00,207.29126088912773,207.86042080174042,205.2847168067867,207.76394653320312,23724500,0.0,0.0
2020-12-03 00:00:00-05:00,207.03077164621303,208.73826593493447,206.10466880761174,206.67384338378906,25120900,0.0,0.0
2020-12-04 00:00:00-05:00,206.65457192734252,207.77360870664114,205.65129249765855,206.7896270751953,24666000,0.0,0.0
2020-12-07 00:00:00-05:00,206.7992376187046,207.92791576799925,205.4679841379469,206.72206115722656,24620000,0.0,0.0
2020-12-08 00:00:00-05:00,206.41338401610594,209.28813748138452,205.3715237954218,208.38133239746094,23284100,0.0,0.0
2020-12-09 00:00:00-05:00,207.56137609469448,207.6288963083449,203.75087791569962,204.32003784179688,32440600,0.0,0.0
2020-12-10 00:00:00-05:00,204.29107498383206,205.55480829861727,202.93086740933128,203.08522033691406,26733300,0.0,0.0
2020-12-11 00:00:00-05:00,202.6318129157423,205.78633271742834,201.7250078879869,205.7284393310547,30979400,0.0,0.0
2020-12-14 00:00:00-05:00,205.57412580594706,208.57429304394526,205.36189419014732,206.63526916503906,28798400,0.0,0.0
2020-12-15 00:00:00-05:00,207.57101370945622,207.812184662047,204.74449721064735,206.5677490234375,27000600,0.0,0.0
2020-12-16 00:00:00-05:00,207.16584180738437,212.3365474582881,207.13690247156956,211.53585815429688,35023300,0.0,0.0
2020-12-17 00:00:00-05:00,212.1050184542411,213.08900003353037,210.22388802317806,211.67091369628906,32515800,0.0,0.0
2020-12-18 00:00:00-05:00,210.87020874023438,211.9313667097204,208.39097925866105,210.87020874023438,63354900,0.0,0.0
2020-12-21 00:00:00-05:00,209.8669583764434,216.0891657865848,209.60648963539475,214.7289581298828,37181900,0.0,0.0
2020-12-22 00:00:00-05:00,214.82541066099722,217.66158303018838,214.01507990405824,216.03126525878906,22612200,0.0,0.0
2020-12-23 00:00:00-05:00,215.23061750586513,215.664722300724,213.00220013500297,213.2144317626953,18699600,0.0,0.0
2020-12-24 00:00:00-05:00,213.600315157461,215.71297533065393,213.38808351413238,214.8833465576172,10550600,0.0,0.0
2020-12-28 00:00:00-05:00,216.523306337677,218.0475087218652,215.1438153757314,217.0153045654297,17933500,0.0,0.0
2020-12-29 00:00:00-05:00,218.3175920352169,219.15686224473382,215.68400933921407,216.23387145996094,17403200,0.0,0.0
2020-12-30 00:00:00-05:00,217.27575078583914,217.6616331779801,213.6485446191628,213.8511199951172,20272300,0.0,0.0
2020-12-31 00:00:00-05:00,213.87038319147217,215.1244750031849,211.92171790619258,214.56495666503906,20942100,0.0,0.0
2021-01-04 00:00:00-05:00,214.6710645186819,215.12446703936178,207.22370510995103,210.0019989013672,37130100,0.0,0.0
2021-01-05 00:00:00-05:00,209.5871775991694,210.8026884948784,208.0822733662966,210.20457458496094,23823000,0.0,0.0
2021-01-06 00:00:00-05:00,204.67692815590632,208.84436858746082,204.455055038086,204.7541046142578,35930700,0.0,0.0
2021-01-07 00:00:00-05:00,206.48090458530808,211.59373143430213,206.1625718994566,210.580810546875,27694500,0.0,0.0
2021-01-08 00:00:00-05:00,210.9570559155459,212.78996405087463,209.36533346109607,211.86386108398438,22956200,0.0,0.0
2021-01-11 00:00:00-05:00,210.75446802047415,211.1789312417317,209.07591293274825,209.80908203125,23031300,0.0,0.0
2021-01-12 00:00:00-05:00,208.85405350778225,209.4328697056975,205.78636593059068,207.33949279785156,23249300,0.0,0.0
2021-01-13 00:00:00-05:00,206.46164808437925,209.10487249439277,206.37481534806392,208.69970703125,20087100,0.0,0.0
2021-01-14 00:00:00-05:00,208.28486838376134,209.78013111431568,205.22682271567444,205.49693298339844,29480800,0.0,0.0
2021-01-15 00:00:00-05:00,205.97926896436093,206.9342964122726,204.54188494369004,205.13998413085938,31746500,0.0,0.0
2021-01-19 00:00:00-05:00,206.2011410675174,209.3170652998531,205.12070003287826,208.796142578125,30480900,0.0,0.0
2021-01-20 00:00:00-05:00,210.01167500183746,217.81596395680273,209.61615108340143,216.41717529296875,37777300,0.0,0.0
2021-01-21 00:00:00-05:00,216.76443361216235,218.30793348539314,214.5649558607472,217.02490234375,30709400,0.0,0.0
2021-01-22 00:00:00-05:00,219.06040382451215,221.94481374827697,217.82560971130675,217.97030639648438,30172700,0.0,0.0
2021-01-25 00:00:00-05:00,221.0283043115885,221.66499902782598,216.3013605041607,221.423828125,33152100,0.0,0.0
2021-01-26 00:00:00-05:00,223.67158218627512,225.90964090519284,221.95444623265263,224.12498474121094,49169600,0.0,0.0
2021-01-27 00:00:00-05:00,229.5947281242748,231.94855878459933,222.01231340498785,224.67483520507812,69870600,0.0,0.0
2021-01-28 00:00:00-05:00,227.28915496140732,234.0708810247615,226.78751525444332,230.4918975830078,49111200,0.0,0.0
2021-01-29 00:00:00-05:00,227.6557255174755,229.6140323700672,223.17959346585073,223.76805114746094,42503100,0.0,0.0
2021-02-01 00:00:00-05:00,226.75856737700522,233.93581706822144,224.22144432069945,231.18646240234375,33314200,0.0,0.0
2021-02-02 00:00:00-05:00,232.77821444261426,233.7525398256425,230.26038902161145,231.05142211914062,25916300,0.0,0.0
2021-02-03 00:00:00-05:00,231.10930869338551,236.43435275542583,230.8102443459254,234.4181671142578,27158100,0.0,0.0
2021-02-04 00:00:00-05:00,234.09018810416885,234.64970650721565,231.88105383007826,233.463134765625,25296100,0.0,0.0
2021-02-05 00:00:00-05:00,233.67534741680137,234.68826832765416,231.92927213385542,233.6464080810547,18054800,0.0,0.0
2021-02-08 00:00:00-05:00,234.5628535104182,235.0741347325014,232.3054970144389,233.90687561035156,22211900,0.0,0.0
2021-02-09 00:00:00-05:00,233.32807212451993,236.1160077909551,232.855386470844,235.16098022460938,23565000,0.0,0.0
2021-02-10 00:00:00-05:00,236.34755645726645,237.2350638824721,232.3827050234115,234.2445526123047,22186700,0.0,0.0
2021-02-11 00:00:00-05:00,236.1352968662007,236.49222515802117,233.59817378890858,235.8555450439453,15751100,0.0,0.0
2021-02-12 00:00:00-05:00,235.3152830417069,236.6369096930941,234.15766556946718,236.33786010742188,16561100,0.0,0.0
2021-02-16 00:00:00-05:00,236.37649141782472,237.43764958042757,234.34100782949233,235.0934600830078,26728500,0.0,0.0
2021-02-17 00:00:00-05:00,233.33368412074378,236.22472264095413,232.96625524373655,236.1183624267578,21653500,0.56,0.0
2021-02-18 00:00:00-05:00,233.7977758772666,235.85727476251574,232.88888225714146,235.72190856933594,16925600,0.0,0.0
2021-02-19 00:00:00-05:00,235.68326646492164,235.7896266830172,232.2314060034834,232.99526977539062,25262600,0.0,0.0
2021-02-22 00:00:00-05:00,229.56270678276118,230.0558232865794,224.70883694140468,226.74900817871094,36446900,0.0,0.0
2021-02-23 00:00:00-05:00,222.70737444670027,227.05844976056775,221.16031954469048,225.55007934570312,30228700,0.0,0.0
2021-02-24 00:00:00-05:00,222.39797484329023,227.4162177891035,221.42140539723303,226.78773498535156,26339700,0.0,0.0
2021-02-25 00:00:00-05:00,224.39944732848625,226.82637500725085,220.33844686945937,221.41171264648438,39542200,0.0,0.0
2021-02-26 00:00:00-05:00,223.86765375241166,227.58056773813183,221.9435062853108,224.6895294189453,37819200,0.0,0.0
2021-03-01 00:00:00-05:00,228.09304264916807,229.61109163953674,225.4340520450375,229.0986328125,25324000,0.0,0.0
2021-03-02 00:00:00-05:00,229.16630164142225,229.4467125406438,225.72411990536094,226.13021850585938,22812500,0.0,0.0
2021-03-03 00:00:00-05:00,224.47680916743502,225.84981335833936,219.73896284284643,220.02903747558594,34029500,0.0,0.0
2021-03-04 00:00:00-05:00,219.2361494443076,224.7958558426687,216.8382132793173,219.22647094726562,44727800,0.0,0.0
2021-03-05 00:00:00-05:00,221.92416791979974,225.55006376420437,218.96543927137483,223.93533325195312,41872800,0.0,0.0
2021-03-08 00:00:00-05:00,223.71295006186025,225.64676131468542,219.61327964830866,219.8646697998047,35267400,0.0,0.0
2021-03-09 00:00:00-05:00,225.1729580638382,227.5902218192339,224.00299591455155,226.0431671142578,33080500,0.0,0.0
2021-03-10 00:00:00-05:00,229.15665567677576,229.15665567677576,224.36079681312953,224.7282257080078,29746800,0.0,0.0
2021-03-11 00:00:00-05:00,227.18414995839444,231.25481433839158,226.55565245589904,229.28233337402344,29907600,0.0,0.0
2021-03-12 00:00:00-05:00,226.26553153198742,228.01564273158777,225.51134648632797,227.9479522705078,22653700,0.0,0.0
2021-03-15 00:00:00-04:00,227.18415297293328,227.40653713643047,224.13839139075358,227.0391082763672,26034900,0.0,0.0
2021-03-16 00:00:00-04:00,228.46044178352972,232.11534357598322,228.131697438005,229.84312438964844,28092200,0.0,0.0
2021-03-17 00:00:00-04:00,228.33476704770135,230.65534949760786,225.5114042743866,229.1953125,29562100,0.0,0.0
2021-03-18 00:00:00-04:00,224.86356013012343,226.43962095239084,222.70736481006173,223.08445739746094,34833000,0.0,0.0
2021-03-19 00:00:00-04:00,223.37454008172645,224.77655027756867,221.75980946954306,222.72671508789062,46430700,0.0,0.0
2021-03-22 00:00:00-04:00,222.6493674880286,229.05994189568952,222.52366503268703,228.18006896972656,30127000,0.0,0.0
2021-03-23 00:00:00-04:00,229.63043503272812,233.0726168895931,229.2243364179776,229.7174530029297,31638400,0.0,0.0
2021-03-24 00:00:00-04:00,229.9785063681459,230.12353630883382,227.53223634315083,227.6676025390625,25620100,0.0,0.0
2021-03-25 00:00:00-04:00,227.5128800646398,229.09860458484349,223.9063264752013,224.6508331298828,34061900,0.0,0.0
2021-03-26 00:00:00-04:00,223.88703132154123,228.87626857609533,223.88703132154123,228.65386962890625,25479900,0.0,0.0
2021-03-29 00:00:00-04:00,228.76020882115643,228.96326550344105,224.2060913796449,227.45489501953125,25227500,0.0,0.0
2021-03-30 00:00:00-04:00,225.8014111609328,226.11082796292024,223.45183818028676,224.17701721191406,24792000,0.0,0.0
2021-03-31 00:00:00-04:00,225.20199547913245,231.18714373342434,224.69920041677108,227.96734619140625,43623500,0.0,0.0
2021-04-01 00:00:00-04:00,230.5779912058987,234.80336416913414,230.17189260393687,234.32958984375,30338000,0.0,0.0
2021-04-05 00:00:00-04:00,234.72599237582628,241.68772432777638,234.6679804018614,240.82717895507812,36910600,0.0,0.0
2021-04-06 00:00:00-04:00,239.4155001585095,241.14625471940562,238.70966318992367,239.6572265625,22931900,0.0,0.0
2021-04-07 00:00:00-04:00,239.60890083833849,242.62564192229542,239.00942402134964,241.62973022460938,22719800,0.0,0.0
2021-04-08 00:00:00-04:00,244.40472490697556,245.72938081582777,243.66020348747534,244.86883544921875,23625200,0.0,0.0
2021-04-09 00:00:00-04:00,244.50142308631172,247.518178698684,244.08566074528554,247.3828125,24326800,0.0,0.0
2021-04-12 00:00:00-04:00,246.28054259623266,249.1425897885859,246.19350987554677,247.44082641601562,27148700,0.0,0.0
2021-04-13 00:00:00-04:00,248.74614977442516,250.6122705431789,248.3303579311484,249.9354248046875,23837500,0.0,0.0
2021-04-14 00:00:00-04:00,248.95885914085616,250.26415806660793,246.71563111541306,247.1313934326172,23070900,0.0,0.0
2021-04-15 00:00:00-04:00,249.3939233605565,251.3277343204478,249.20055996913547,250.91197204589844,25627500,0.0,0.0
2021-04-16 00:00:00-04:00,250.88303276835194,252.36239736570812,249.07492376131896,252.11099243164062,24878600,0.0,0.0
2021-04-19 00:00:00-04:00,251.5792255476246,252.82654230705447,249.2876634947438,250.1772003173828,23209300,0.0,0.0
2021-04-20 00:00:00-04:00,249.2876176321232,251.58885776219208,248.34003948808945,249.7130584716797,19722900,0.0,0.0
2021-04-21 00:00:00-04:00,250.37060383261652,252.05301057369897,248.73653058111407,251.95631408691406,24030400,0.0,0.0
2021-04-22 00:00:00-04:00,251.59847490324208,253.1165236382329,247.17972438735143,248.6591033935547,25606200,0.0,0.0
2021-04-23 00:00:00-04:00,249.3456598465192,252.85553244467692,248.75583199431003,252.50743103027344,21462600,0.0,0.0
2021-04-26 00:00:00-04:00,253.0005552714497,253.75474055583118,251.5598751851928,252.89418029785156,19763300,0.0,0.0
2021-04-27 00:00:00-04:00,252.9232160459598,254.4799497886446,251.51154178503174,253.30032348632812,31014200,0.0,0.0
2021-04-28 00:00:00-04:00,247.605153301247,248.0499510872284,244.57874904739901,246.13546752929688,46903100,0.0,0.0
2021-04-29 00:00:00-04:00,247.0057189857729,247.6245379994576,240.7595021178663,244.15333557128906,40589000,0.0,0.0
2021-04-30 00:00:00-04:00,241.47502164719492,244.70448296798347,241.339655446737,243.83425903320312,30945100,0.0,0.0
2021-05-03 00:00:00-04:00,245.01386941830933,245.93244152740905,242.8093258640867,243.52484130859375,19626600,0.0,0.0
2021-05-04 00:00:00-04:00,242.6642906822587,242.8963533290899,237.62670619996604,239.5895233154297,32756100,0.0,0.0
2021-05-05 00:00:00-04:00,240.8175144691284,241.24295530803658,237.6847496622755,238.313232421875,21901300,0.0,0.0
2021-05-06 00:00:00-04:00,238.2938828346981,241.5910344808198,236.5921342853169,241.46533203125,26491100,0.0,0.0
2021-05-07 00:00:00-04:00,243.80524259654717,245.88409850126487,242.85767923394673,244.10499572753906,27032900,0.0,0.0
2021-05-10 00:00:00-04:00,242.5675784860388,243.3991178076386,238.9416828547269,238.99969482421875,29299900,0.0,0.0
2021-05-11 00:00:00-04:00,236.45675201993078,238.43891132150725,234.54228318777075,238.08114624023438,33641600,0.0,0.0
2021-05-12 00:00:00-04:00,234.15554329136458,236.29241130423097,230.191238914293,231.0904541015625,36684400,0.0,0.0
2021-05-13 00:00:00-04:00,233.7977556399637,237.47199953455876,233.43032682436203,234.98704528808594,29624300,0.0,0.0
2021-05-14 00:00:00-04:00,237.45269741654624,240.93354899396118,237.36567944671805,239.93763732910156,23901100,0.0,0.0
2021-05-17 00:00:00-04:00,238.39058872945552,238.42925846341785,235.46086581765138,237.06591796875,24970200,0.0,0.0
2021-05-18 00:00:00-04:00,238.11984688230368,238.2552130765147,234.86136496896637,235.03541564941406,20168000,0.0,0.0
2021-05-19 00:00:00-04:00,231.92446802490932,235.72348812129565,231.23638816112967,235.61688232421875,25739800,0.56,0.0
2021-05-20 00:00:00-04:00,236.43099674377723,240.2978492693949,236.3340769942939,238.8732147216797,21800700,0.0,0.0
2021-05-21 00:00:00-04:00,239.92959392026864,240.66613375955532,237.18693055220828,237.60365295410156,21863100,0.0,0.0
2021-05-24 00:00:00-04:00,240.14279819726076,243.40880466874205,239.8714406276493,243.04052734375,21411500,0.0,0.0
2021-05-25 00:00:00-04:00,243.99996744361832,244.94971888960728,243.07928896520917,243.95150756835938,17704300,0.0,0.0
2021-05-26 00:00:00-04:00,243.67041594504792,245.13382412382234,243.0114090525772,243.72857666015625,17771600,0.0,0.0
2021-05-27 00:00:00-04:00,243.41848850624666,243.71891904215312,241.5577445653837,241.6158905029297,24426200,0.0,0.0
2021-05-28 00:00:00-04:00,243.25372651076563,244.3003977061541,241.85816491691435,241.97445678710938,18270200,0.0,0.0
2021-06-01 00:00:00-04:00,243.47663334768635,243.53477928497057,239.33842307359177,239.76483154296875,23213300,0.0,0.0
2021-06-02 00:00:00-04:00,240.47229428901912,241.57711137410448,238.25295927147903,239.66790771484375,19406700,0.0,0.0
2021-06-03 00:00:00-04:00,237.65208531272862,238.7375154318653,235.50059719238536,238.12696838378906,25307700,0.0,0.0
2021-06-04 00:00:00-04:00,240.11371338493953,243.8836609923926,239.87142879631688,243.05020141601562,25281100,0.0,0.0
2021-06-07 00:00:00-04:00,242.2651732511608,246.24833201164998,242.10042152479943,245.9769744873047,23079200,0.0,0.0
2021-06-08 00:00:00-04:00,247.28533321311315,248.1091066867152,244.71710783462723,244.7752685546875,22455000,0.0,0.0
2021-06-09 00:00:00-04:00,245.97700556822116,247.64392473575538,245.39553142309762,245.7637939453125,17937600,0.0,0.0
2021-06-10 00:00:00-04:00,246.44217711309096,249.51434381577496,245.84131608625833,249.30113220214844,24563600,0.0,0.0
2021-06-11 00:00:00-04:00,250.02799674305382,250.51256592443156,248.6905810703303,249.9311065673828,18999700,0.0,0.0
2021-06-14 00:00:00-04:00,249.9407338751007,251.92748491473486,248.87467594843733,251.8693389892578,19150500,0.0,0.0
2021-06-15 00:00:00-04:00,251.7530394221837,251.96625102602945,249.72754397352543,250.3865509033203,18038900,0.0,0.0
2021-06-16 00:00:00-04:00,251.3944773965789,252.5380535301165,246.5681726439987,249.43682861328125,27220000,0.0,0.0
2021-06-17 00:00:00-04:00,248.16725010104045,253.67194851407228,248.10910416944708,252.84817504882812,27565500,0.0,0.0
2021-06-18 00:00:00-04:00,251.6174082364374,254.2049912093389,250.76456170990195,251.42356872558594,37202200,0.0,0.0
2021-06-21 00:00:00-04:00,251.80157966733896,255.38737447867518,249.9602223776516,254.5248565673828,26696100,0.0,0.0
2021-06-22 00:00:00-04:00,254.6120138466005,257.58727550810795,254.3018824942618,257.31591796875,24694100,0.0,0.0
2021-06-23 00:00:00-04:00,257.7810325649342,258.595105016087,256.2691795019722,257.083251953125,19518700,0.0,0.0
2021-06-24 00:00:00-04:00,257.94589149972273,259.5837378342105,257.2771836080912,258.45953369140625,21446900,0.0,0.0
2021-06-25 00:00:00-04:00,258.0137126293254,259.00222309545813,256.58907807697693,256.8410339355469,25611100,0.0,0.0
2021-06-28 00:00:00-04:00,257.9748701491529,260.60122608783234,257.7035126673972,260.4267883300781,19590000,0.0,0.0
2021-06-29 00:00:00-04:00,260.57222058858645,263.26642398915266,259.7097028458924,263.0241394042969,19937800,0.0,0.0
2021-06-30 00:00:00-04:00,262.336040026262,262.9853461031413,261.27968286365405,262.53955078125,21656500,0.0,0.0
2021-07-01 00:00:00-04:00,261.28932100585706,263.4505097158875,261.27964973591907,263.2179260253906,16725300,0.0,0.0
2021-07-02 00:00:00-04:00,264.4003129092707,269.42044210645486,264.0901815611833,269.08123779296875,26458000,0.0,0.0
2021-07-06 00:00:00-04:00,269.4495493778783,270.74819129061393,265.8346524823873,269.0909729003906,31565600,0.0,0.0
2021-07-07 00:00:00-04:00,270.77722094799395,272.0274175708418,268.5966598869987,271.2908630371094,23260000,0.0,0.0
2021-07-08 00:00:00-04:00,268.3544275213407,270.12796742500313,266.3870776755661,268.8583984375,24618600,0.0,0.0
2021-07-09 00:00:00-04:00,267.21078617893124,269.46886517575774,266.82313681336774,269.3622741699219,23916700,0.0,0.0
2021-07-12 00:00:00-04:00,270.54462431878187,271.13578442629563,268.0442311924346,268.76141357421875,18931700,0.0,0.0
2021-07-13 00:00:00-04:00,268.95523209497554,274.12075544543404,268.82926896816707,272.3084716796875,26120100,0.0,0.0
2021-07-14 00:00:00-04:00,273.63622459496327,274.90579349318665,271.89175778408145,273.7912902832031,23113700,0.0,0.0
2021-07-15 00:00:00-04:00,273.2970295449207,273.7912995945101,271.19398619785545,272.3569641113281,22604200,0.0,0.0
2021-07-16 00:00:00-04:00,273.3648409129834,275.3321904324174,270.8353746304237,272.0855712890625,26186800,0.0,0.0
2021-07-19 00:00:00-04:00,270.32172742963587,271.71728888837185,265.9800069586817,268.46099853515625,32935600,0.0,0.0
2021-07-20 00:00:00-04:00,269.4495407659648,272.298809949743,267.73417649236615,270.6997375488281,26259700,0.0,0.0
2021-07-21 00:00:00-04:00,270.2926996026849,272.831837532653,268.7324009418103,272.7155456542969,24364300,0.0,0.0
2021-07-22 00:00:00-04:00,275.0801988860873,277.58059214764467,274.6731773812075,277.3092346191406,23384100,0.0,0.0
2021-07-23 00:00:00-04:00,278.5012802330606,281.04041795355755,277.6581346087778,280.7303161621094,22768100,0.0,0.0
2021-07-26 00:00:00-04:00,280.08097996218163,280.749687782131,277.79382767857606,280.1294250488281,23176100,0.0,0.0
2021-07-27 00:00:00-04:00,280.4976937484065,280.64305857964337,274.217696432941,277.6968994140625,33604100,0.0,0.0
2021-07-28 00:00:00-04:00,280.07128236801464,281.1954864033692,275.0705249317499,277.38677978515625,33566900,0.0,0.0
2021-07-29 00:00:00-04:00,277.4060956704679,279.7126492085569,277.251030016775,277.6580810546875,18168300,0.0,0.0
2021-07-30 00:00:00-04:00,276.3691729139346,277.8131794690923,275.14804923194725,276.1171875,20944800,0.0,0.0
2021-08-02 00:00:00-04:00,277.52241989812205,277.91977013661995,274.9832823711018,276.02996826171875,16267400,0.0,0.0
2021-08-03 00:00:00-04:00,276.61142453637285,278.3655622265693,275.2352353463116,278.2589416503906,17879000,0.0,0.0
2021-08-04 00:00:00-04:00,277.38672729493874,278.71444185138466,275.86517327482574,277.66778564453125,16191300,0.0,0.0
2021-08-05 00:00:00-04:00,278.02642050082994,280.69155102008517,277.2704937547623,280.5849304199219,13900200,0.0,0.0
2021-08-06 00:00:00-04:00,279.6060698594421,280.5655072074138,278.7435226702853,280.5267333984375,16589300,0.0,0.0
2021-08-09 00:00:00-04:00,280.80789139751,282.5523289356802,278.9277602676487,279.43170166015625,16117600,0.0,0.0
2021-08-10 00:00:00-04:00,279.88709699676326,280.32322101187015,276.3982231789099,277.5999450683594,18616600,0.0,0.0
2021-08-11 00:00:00-04:00,278.3462246650516,279.7514871404294,277.03788194241645,278.0942687988281,13955900,0.0,0.0
2021-08-12 00:00:00-04:00,277.7840839354555,281.02100193867733,277.50302557934407,280.8659362792969,14561300,0.0,0.0
2021-08-13 00:00:00-04:00,280.54617288448674,283.86060939257436,280.37170550846537,283.8121643066406,18249000,0.0,0.0
2021-08-16 00:00:00-04:00,284.14169001710104,285.72139034208413,281.06950827409173,285.5081787109375,22507600,0.0,0.0
2021-08-17 00:00:00-04:00,283.3663559759671,284.37423849294635,282.09675761906914,284.0350341796875,20075300,0.0,0.0
2021-08-18 00:00:00-04:00,283.56902704774615,286.2683885255345,281.85034912127685,282.2970275878906,21813000,0.56,0.0
2021-08-19 00:00:00-04:00,280.31618774619443,288.8415116764135,280.26764991169944,288.16180419921875,29850500,0.0,0.0
2021-08-20 00:00:00-04:00,291.02622103620047,296.9686974957663,289.4143680042962,295.5316162109375,40817600,0.0,0.0
2021-08-23 00:00:00-04:00,294.45381675588874,296.54144712298415,293.09443160748054,295.8132019042969,22830200,0.0,0.0
2021-08-24 00:00:00-04:00,296.1724194319452,296.7841500631077,293.2400298015823,293.842041015625,18175800,0.0,0.0
2021-08-25 00:00:00-04:00,295.47330963483773,295.7549060463655,291.705879753197,293.249755859375,20006100,0.0,0.0
2021-08-26 00:00:00-04:00,292.2593717706494,293.657605009389,290.27856604274746,290.41448974609375,17666100,0.0,0.0
2021-08-27 00:00:00-04:00,290.3174090188955,292.1428819923992,288.2200589833195,291.0262451171875,22605700,0.0,0.0
2021-08-30 00:00:00-04:00,292.38558023402715,295.3956662396167,292.32732299018244,294.783935546875,16348100,0.0,0.0
2021-08-31 00:00:00-04:00,295.58989782397674,295.6675642771677,292.7545833483286,293.1235656738281,26285300,0.0,0.0
2021-09-01 00:00:00-04:00,294.0848845637136,296.3375972692619,292.7449083917516,293.0750427246094,18983800,0.0,0.0
2021-09-02 00:00:00-04:00,293.4343256300039,294.5606523132115,291.47289927339045,292.4147644042969,16285600,0.0,0.0
2021-09-03 00:00:00-04:00,292.2593565497962,293.8226716672976,291.55055018077155,292.405029296875,14747900,0.0,0.0
2021-09-07 00:00:00-04:00,292.27875000140284,292.3564164397279,289.55026075756587,291.4728088378906,17180400,0.0,0.0
2021-09-08 00:00:00-04:00,291.08446350164445,291.8903751604786,288.841470630968,291.5019836425781,15046800,0.0,0.0
2021-09-09 00:00:00-04:00,292.09426140075874,293.37597988697536,288.3850592508148,288.6278076171875,19927000,0.0,0.0
2021-09-10 00:00:00-04:00,289.76395209596836,291.22044264146325,286.81212296003343,287.1325378417969,19633400,0.0,0.0
2021-09-13 00:00:00-04:00,288.9191508058804,289.88045467638676,285.5498016305799,288.3753967285156,23652900,0.0,0.0
2021-09-14 00:00:00-04:00,290.87086854644076,292.64780360023934,289.4532260505468,291.0942077636719,21853400,0.0,0.0
2021-09-15 00:00:00-04:00,294.4635238634247,296.4637682765353,293.0652907314132,295.978271484375,28356300,0.0,0.0
2021-09-16 00:00:00-04:00,294.94902633781703,296.4540545695595,292.0360455287363,296.3666687011719,19550800,0.0,0.0
2021-09-17 00:00:00-04:00,295.3471037635937,295.66751857799704,290.84167973315334,291.17181396484375,41372500,0.0,0.0
2021-09-20 00:00:00-04:00,287.7345129883881,290.05520185574835,281.1220491144486,285.7633972167969,38278700,0.0,0.0
2021-09-21 00:00:00-04:00,287.1131305042579,288.90947478186877,285.5401254460653,286.2489318847656,22364100,0.0,0.0
2021-09-22 00:00:00-04:00,288.1229360686381,291.51169418527275,285.96732913269386,289.91925048828125,26626300,0.0,0.0
2021-09-23 00:00:00-04:00,290.18148287396775,292.1720081725724,288.899764035342,290.8708801269531,18604600,0.0,0.0
2021-09-24 00:00:00-04:00,289.57945349834876,291.1038910429422,288.31714394519224,290.6669616699219,14999000,0.0,0.0
2021-09-27 00:00:00-04:00,287.55006565328637,287.87048051053665,284.44287420766045,285.63720703125,23571700,0.0,0.0
2021-09-28 00:00:00-04:00,281.3939510654787,282.3455355207805,274.5484576093365,275.2961120605469,43186200,0.0,0.0
2021-09-29 00:00:00-04:00,276.83033664890854,278.45187969106695,274.80096317494525,275.7622375488281,26353700,0.0,0.0
2021-09-30 00:00:00-04:00,277.42256752734704,279.48106917638046,273.45120733984913,273.7425231933594,32343600,0.0,0.0
2021-10-01 00:00:00-04:00,273.93668794090405,281.5687124397736,273.13077635513565,280.7142333984375,30086300,0.0,0.0
2021-10-04 00:00:00-04:00,279.0635505147171,279.40340419607827,272.1209523056505,274.8979797363281,31350700,0.0,0.0
2021-10-05 00:00:00-04:00,275.8106934903123,281.97650817908067,275.8106934903123,280.38409423828125,24993000,0.0,0.0
2021-10-06 00:00:00-04:00,277.49057010387935,285.1128763474515,277.2284124803731,284.6079406738281,28002600,0.0,0.0
2021-10-07 00:00:00-04:00,286.61790021974554,288.0355722925851,285.39446836339914,286.2974853515625,20430500,0.0,0.0
2021-10-08 00:00:00-04:00,287.62774191888644,288.0355722925851,285.2391058225794,286.2974853515625,17685700,0.0,0.0
2021-10-11 00:00:00-04:00,284.42343542741787,289.32694085927545,284.2583534904783,285.6954345703125,19298600,0.0,0.0
2021-10-12 00:00:00-04:00,286.7732490189577,286.87035430636377,283.86998760946784,284.3846130371094,17974100,0.0,0.0
2021-10-13 00:00:00-04:00,286.3557028874454,288.65695279146564,284.97687904912493,287.715087890625,23416300,0.0,0.0
2021-10-14 00:00:00-04:00,290.53099699177517,294.47322877603534,289.1910210354,293.96832275390625,27262900,0.0,0.0
2021-10-15 00:00:00-04:00,293.57020251326225,295.6190144253903,291.8029870432012,295.3859558105469,25384800,0.0,0.0
2021-10-18 00:00:00-04:00,294.76455037450006,299.2699455159141,293.9100712186177,298.37664794921875,22729300,0.0,0.0
2021-10-19 00:00:00-04:00,299.4058516370183,300.3282776825518,298.3086242408921,299.2893371582031,17682100,0.0,0.0
2021-10-20 00:00:00-04:00,300.2408487057344,300.7166556023922,297.23076336168526,298.4930725097656,16537100,0.0,0.0
2021-10-21 00:00:00-04:00,298.26010831483455,301.99840985819577,297.47357626035097,301.7459716796875,16918100,0.0,0.0
2021-10-22 00:00:00-04:00,301.39643602561927,302.06642404358996,298.87184650031855,300.1924133300781,17449300,0.0,0.0
2021-10-25 00:00:00-04:00,300.38659453701393,300.42544258178543,297.57071875478204,299.1922912597656,17554500,0.0,0.0
2021-10-26 00:00:00-04:00,301.9790362502908,303.3384214837848,299.6486573311045,301.1148376464844,28107300,0.0,0.0
2021-10-27 00:00:00-04:00,306.8340130703277,316.6410554905065,306.8340130703277,313.7960510253906,52588700,0.0,0.0
2021-10-28 00:00:00-04:00,314.92233362468943,315.44667845305815,312.03848151721985,314.9417724609375,26297900,0.0,0.0
2021-10-29 00:00:00-04:00,314.728152606127,322.36986730991435,314.504813415939,322.0008850097656,34766000,0.0,0.0
2021-11-01 00:00:00-04:00,321.7484299201284,321.87466383121,316.9031812654862,319.816162109375,27073200,0.0,0.0
2021-11-02 00:00:00-04:00,320.72886273334404,323.7777965670248,320.427857116945,323.4670715332031,26487100,0.0,0.0
2021-11-03 00:00:00-04:00,324.21472333692304,325.1857168357652,321.05899446568606,324.31182861328125,21500100,0.0,0.0
2021-11-04 00:00:00-04:00,323.2340758588148,326.77819659570866,319.9521127279951,326.68109130859375,23992200,0.0,0.0
2021-11-05 00:00:00-04:00,328.6910494183782,328.96292643810557,324.7196891937592,326.3121032714844,22570100,0.0,0.0
2021-11-08 00:00:00-05:00,327.51612404867024,327.8559777295639,324.7390966218129,327.2151184082031,20897000,0.0,0.0
2021-11-09 00:00:00-05:00,327.331648801366,328.89496395648536,324.8264982710298,326.205322265625,21307400,0.0,0.0
2021-11-10 00:00:00-05:00,324.8653463513802,324.92360359867104,320.3502318920936,321.2046813964844,25500900,0.0,0.0
2021-11-11 00:00:00-05:00,321.64161873709384,324.08851185575685,320.9230929806138,322.7873840332031,16849800,0.0,0.0
2021-11-12 00:00:00-05:00,324.23417186940327,327.448158076111,324.10793796959894,326.95294189453125,23831000,0.0,0.0
2021-11-15 00:00:00-05:00,327.7491695581291,328.0793038076269,324.34097273197,326.3218078613281,16723000,0.0,0.0
2021-11-16 00:00:00-05:00,325.9431262382948,330.7884044776103,325.7780739195618,329.66204833984375,20886800,0.0,0.0
2021-11-17 00:00:00-05:00,329.7106507204873,332.872153072299,328.79624458842125,329.8857421875,19053400,0.62,0.0
2021-11-18 00:00:00-05:00,328.9714081488524,333.12515576385437,327.94027414614027,331.9772644042969,22463500,0.0,0.0
2021-11-19 00:00:00-05:00,333.30994693317655,335.7029529636877,332.8819257327162,333.7671203613281,21963400,0.0,0.0
2021-11-22 00:00:00-05:00,335.23605452302024,340.1485617416483,330.30410258797383,330.57647705078125,31031100,0.0,0.0
2021-11-23 00:00:00-05:00,327.87213546649167,330.20680734992084,324.4771774711079,328.4849853515625,30427600,0.0,0.0
2021-11-24 00:00:00-05:00,327.12312025923825,328.9519327535902,324.8176599269324,328.708740234375,21661300,0.0,0.0
2021-11-26 00:00:00-05:00,325.24573087514545,328.7282352207839,319.1853616823268,320.702880859375,24217200,0.0,0.0
2021-11-29 00:00:00-05:00,325.8196087405112,329.7982347536724,325.6250428524022,327.4635925292969,28563500,0.0,0.0
2021-11-30 00:00:00-05:00,326.1892561785547,328.58226215914226,320.0316052151952,321.5880432128906,42885600,0.0,0.0
2021-12-01 00:00:00-05:00,326.00442541649005,330.04141511002234,320.4207349352154,321.0919189453125,33337600,0.0,0.0
2021-12-02 00:00:00-05:00,321.3059161713447,324.40905481774183,318.8739911937033,320.5179748535156,30766000,0.0,0.0
2021-12-03 00:00:00-05:00,322.9498712511202,323.64055925798726,309.3700116899887,314.21441650390625,41779300,0.0,0.0
2021-12-06 00:00:00-05:00,315.128835632931,318.5335304412472,310.5373603039669,317.3078308105469,30032600,0.0,0.0
2021-12-07 00:00:00-05:00,322.6094257602038,326.65612244352707,321.1113517932559,325.80010986328125,31021900,0.0,0.0
2021-12-08 00:00:00-05:00,326.17949310701954,326.36432177445636,321.7922910850989,325.8487548828125,24761000,0.0,0.0
2021-12-09 00:00:00-05:00,325.30401993120887,327.3273684732717,323.0763683143852,324.0296936035156,22214200,0.0,0.0
2021-12-10 00:00:00-05:00,325.8585374509906,333.6601429338765,325.67370875782035,333.2126770019531,38095700,0.0,0.0
2021-12-13 00:00:00-05:00,331.40328654019635,334.42861676910195,329.84684855560926,330.15814208984375,28899400,0.0,0.0
2021-12-14 00:00:00-05:00,324.14647619151833,325.52782289057154,315.28452453431606,319.39935302734375,44438700,0.0,0.0
2021-12-15 00:00:00-05:00,319.6619963887744,326.06284083347805,315.663925176168,325.53753662109375,35381100,0.0,0.0
2021-12-16 00:00:00-05:00,326.56865175470983,327.59007820230164,314.2241964404909,316.0530090332031,35034800,0.0,0.0
2021-12-17 00:00:00-05:00,312.1424686589051,316.07246810239036,308.6113085114264,314.9829406738281,47750300,0.0,0.0
2021-12-20 00:00:00-05:00,311.3350249012845,314.0101423864705,308.922574314058,311.1988525390625,28326500,0.0,0.0
2021-12-21 00:00:00-05:00,314.4868493443761,318.80595090017056,311.09186155812125,318.3779296875,24740600,0.0,0.0
2021-12-22 00:00:00-05:00,319.3603867790755,324.52579322794156,316.879835094261,324.1269836425781,24831500,0.0,0.0
2021-12-23 00:00:00-05:00,323.68927005188783,327.23016767632333,323.66982533590135,325.5764465332031,19617800,0.0,0.0
2021-12-27 00:00:00-05:00,326.3254390997636,333.15430398492487,326.29625718515126,333.1251220703125,19947000,0.0,0.0
2021-12-28 00:00:00-05:00,333.8059900535905,334.4480217592238,331.0530642590516,331.9577331542969,15661500,0.0,0.0
2021-12-29 00:00:00-05:00,332.0064086237529,334.9247187951422,330.4305258810565,332.63873291015625,15042000,0.0,0.0
2021-12-30 00:00:00-05:00,332.59982374413966,333.7866044367997,329.5939677400898,330.0803527832031,15994500,0.0,0.0
2021-12-31 00:00:00-05:00,329.29244795777277,330.1192788736192,326.7048756786573,327.1620788574219,18000800,0.0,0.0
2022-01-03 00:00:00-05:00,326.21849472143583,328.79632983161406,320.8001575458787,325.63482666015625,28865100,0.0,0.0
2022-01-04 00:00:00-05:00,325.7125545466594,326.07250437069126,317.23973645782684,320.0510559082031,32674300,0.0,0.0
2022-01-05 00:00:00-05:00,316.98688779863863,317.19119091799774,307.3759430175937,307.7650451660156,40054300,0.0,0.0
2022-01-06 00:00:00-05:00,304.62290557551444,310.0217966395678,303.00810388727007,305.3330383300781,39646100,0.0,0.0
2022-01-07 00:00:00-05:00,305.5957294780859,307.8817452139908,301.64628513715576,305.4887390136719,32720000,0.0,0.0
2022-01-10 00:00:00-05:00,301.0626833710114,306.1502829422008,296.3933976083123,305.7125244140625,44289500,0.0,0.0
2022-01-11 00:00:00-05:00,304.8467294701286,307.98875821098284,301.4517709780265,306.4031677246094,29386800,0.0,0.0
2022-01-12 00:00:00-05:00,310.96538680343946,314.60353696148184,308.44588647775686,309.6034851074219,34372200,0.0,0.0
2022-01-13 00:00:00-05:00,311.7436252200972,312.14246451080345,295.7221009951654,296.50030517578125,45366000,0.0,0.0
2022-01-14 00:00:00-05:00,295.96527201569677,302.35637803001896,295.47888701649265,301.7532653808594,39846400,0.0,0.0
2022-01-18 00:00:00-05:00,295.790159839725,301.36411254109385,293.5235892775738,294.4088134765625,42333200,0.0,0.0
2022-01-19 00:00:00-05:00,297.9497330886086,305.36223577548463,294.4574923336944,295.0703125,45933900,0.0,0.0
2022-01-20 00:00:00-05:00,300.6540445871307,303.1637782382463,292.9399852639337,293.387451171875,35380700,0.0,0.0
2022-01-21 00:00:00-05:00,294.44776829500927,295.82908513910786,287.56053972855347,287.9691162109375,57984400,0.0,0.0
2022-01-24 00:00:00-05:00,284.24346117552335,289.01973668057565,268.53319886975106,288.2998962402344,85731500,0.0,0.0
2022-01-25 00:00:00-05:00,283.5819529147249,286.95746663545754,277.40488600513294,280.63446044921875,72848600,0.0,0.0
2022-01-26 00:00:00-05:00,299.60346104770645,300.09958331074847,285.05082830215923,288.630615234375,90428900,0.0,0.0
2022-01-27 00:00:00-05:00,294.4185725358936,298.932209910728,289.8173597366347,291.67535400390625,53481300,0.0,0.0
2022-01-28 00:00:00-05:00,292.0547469763375,300.0800994540567,286.432137579411,299.8660888671875,49743700,0.0,0.0
2022-01-31 00:00:00-05:00,300.5373020221314,303.87389598233557,298.02753880893874,302.51202392578125,46444500,0.0,0.0
2022-02-01 00:00:00-05:00,301.9575426078095,302.17155319764396,296.82131813836816,300.35247802734375,40950400,0.0,0.0
2022-02-02 00:00:00-05:00,301.1987730404669,306.539270720024,300.4691955569609,304.9244689941406,36636000,0.0,0.0
2022-02-03 00:00:00-05:00,301.0626446685108,302.7552850313361,291.7921456969285,293.0470275878906,43730000,0.0,0.0
2022-02-04 00:00:00-05:00,292.03524025728944,300.3913300469276,291.80178498348124,297.6092224121094,35096500,0.0,0.0
2022-02-07 00:00:00-05:00,297.83298725575605,299.4574964401452,291.73370069846914,292.755126953125,28533300,0.0,0.0
2022-02-08 00:00:00-05:00,293.04700938052804,297.2396463763231,291.7824200528577,296.2668762207031,32421200,0.0,0.0
2022-02-09 00:00:00-05:00,301.4322704184702,303.43617447800517,299.0198195356215,302.73577880859375,31284700,0.0,0.0
2022-02-10 00:00:00-05:00,295.76104223219227,300.70270149055546,292.5119935208932,294.146240234375,45386200,0.0,0.0
2022-02-11 00:00:00-05:00,294.9341740286448,296.00422709422884,286.2084248952271,287.006103515625,39175600,0.0,0.0
2022-02-14 00:00:00-05:00,285.77070602487333,288.6793092630172,283.41661864132067,286.96722412109375,36359500,0.0,0.0
2022-02-15 00:00:00-05:00,291.8408030542407,292.6092701533062,288.9321999110304,292.28826904296875,27058300,0.0,0.0
2022-02-16 00:00:00-05:00,290.8455441746245,293.2824978641233,286.27381667328723,291.9470520019531,29982100,0.62,0.0
2022-02-17 00:00:00-05:00,288.88621849493984,289.31512471612086,282.6866227036371,283.3982238769531,32461600,0.0,0.0
2022-02-18 00:00:00-05:00,285.65969963957934,286.44927025529336,279.0896820107594,280.6688232421875,34264000,0.0,0.0
2022-02-22 00:00:00-05:00,277.812704676035,284.1877834917161,277.32531396607703,280.464111328125,41736100,0.0,0.0
2022-02-23 00:00:00-05:00,282.86211552379876,284.34380258389615,273.0363301552388,273.2020263671875,37811200,0.0,0.0
2022-02-24 00:00:00-05:00,265.6376972494891,287.71649070941305,264.67264340429557,287.1608581542969,56989700,0.0,0.0
2022-02-25 00:00:00-05:00,287.696996878739,290.1241930471081,284.2949895617122,289.812255859375,32546700,0.0,0.0
2022-02-28 00:00:00-05:00,286.8879124512108,291.5961232884355,285.6109511926103,291.25494384765625,34627500,0.0,0.0
2022-03-01 00:00:00-05:00,288.9251949366631,292.4051716010198,284.7823740737529,287.51177978515625,31217800,0.0,0.0
2022-03-02 00:00:00-05:00,287.9114181165959,293.86734790006096,286.2933071815327,292.61962890625,31873000,0.0,0.0
2022-03-03 00:00:00-05:00,295.25156424335825,295.4855022692935,286.63447014714023,288.45733642578125,27314500,0.0,0.0
2022-03-04 00:00:00-05:00,286.8684138832805,288.2038595827067,279.92797538105896,282.55010986328125,32356500,0.0,0.0
2022-03-07 00:00:00-05:00,281.2536424038137,282.38439226188854,271.5058295734761,271.8762512207031,43157200,0.0,0.0
2022-03-08 00:00:00-05:00,270.7942690725029,276.79892624479913,263.1909858256169,268.8934631347656,48159500,0.0,0.0
2022-03-09 00:00:00-05:00,276.2920648815301,282.29672236396794,273.6991425767522,281.2244567871094,35204500,0.0,0.0
2022-03-10 00:00:00-05:00,275.8826220369622,279.37235611943896,273.5041530332084,278.3878173828125,30628000,0.0,0.0
2022-03-11 00:00:00-05:00,280.69809115784795,282.20902043254233,272.38320559743175,273.007080078125,27209300,0.0,0.0
2022-03-14 00:00:00-04:00,273.2702392726219,278.2026312310251,268.8642376481267,269.4685974121094,30660700,0.0,0.0
2022-03-15 00:00:00-04:00,273.27997605054975,280.56159442132866,271.7008349155803,279.9084777832031,34245100,0.0,0.0
2022-03-16 00:00:00-04:00,281.81906746317213,287.1413959147173,276.0581349298359,286.9659423828125,37826300,0.0,0.0
2022-03-17 00:00:00-04:00,285.8936727522642,288.155143210263,282.0725162060414,287.7749938964844,30816600,0.0,0.0
2022-03-18 00:00:00-04:00,287.92127503541707,293.40930093890086,285.34786673533324,292.8536682128906,43390600,0.0,0.0
2022-03-21 00:00:00-04:00,291.3524508132056,292.57092766310933,287.4630524796933,291.6156311035156,28351200,0.0,0.0
2022-03-22 00:00:00-04:00,292.2394505433956,297.3083257004259,291.23542689570303,296.39202880859375,27599700,0.0,0.0
2022-03-23 00:00:00-04:00,292.9316131142483,295.583020120207,290.2119642602753,291.93731689453125,25715400,0.0,0.0
2022-03-24 00:00:00-04:00,291.5961228493457,296.528514363223,290.79679496025915,296.4310302734375,24484500,0.0,0.0
2022-03-25 00:00:00-04:00,297.53256612739574,297.7957464215104,291.74236167311045,296.0216369628906,22566500,0.0,0.0
2022-03-28 00:00:00-04:00,296.6552707705214,302.96210890248284,296.6552707705214,302.8646545410156,29578200,0.0,0.0
2022-03-29 00:00:00-04:00,305.9936384202282,307.85547449791466,301.25618526094905,307.455810546875,30393400,0.0,0.0
2022-03-30 00:00:00-04:00,305.84740040145147,307.9821738994421,303.72235448816923,305.9448547363281,28163600,0.0,0.0
2022-03-31 00:00:00-04:00,305.98390660172134,307.1926558891614,300.12549002106,300.5348815917969,33422100,0.0,0.0
2022-04-01 00:00:00-04:00,301.56812540407276,302.3089688081705,297.83472562662047,301.61688232421875,27110500,0.0,0.0
2022-04-04 00:00:00-04:00,302.26994819237575,307.1633399077133,301.8995265160975,307.0268859863281,24289600,0.0,0.0
2022-04-05 00:00:00-04:00,305.3697818354029,306.92943814434017,302.05553077139234,303.0400695800781,23156700,0.0,0.0
2022-04-06 00:00:00-04:00,297.4935609790899,299.25791307044943,289.2274033550409,291.9470520019531,40110400,0.0,0.0
2022-04-07 00:00:00-04:00,289.1786548602699,295.992367354406,288.87647500488833,293.7698669433594,31411200,0.0,0.0
2022-04-08 00:00:00-04:00,292.8633584995333,293.52620278513484,288.80826385848826,289.4808654785156,24361900,0.0,0.0
2022-04-11 00:00:00-04:00,284.4314837001225,285.2307818696367,277.81270941652224,278.066162109375,34569300,0.0,0.0
2022-04-12 00:00:00-04:00,281.9457616678411,283.4079337629206,273.4164244465442,274.94683837890625,30966700,0.0,0.0
2022-04-13 00:00:00-04:00,275.6000023217637,281.3024506732569,274.2060420766694,280.3666687011719,21907200,0.0,0.0
2022-04-14 00:00:00-04:00,280.82483816317216,281.0392913131774,272.2760139180962,272.77313232421875,28221600,0.0,0.0
2022-04-18 00:00:00-04:00,271.87632521472943,275.33678781211535,271.32069259266757,273.4457092285156,20778000,0.0,0.0
2022-04-19 00:00:00-04:00,272.3344734724712,278.9532485087538,271.3889341815737,278.10516357421875,22297700,0.0,0.0
2022-04-20 00:00:00-04:00,282.101771947732,282.39422425874454,278.17340352836885,279.138427734375,22906700,0.0,0.0
2022-04-21 00:00:00-04:00,281.3023724572072,285.90334135028814,272.9972465497491,273.72833251953125,29454600,0.0,0.0
2022-04-22 00:00:00-04:00,274.57642624284045,276.0581130561113,266.48575226772533,267.1193542480469,29405800,0.0,0.0
2022-04-25 00:00:00-04:00,266.3980066233075,274.02077426205614,263.941538553541,273.640625,35678900,0.0,0.0
2022-04-26 00:00:00-04:00,270.5018332908129,271.340130999645,263.1909729316017,263.4054260253906,46518400,0.0,0.0
2022-04-27 00:00:00-04:00,274.98594691669126,283.6322565716836,272.1200860950122,276.07769775390625,63477700,0.0,0.0
2022-04-28 00:00:00-04:00,277.9979262014816,283.6419191689695,274.36198065629725,282.3259582519531,33646600,0.0,0.0
2022-04-29 00:00:00-04:00,281.3316542777626,282.5696457327582,269.52706543762076,270.5213317871094,37073900,0.0,0.0
2022-05-02 00:00:00-04:00,270.7065493914021,277.75423001648835,269.25413454359216,277.29608154296875,35151100,0.0,0.0
2022-05-03 00:00:00-04:00,276.7989361292909,276.96466206724233,273.0850211320763,274.6739196777344,25978600,0.0,0.0
2022-05-04 00:00:00-04:00,275.4634656066809,283.5444115470414,269.75126101959535,282.6671142578125,33599300,0.0,0.0
2022-05-05 00:00:00-04:00,278.3392088844396,279.1287797778713,267.42164061410483,270.3557434082031,43260400,0.0,0.0
2022-05-06 00:00:00-04:00,267.8797272508487,272.2077599045494,264.4289920814444,267.8017578125,37780300,0.0,0.0
2022-05-09 00:00:00-04:00,263.2494978241472,265.4914834457657,256.67947982600253,257.9076843261719,47726000,0.0,0.0
2022-05-10 00:00:00-04:00,264.83835637264633,266.84640364213425,258.38530837575144,262.7035827636719,39336400,0.0,0.0
2022-05-11 00:00:00-04:00,258.97997407791445,264.5167265488907,252.76086257265294,253.97933959960938,48975900,0.0,0.0
2022-05-12 00:00:00-04:00,251.19146195961426,253.32623595061162,243.71488919764607,248.9104766845703,51033800,0.0,0.0
2022-05-13 00:00:00-04:00,250.86002705080753,256.4065362115502,248.9104640346722,254.53494262695312,34925100,0.0,0.0
2022-05-16 00:00:00-04:00,253.40414762788097,259.1163817224187,249.32956878531252,254.9053192138672,32550900,0.0,0.0
2022-05-17 00:00:00-04:00,259.399100730676,261.5631169343919,255.8411540674959,260.0912170410156,28828800,0.0,0.0
2022-05-18 00:00:00-04:00,256.96461327816115,257.5508502985202,246.96937793228923,248.2493133544922,31356000,0.62,0.0
2022-05-19 00:00:00-04:00,248.07347143525826,251.75697618113554,246.09983733156085,247.33091735839844,32692300,0.0,0.0
2022-05-20 00:00:00-04:00,251.3368013062836,252.6069865660278,240.78465354901417,246.7642059326172,39199300,0.0,0.0
2022-05-23 00:00:00-04:00,249.62697256957765,255.49904858681893,247.61423331558927,254.66854858398438,33175400,0.0,0.0
2022-05-24 00:00:00-04:00,251.97193543806088,255.33296663068452,247.6826631718346,253.66221618652344,29043900,0.0,0.0
2022-05-25 00:00:00-04:00,252.21614400385604,258.508329616122,251.22931223025788,256.49560546875,28547900,0.0,0.0
2022-05-26 00:00:00-04:00,256.25142261643816,260.98035081637096,255.43070249750053,259.7981262207031,25002100,0.0,0.0
2022-05-27 00:00:00-04:00,262.3188585448169,267.06731562839224,261.41995783588675,266.9696044921875,26910800,0.0,0.0
2022-05-31 00:00:00-04:00,266.2759307760197,268.4645173068934,262.75853826764757,265.6310729980469,37827700,0.0,0.0
2022-06-01 00:00:00-04:00,268.8846597665916,271.31750913902687,263.843069041527,266.16845703125,25292200,0.0,0.0
2022-06-02 00:00:00-04:00,258.3813599596805,268.34727041092106,255.59675637137263,268.27886962890625,44008200,0.0,0.0
2022-06-03 00:00:00-04:00,264.1068702171186,267.17482718772595,262.25047775674227,263.8235168457031,28059000,0.0,0.0
2022-06-06 00:00:00-04:00,265.81671120246483,267.8880562545602,261.0877840528828,262.5826721191406,22400300,0.0,0.0
2022-06-07 00:00:00-04:00,260.52110337657393,266.8621599467659,259.8371551972532,266.2466125488281,22860700,0.0,0.0
2022-06-08 00:00:00-04:00,265.4747453002484,266.7351505141469,263.4229304866885,264.20458984375,17372300,0.0,0.0
2022-06-09 00:00:00-04:00,261.6349682995289,266.45182722597934,258.5572606402289,258.7135925292969,26439700,0.0,0.0
2022-06-10 00:00:00-04:00,254.60014614141426,254.60014614141426,246.73489104071965,247.18434143066406,31422800,0.0,0.0
2022-06-13 00:00:00-04:00,239.48514965297508,243.30542548762986,235.98730267760425,236.70054626464844,46135800,0.0,0.0
2022-06-14 00:00:00-04:00,238.26386235992007,240.10072459035263,235.96778457187938,238.87940979003906,28651500,0.0,0.0
2022-06-15 00:00:00-04:00,242.61173342919113,249.44133097278552,240.76510609798785,245.98255920410156,33111700,0.0,0.0
2022-06-16 00:00:00-04:00,240.33522097758944,241.7421780918866,237.44315571698203,239.34840393066406,33169200,0.0,0.0
2022-06-17 00:00:00-04:00,239.08458840742492,244.75149220671116,238.42996544684556,241.96688842773438,43084800,0.0,0.0
2022-06-21 00:00:00-04:00,244.51696346314722,248.90393114963194,243.78417465701486,247.9171142578125,29928300,0.0,0.0
2022-06-22 00:00:00-04:00,246.10957164458284,251.26841874585492,244.62444876832834,247.3211212158203,25939900,0.0,0.0
2022-06-23 00:00:00-04:00,249.7051527842737,253.41793795165793,247.809669777073,252.9196319580078,25861400,0.0,0.0
2022-06-24 00:00:00-04:00,255.80194348120352,261.8303665392892,255.7140123924243,261.5567932128906,33923200,0.0,0.0
2022-06-27 00:00:00-04:00,262.0550687832511,262.1429998718292,257.238210310739,258.811279296875,24615100,0.0,0.0
2022-06-28 00:00:00-04:00,257.922189071422,260.7849441795725,250.4379674235614,250.59429931640625,27295500,0.0,0.0
2022-06-29 00:00:00-04:00,251.67877983050323,255.9582716594945,249.890773174673,254.2875213623047,20069800,0.0,0.0
2022-06-30 00:00:00-04:00,251.1511555936145,253.57425481431093,247.09639654943996,250.9362030029297,31730900,0.0,0.0
2022-07-01 00:00:00-04:00,250.50629470450627,253.8087043384855,248.76712899708065,253.62306213378906,22837700,0.0,0.0
2022-07-05 00:00:00-04:00,250.28157571455267,256.9450756953764,248.89416404155705,256.81805419921875,22941000,0.0,0.0
2022-07-06 00:00:00-04:00,257.6974130616981,261.8401031652253,256.3783871640925,260.1009521484375,23824400,0.0,0.0
2022-07-07 00:00:00-04:00,259.03596348868336,262.88554989240333,258.9382523471021,262.2406921386719,20859900,0.0,0.0
2022-07-08 00:00:00-04:00,258.71356617323374,261.9476053921388,257.2479884069412,261.5177001953125,19658800,0.0,0.0
2022-07-11 00:00:00-04:00,259.55385672925706,260.4136672563507,256.1634851110304,258.4400329589844,19455200,0.0,0.0
2022-07-12 00:00:00-04:00,259.7785172195732,259.8371379376492,246.25611002512542,247.8487091064453,35868500,0.0,0.0
2022-07-13 00:00:00-04:00,244.44860746990463,247.73150231895372,242.41633781014775,246.92054748535156,29497400,0.0,0.0
2022-07-14 00:00:00-04:00,244.81986703868395,249.28498583631665,240.29611261211394,248.2493133544922,25102800,0.0,0.0
2022-07-15 00:00:00-04:00,249.85171396560196,254.39499935360527,248.923517638966,250.82876586914062,29774100,0.0,0.0
2022-07-18 00:00:00-04:00,253.78922102936602,254.85420398035012,247.48723950429894,248.41543579101562,20975000,0.0,0.0
2022-07-19 00:00:00-04:00,251.66900149881295,253.75990676258039,247.85850526096056,253.5742645263672,25012600,0.0,0.0
2022-07-20 00:00:00-04:00,253.93576521951553,258.7917140181286,252.96849344718146,256.2513732910156,22788300,0.0,0.0
2022-07-21 00:00:00-04:00,253.82829056890776,258.81126061612775,251.13161811146432,258.76239013671875,22404700,0.0,0.0
2022-07-22 00:00:00-04:00,259.1532259806783,259.2411570700672,253.12483269805247,254.3852081298828,21881300,0.0,0.0
2022-07-25 00:00:00-04:00,255.01053548017936,255.49906141021802,250.9166858010749,252.89031982421875,21056000,0.0,0.0
2022-07-26 00:00:00-04:00,253.89667859982464,253.91623871980474,243.8428365645717,246.11935424804688,39348000,0.0,0.0
2022-07-27 00:00:00-04:00,255.1668665380829,263.85284204135934,252.9098791339182,262.5729064941406,45994000,0.0,0.0
2022-07-28 00:00:00-04:00,263.5597854594744,271.4641328151088,261.72292286975494,270.06695556640625,33459300,0.0,0.0
2022-07-29 00:00:00-04:00,271.3273602064672,275.5286720015723,270.2819073799638,274.2975769042969,32152800,0.0,0.0
2022-08-01 00:00:00-04:00,271.4445457557554,274.8251367286238,269.5099724039233,271.63018798828125,21539600,0.0,0.0
2022-08-02 00:00:00-04:00,269.66631124641907,271.5129535596286,266.12938831170163,268.5133972167969,22754200,0.0,0.0
2022-08-03 00:00:00-04:00,270.4088660501321,276.99418564890556,270.26228442614376,275.9878234863281,23518900,0.0,0.0
2022-08-04 00:00:00-04:00,275.3331648933384,277.2872683484146,273.7405956239433,277.1407165527344,18098700,0.0,0.0
2022-08-05 00:00:00-04:00,272.74403046110217,277.14076398755924,272.28481487787076,276.4177551269531,16774600,0.0,0.0
2022-08-08 00:00:00-04:00,277.5315607614773,279.3586727325531,272.91012468234504,273.8871765136719,18739200,0.0,0.0
2022-08-09 00:00:00-04:00,273.2227847117655,276.5838155339825,271.23934089655916,275.82171630859375,23405200,0.0,0.0
2022-08-10 00:00:00-04:00,281.5570506992945,283.15940026226946,280.35526616412074,282.5243225097656,24687800,0.0,0.0
2022-08-11 00:00:00-04:00,284.175504994771,284.52722930944947,279.9351040144919,280.4333801269531,20065900,0.0,0.0
2022-08-12 00:00:00-04:00,281.85993143304614,285.2112121582031,280.35526321914153,285.2112121582031,22619700,0.0,0.0
2022-08-15 00:00:00-04:00,284.32209329350565,287.42911107438584,283.4525028196031,286.73541259765625,18085700,0.0,0.0
2022-08-16 00:00:00-04:00,285.28938031228677,287.29235463676724,283.7554314604386,285.99285888671875,18102900,0.0,0.0
2022-08-17 00:00:00-04:00,283.6918866931279,287.22654620657715,283.4275334962736,285.2389221191406,18253400,0.62,0.0
2022-08-18 00:00:00-04:00,284.13248679589566,285.81658418043264,283.04564174048915,284.1129150390625,17186200,0.0,0.0
2022-08-19 00:00:00-04:00,282.8694145780961,283.21211455626116,279.5991382584274,280.17681884765625,20570000,0.0,0.0
2022-08-22 00:00:00-04:00,276.1917493413098,276.5638218680338,271.4332130398437,271.9521484375,25061100,0.0,0.0
2022-08-23 00:00:00-04:00,270.6695556640625,273.0390235168399,269.65125640109494,270.6695556640625,17527400,0.0,0.0
2022-08-24 00:00:00-04:00,269.6610085134701,271.4430244316459,269.3672528796194,270.0330810546875,18137000,0.0,0.0
2022-08-25 00:00:00-04:00,271.54091514615766,273.195639956881,268.78957434075147,273.0292053222656,16583400,0.0,0.0
2022-08-26 00:00:00-04:00,273.2543550280399,274.48806282652345,262.38608494240646,262.4937744140625,27549300,0.0,0.0
2022-08-29 00:00:00-04:00,260.3005650968234,261.8181979316552,258.342313758695,259.6935119628906,20338500,0.0,0.0
2022-08-30 00:00:00-04:00,261.1034593568575,261.47550201720145,255.2189044329555,257.4806823730469,22767100,0.0,0.0
2022-08-31 00:00:00-04:00,259.85021020629233,261.53427789568053,255.87493197122282,256.01202392578125,24791800,0.0,0.0
2022-09-01 00:00:00-04:00,253.46623349507178,255.44408628539085,250.07846736309196,254.96429443359375,23263400,0.0,0.0
2022-09-02 00:00:00-04:00,256.23721883460826,259.21373957862966,249.15812895739882,250.71493530273438,22855400,0.0,0.0
2022-09-06 00:00:00-04:00,250.85200996486964,252.44795971595647,246.6809250263043,247.9635772705078,21328200,0.0,0.0
2022-09-07 00:00:00-04:00,249.38329462378468,253.4270733106384,247.93419287668956,252.70252990722656,24126700,0.0,0.0
2022-09-08 00:00:00-04:00,252.1346994321278,254.99373009299137,249.4714610666313,253.12359619140625,20319900,0.0,0.0
2022-09-09 00:00:00-04:00,255.06227583640336,259.6935517170331,254.85666778097755,258.9396057128906,22084700,0.0,0.0
2022-09-12 00:00:00-04:00,260.2320277253486,261.867180794142,259.62497457136203,261.0838623046875,18747700,0.0,0.0
2022-09-13 00:00:00-04:00,253.43689095320934,254.96432464482666,246.33822967440065,246.72988891601562,33353300,0.0,0.0
2022-09-14 00:00:00-04:00,248.23774570259533,248.92313072711704,244.64435605806372,246.95509338378906,23913000,0.0,0.0
2022-09-15 00:00:00-04:00,244.55623484084325,246.15219960227225,238.92626196066945,240.25787353515625,31530900,0.0,0.0
2022-09-16 00:00:00-04:00,239.16124972888457,240.17954887293567,237.00717607223177,239.63124084472656,39791800,0.0,0.0
2022-09-19 00:00:00-04:00,237.4086217444272,240.02288570350754,235.8224428106707,239.41583251953125,26826900,0.0,0.0
2022-09-20 00:00:00-04:00,237.01694998589443,238.42687835254904,234.63766692038863,237.38900756835938,26660300,0.0,0.0
2022-09-21 00:00:00-04:00,239.17103777962444,242.49027328915574,233.9131226363591,233.9620819091797,28625600,0.0,0.0
2022-09-22 00:00:00-04:00,232.90462550627097,238.76959382847815,232.61089974845348,235.94970703125,31061200,0.0,0.0
2022-09-23 00:00:00-04:00,234.53976160325183,236.09658280757657,230.29035968717196,232.95358276367188,34176000,0.0,0.0
2022-09-26 00:00:00-04:00,232.10176387611173,236.40991123435145,231.95488604827668,232.493408203125,27694200,0.0,0.0
2022-09-27 00:00:00-04:00,234.97059942345413,236.7526155062125,229.6049943569396,231.47512817382812,27018700,0.0,0.0
2022-09-28 00:00:00-04:00,231.86678669381607,237.27156548857522,229.83020316332315,236.03787231445312,29029700,0.0,0.0
2022-09-29 00:00:00-04:00,233.90335789912527,234.94122883953057,229.5168785708888,232.54237365722656,27484200,0.0,0.0
2022-09-30 00:00:00-04:00,233.31587853761883,235.51891157089977,227.87194152137735,228.03839111328125,35694800,0.0,0.0
2022-10-03 00:00:00-04:00,230.49599493124364,236.56657155468633,229.76165062340124,235.71473693847656,28880400,0.0,0.0
2022-10-04 00:00:00-04:00,239.9739045740591,245.13390098876755,239.86620015378074,243.68479919433594,34888400,0.0,0.0
2022-10-05 00:00:00-04:00,240.85513801638095,245.34932142534083,239.00459102796964,243.9981231689453,20347100,0.0,0.0
2022-10-06 00:00:00-04:00,242.75464577699583,245.11434247606232,240.94327206074857,241.63844299316406,20239900,0.0,0.0
2022-10-07 00:00:00-04:00,235.8713841468346,236.28263010395378,228.30274638054547,229.3504180908203,37769600,0.0,0.0
2022-10-10 00:00:00-04:00,228.1852652907987,229.66373983539455,221.99718320956242,224.46458435058594,29743600,0.0,0.0
2022-10-11 00:00:00-04:00,222.86858659888884,224.27852999445886,219.43186077739125,220.70472717285156,30474000,0.0,0.0
2022-10-12 00:00:00-04:00,220.69492820055035,223.10358401151333,219.28499973345657,221.03762817382812,21903900,0.0,0.0
2022-10-13 00:00:00-04:00,215.26079932824376,231.17159255986616,214.55582760214386,229.3504180908203,42551800,0.0,0.0
2022-10-14 00:00:00-04:00,230.62326425216398,232.2877899192671,223.57356209482342,223.78897094726562,30198600,0.0,0.0
2022-10-17 00:00:00-04:00,230.89743494920083,233.9718891188807,230.2316216892533,232.5717315673828,28142300,0.0,0.0
2022-10-18 00:00:00-04:00,238.16254566937874,238.83812986679797,230.45681608847852,233.521484375,26329600,0.0,0.0
2022-10-19 00:00:00-04:00,232.0919634303183,234.60832380326266,229.3993675920163,231.5436553955078,19985700,0.0,0.0
2022-10-20 00:00:00-04:00,230.84846242588492,236.27281204109534,229.96724036243702,231.22052001953125,21811000,0.0,0.0
2022-10-21 00:00:00-04:00,229.83998021019283,237.92755339567935,229.60498465550126,237.06591796875,26299700,0.0,0.0
2022-10-24 00:00:00-04:00,238.67166745134122,242.66650196958307,236.26302667463216,242.0888214111328,24911200,0.0,0.0
2022-10-25 00:00:00-04:00,242.0986216482708,245.7997156975737,240.6984790313292,245.4276580810547,34775500,0.0,0.0
2022-10-26 00:00:00-04:00,226.34450095549056,233.32567243013398,225.2576707603945,226.4913787841797,82543200,0.0,0.0
2022-10-27 00:00:00-04:00,226.21719686136822,228.8118889501119,221.06700101900176,222.01675415039062,40424600,0.0,0.0
2022-10-28 00:00:00-04:00,221.51738074510442,231.66112254143363,221.33134449097798,230.94635009765625,40647700,0.0,0.0
2022-10-31 00:00:00-04:00,228.88043444903704,230.01622392707068,226.32491559359812,227.2844696044922,28357300,0.0,0.0
2022-11-01 00:00:00-04:00,229.70290606892462,230.81910882214837,222.58465770971134,223.40711975097656,30592300,0.0,0.0
2022-11-02 00:00:00-04:00,224.67020238397998,226.47179018805932,215.44682462164948,215.50558471679688,38407000,0.0,0.0
2022-11-03 00:00:00-04:00,215.4957542224193,215.8090815922982,209.51329608376886,209.7776641845703,36633900,0.0,0.0
2022-11-04 00:00:00-04:00,213.00880699714827,216.96446839951057,208.97479880274778,216.76864624023438,36789100,0.0,0.0
2022-11-07 00:00:00-05:00,217.35613859957564,223.642124352485,216.66095271783695,223.11338806152344,33498000,0.0,0.0
2022-11-08 00:00:00-05:00,223.9260339522567,226.81445164183205,221.12573398582512,224.0924835205078,28192500,0.0,0.0
2022-11-09 00:00:00-05:00,222.62381708948223,223.85752509677178,219.64728138196077,219.82351684570312,27852900,0.0,0.0
2022-11-10 00:00:00-05:00,230.515571727907,238.2506742370908,230.0945548202056,237.90797424316406,46268000,0.0,0.0
2022-11-11 00:00:00-05:00,237.91775861613573,242.81338710367922,236.87987282694763,241.95175170898438,34620200,0.0,0.0
2022-11-14 00:00:00-05:00,236.93861490580625,238.81853430927285,234.21664686888647,236.50779724121094,31123300,0.0,0.0
2022-11-15 00:00:00-05:00,240.5320439197712,241.84406888595643,235.01956096953973,236.9190673828125,31390100,0.0,0.0
2022-11-16 00:00:00-05:00,238.39190064911014,239.38361428789156,236.0648375240266,237.35110473632812,24093300,0.68,0.0
2022-11-17 00:00:00-05:00,233.47261072508567,238.84352279600523,233.32533397016593,237.3019561767578,23123500,0.0,0.0
2022-11-18 00:00:00-05:00,239.09880603195285,239.32465036461224,234.69996551761506,236.8502960205078,27613500,0.0,0.0
2022-11-21 00:00:00-05:00,237.05651949394007,240.23783270543555,236.82087665171096,237.66529846191406,26394700,0.0,0.0
2022-11-22 00:00:00-05:00,239.17740679970967,240.86625050365825,236.34958767642965,240.59132385253906,19665700,0.0,0.0
2022-11-23 00:00:00-05:00,240.66986581127168,243.78243988838923,239.84508589442336,243.09512329101562,19508500,0.0,0.0
2022-11-25 00:00:00-05:00,242.82999727913526,244.19481694408375,242.26050213358,243.00674438476562,9200800,0.0,0.0
2022-11-28 00:00:00-05:00,241.62228980968135,242.18195653187612,236.4379376244034,237.3805389404297,24778200,0.0,0.0
2022-11-29 00:00:00-05:00,237.02703433595315,238.39185389431003,233.89483375358824,235.97642517089844,17956300,0.0,0.0
2022-11-30 00:00:00-05:00,236.21210017721677,250.70471852080405,235.51495518026599,250.51815795898438,47594200,0.0,0.0
2022-12-01 00:00:00-05:00,249.2711258412189,251.48036696435298,246.37456825402924,250.07627868652344,26041500,0.0,0.0
2022-12-02 00:00:00-05:00,245.29454527511953,251.42149877038435,245.16689541650894,250.4003448486328,21528500,0.0,0.0
2022-12-05 00:00:00-05:00,247.4448425749525,249.22206707564106,243.56639967850296,245.66763305664062,23435300,0.0,0.0
2022-12-06 00:00:00-05:00,246.2764137142749,247.29756756690452,239.3639346203721,240.67965698242188,22463700,0.0,0.0
2022-12-07 00:00:00-05:00,240.39491100568443,241.70081987887235,237.82237705020034,239.9432373046875,20481500,0.0,0.0
2022-12-08 00:00:00-05:00,240.40475714406708,244.2341182282718,238.6570027711947,242.9183807373047,22611800,0.0,0.0
2022-12-09 00:00:00-05:00,240.26726946853532,243.81187510910007,239.73705813217018,240.97422790527344,20609700,0.0,0.0
2022-12-12 00:00:00-05:00,242.9674849170777,247.9652768900277,242.69255826512935,247.93582153320312,30665100,0.0,0.0
2022-12-13 00:00:00-05:00,256.9494801774457,259.139094447694,248.4856365310329,252.26589965820312,42196900,0.0,0.0
2022-12-14 00:00:00-05:00,252.47211977688755,257.83320401618323,249.70319661190592,252.56048583984375,35410900,0.0,0.0
2022-12-15 00:00:00-05:00,249.12389201647076,249.5951926755457,242.8594602024895,244.49920654296875,35560400,0.0,0.0
2022-12-16 00:00:00-05:00,244.04752303949846,245.31414811434402,239.0988141825931,240.2574462890625,86102000,0.0,0.0
2022-12-19 00:00:00-05:00,240.42435459914438,240.76802033194576,234.38576802042482,236.09423828125,29696400,0.0,0.0
2022-12-20 00:00:00-05:00,235.06326677746307,238.50969277146442,234.101023657094,237.4197998046875,25150800,0.0,0.0
2022-12-21 00:00:00-05:00,237.311811174577,241.17061240909877,235.76043092550097,240.00216674804688,23690600,0.0,0.0
2022-12-22 00:00:00-05:00,236.88957762417527,237.60636448544406,229.6334478309404,233.8751983642578,28651700,0.0,0.0
2022-12-23 00:00:00-05:00,231.83287676315888,234.54287407253264,229.70218803003908,234.40541076660156,21207000,0.0,0.0
2022-12-27 00:00:00-05:00,234.37593544059766,234.60176478487284,231.55793041797244,232.66746520996094,16688600,0.0,0.0
2022-12-28 00:00:00-05:00,232.5987434032064,235.37747982698158,229.92801493167607,230.281494140625,17457100,0.0,0.0
2022-12-29 00:00:00-05:00,231.38119968123485,237.53762297062295,231.38119968123485,236.64410400390625,19770700,0.0,0.0
2022-12-30 00:00:00-05:00,233.89482682014858,235.61312552884607,232.37290211025564,235.4756622314453,21938500,0.0,0.0
2023-01-03 00:00:00-05:00,238.67660292589414,241.29823402669174,233.09948844422817,235.24000549316406,25740000,0.0,0.0
2023-01-04 00:00:00-05:00,228.07226219993836,228.6515707937887,221.86675636636124,224.9498748779297,50623400,0.0,0.0
2023-01-05 00:00:00-05:00,223.0842848228225,223.42795059014287,217.74282764687024,218.28286743164062,39585600,0.0,0.0
2023-01-06 00:00:00-05:00,218.9603615409851,221.67035882828523,215.37648717687478,220.8553924560547,43613600,0.0,0.0
2023-01-09 00:00:00-05:00,222.34787609092098,227.05111407181693,222.30860727948638,223.0057373046875,27369800,0.0,0.0
2023-01-10 00:00:00-05:00,223.63414061358225,227.11983564696362,223.21193722037137,224.70440673828125,27033900,0.0,0.0
2023-01-11 00:00:00-05:00,227.10019792483945,231.67578608133306,226.92346579858452,231.49905395507812,28669300,0.0,0.0
2023-01-12 00:00:00-05:00,230.99828080713587,235.55422702400872,229.32907915113603,234.1894073486328,27269500,0.0,0.0
2023-01-13 00:00:00-05:00,232.7067627824332,235.0338256158968,230.6644400284827,234.8963623046875,21333300,0.0,0.0
2023-01-17 00:00:00-05:00,233.65921748599973,236.54596231241507,232.79515373322812,235.99610900878906,29831300,0.0,0.0
2023-01-18 00:00:00-05:00,237.1939511203913,237.98927552116785,231.2535442626357,231.5382843017578,30028700,0.0,0.0
2023-01-19 00:00:00-05:00,229.5450852501205,231.25357062675482,226.50123560933417,227.7285919189453,28623000,0.0,0.0
2023-01-20 00:00:00-05:00,230.60553401218095,236.37902316517145,230.26186823597817,235.86843872070312,35389800,0.0,0.0
2023-01-23 00:00:00-05:00,236.73249848259866,240.728762962326,235.30875313249115,238.18568420410156,31934000,0.0,0.0
2023-01-24 00:00:00-05:00,238.1071302689207,239.53086062869244,236.08444941515683,237.65545654296875,40234400,0.0,0.0
2023-01-25 00:00:00-05:00,230.23241286471827,238.8926465935646,226.71726242697446,236.25137329101562,66526600,0.0,0.0
2023-01-26 00:00:00-05:00,239.236301101992,243.81188931119357,237.61619666314894,243.50750732421875,33454500,0.0,0.0
2023-01-27 00:00:00-05:00,244.4795782533274,245.30435814766528,242.3587028258491,243.66461181640625,26498900,0.0,0.0
2023-01-30 00:00:00-05:00,240.08070505569438,241.1509711328646,237.81255301690885,238.31332397460938,25867400,0.0,0.0
2023-01-31 00:00:00-05:00,239.03991858279355,243.45840142159702,238.5489760451487,243.32093811035156,26541100,0.0,0.0
2023-02-01 00:00:00-05:00,243.507493740727,250.55742124700228,241.02332574913956,248.17144775390625,31259900,0.0,0.0
2023-02-02 00:00:00-05:00,254.13149875716766,259.8951592726371,252.5899320193859,259.8067932128906,39940400,0.0,0.0
2023-02-03 00:00:00-05:00,254.83845905637355,259.4140470711342,252.44265709216836,253.67001342773438,29077300,0.0,0.0
2023-02-06 00:00:00-05:00,252.77649801588666,253.62090480368727,250.1646801008737,252.11862182617188,22518000,0.0,0.0
2023-02-07 00:00:00-05:00,255.81054419875986,263.90126847590375,255.36868388280342,262.71319580078125,50841400,0.0,0.0
2023-02-08 00:00:00-05:00,268.2509904236017,271.74649858000214,261.38759398871423,261.898193359375,54686000,0.0,0.0
2023-02-09 00:00:00-05:00,268.84012651357125,269.0168886035488,258.039390489122,258.84454345703125,42375100,0.0,0.0
2023-02-10 00:00:00-05:00,256.7924175253064,259.30604106753316,255.938182254322,258.333984375,25818500,0.0,0.0
2023-02-13 00:00:00-05:00,262.79173001037145,269.62564159022224,262.3105859582913,266.4050598144531,44630900,0.0,0.0
2023-02-14 00:00:00-05:00,267.7306276163226,269.9889513959728,264.40202269183845,267.23968505859375,37047900,0.0,0.0
2023-02-15 00:00:00-05:00,264.11929330764815,266.49156688669603,262.01278189893924,265.1036376953125,28922400,0.68,0.0
2023-02-16 00:00:00-05:00,259.8866485369624,262.5640670305613,257.79984280691576,258.0459289550781,29603600,0.0,0.0
2023-02-17 00:00:00-05:00,255.32910759019907,256.0181306443046,251.99216566482698,254.01991271972656,30000100,0.0,0.0
2023-02-21 00:00:00-05:00,250.49597073877874,251.49016824327242,247.6512158869296,248.7143096923828,28397400,0.0,0.0
2023-02-22 00:00:00-05:00,250.1120590242694,250.35814511839848,246.42076761233298,247.57244873046875,22491100,0.0,0.0
2023-02-23 00:00:00-05:00,251.559058591663,252.8190182527777,246.55858711540606,250.78143310546875,29219100,0.0,0.0
2023-02-24 00:00:00-05:00,246.0467338648536,247.0704454363902,244.21585267237742,245.3183135986328,24990900,0.0,0.0
2023-02-27 00:00:00-05:00,248.50758636453622,248.8619509386829,245.48564193779885,246.24359130859375,21190000,0.0,0.0
2023-02-28 00:00:00-05:00,245.17068619875465,247.55279803170498,244.8359976613067,245.51519775390625,22491000,0.0,0.0
2023-03-01 00:00:00-05:00,246.8342018468034,247.00153859615037,241.9420088680049,242.4145050048828,27565300,0.0,0.0
2023-03-02 00:00:00-05:00,242.69011807533903,247.46417946735576,241.76483192375827,247.17872619628906,24808200,0.0,0.0
2023-03-03 00:00:00-05:00,248.24181531401277,251.61810937843563,247.4543367942358,251.29327392578125,30760100,0.0,0.0
2023-03-06 00:00:00-05:00,252.41541208786404,256.04764510840005,251.972460138509,252.84852600097656,24109800,0.0,0.0
2023-03-07 00:00:00-05:00,252.287461805782,253.65571496313456,249.4230309703386,250.17112731933594,21473200,0.0,0.0
2023-03-08 00:00:00-05:00,250.06285343446362,250.55502565152239,246.88342511783708,249.72817993164062,17340200,0.0,0.0
2023-03-09 00:00:00-05:00,251.8150022990688,255.49644089849014,247.6413764588662,248.3697967529297,26653400,0.0,0.0
2023-03-10 00:00:00-05:00,247.14917339603343,248.83239377023597,243.72365937177543,244.69815063476562,28333900,0.0,0.0
2023-03-13 00:00:00-04:00,243.52678799195508,253.87225680008146,241.88293471762614,249.94471740722656,33339700,0.0,0.0
2023-03-14 00:00:00-04:00,252.7304240608025,256.98279906760126,251.85435814781437,256.7071838378906,33620300,0.0,0.0
2023-03-15 00:00:00-04:00,255.90988102264944,262.3081199500826,255.15191657038366,261.2843933105469,46028000,0.0,0.0
2023-03-16 00:00:00-04:00,261.05798023414945,272.23029562382413,259.1582026765928,271.8759460449219,54768800,0.0,0.0
2023-03-17 00:00:00-04:00,273.90366232764774,278.89426524045854,271.9940319281041,275.0553283691406,69527400,0.0,0.0
2023-03-20 00:00:00-04:00,272.643714369976,273.1358865548913,265.6253342067157,267.96807861328125,43466600,0.0,0.0
2023-03-21 00:00:00-04:00,270.57658976474096,270.6947062847507,265.30048823245505,269.4938049316406,34558700,0.0,0.0
2023-03-22 00:00:00-04:00,269.1197379308607,276.6401431462095,267.9188366282979,268.0271301269531,34873300,0.0,0.0
2023-03-23 00:00:00-04:00,273.5886950746026,276.65984491000785,270.8916009314238,273.3130798339844,36610900,0.0,0.0
2023-03-24 00:00:00-04:00,272.8996370155353,276.2365790138879,270.9703303661151,276.1775207519531,28172000,0.0,0.0
2023-03-27 00:00:00-04:00,276.1086255385682,277.05358782445194,271.20657923339166,272.0531311035156,26840200,0.0,0.0
2023-03-28 00:00:00-04:00,271.4723425051547,271.8168690429862,267.79087413033056,270.9211120605469,21878600,0.0,0.0
2023-03-29 00:00:00-04:00,274.59271732819036,276.73861104356007,274.0513399006214,276.11846923828125,25087000,0.0,0.0
2023-03-30 00:00:00-04:00,279.78023217395076,280.0066121706269,277.0732849525492,279.60302734375,25053400,0.0,0.0
2023-03-31 00:00:00-04:00,279.28800755276933,284.7412531215559,278.56942542902976,283.78643798828125,32766000,0.0,0.0
2023-04-03 00:00:00-04:00,282.0343701563342,283.7569729997611,279.5046276679569,282.7332763671875,24883300,0.0,0.0
2023-04-04 00:00:00-04:00,282.7332562405726,285.90284644844036,281.1976813612138,282.68402099609375,25824300,0.0,0.0
2023-04-05 00:00:00-04:00,281.37485845642465,282.6544941864627,278.490736515466,279.88848876953125,22064800,0.0,0.0
2023-04-06 00:00:00-04:00,278.7761866204537,287.50731719041386,277.61466736506213,287.03485107421875,29770300,0.0,0.0
2023-04-10 00:00:00-04:00,284.68223121557776,285.06613994489004,280.25268148244174,284.85943603515625,23103000,0.0,0.0
2023-04-11 00:00:00-04:00,281.27642916480585,281.5028392047115,277.23078785734424,278.4021301269531,27276600,0.0,0.0
2023-04-12 00:00:00-04:00,280.331454092245,282.51669989305793,277.5457425781535,279.0517883300781,27403400,0.0,0.0
2023-04-13 00:00:00-04:00,279.15021586087715,285.3614264229886,278.73680804839455,285.3023681640625,24222700,0.0,0.0
2023-04-14 00:00:00-04:00,282.5068305661248,283.96367102936733,279.2486531464038,281.6603088378906,20987900,0.0,0.0
2023-04-17 00:00:00-04:00,285.3910006419592,287.0348692146032,281.6800326007046,284.2786865234375,23836200,0.0,0.0
2023-04-18 00:00:00-04:00,287.0052911530972,287.19231898396373,282.51668329191097,283.8553771972656,20161800,0.0,0.0
2023-04-19 00:00:00-04:00,281.51260405135076,284.52469507035653,280.0853229045868,283.9341125488281,17150300,0.0,0.0
2023-04-20 00:00:00-04:00,280.78424603946644,284.50506674858116,280.6168942704113,281.6307678222656,23244400,0.0,0.0
2023-04-21 00:00:00-04:00,280.5480574852668,281.7883112251336,278.62857354431657,281.28631591796875,21676400,0.0,0.0
2023-04-24 00:00:00-04:00,277.67370102270286,280.48894155472334,274.35646528671094,277.35870361328125,26611000,0.0,0.0
2023-04-25 00:00:00-04:00,275.1340574420737,277.19133321894157,271.05885802775094,271.10809326171875,45772200,0.0,0.0
2023-04-26 00:00:00-04:00,292.05501404925786,294.88007785035614,288.1471653314123,290.7458190917969,64599200,0.0,0.0
2023-04-27 00:00:00-04:00,291.33646086804055,300.42197197875873,290.62773158265634,300.0577392578125,46462600,0.0,0.0
2023-04-28 00:00:00-04:00,299.2505571443168,304.0935148750173,298.5615040334557,302.4496765136719,36446700,0.0,0.0
2023-05-01 00:00:00-04:00,302.16417419978745,303.76866023229246,300.3726603451006,300.7762451171875,21294100,0.0,0.0
2023-05-02 00:00:00-04:00,302.9418469765617,304.33959922450805,299.1521149683054,300.6286315917969,26404400,0.0,0.0
2023-05-03 00:00:00-04:00,301.81967570546,303.77851145251077,299.32928557023496,299.6344299316406,22360800,0.0,0.0
2023-05-04 00:00:00-04:00,301.44562423928016,302.9418469765617,298.65008970357985,300.6286315917969,22519900,0.0,0.0
2023-05-05 00:00:00-04:00,300.93377975527426,307.085932430796,299.50646831862997,305.7865905761719,28181200,0.0,0.0
2023-05-08 00:00:00-04:00,305.2747115147881,305.3436228273613,301.2979520150605,303.81787109375,21318600,0.0,0.0
2023-05-09 00:00:00-04:00,303.1780393519697,305.1861101016797,301.514495109484,302.1936950683594,21340800,0.0,0.0
2023-05-10 00:00:00-04:00,303.78836006860274,308.09979329228884,302.85325092434726,307.42059326171875,30078000,0.0,0.0
2023-05-11 00:00:00-04:00,305.24518186660805,306.2492022660023,301.46530325501186,305.2550048828125,31680200,0.0,0.0
2023-05-12 00:00:00-04:00,305.68815505667965,305.78659550903757,301.8000125269122,304.1329040527344,19758100,0.0,0.0
2023-05-15 00:00:00-04:00,304.26088478130237,305.04834834939237,302.77451500373724,304.615234375,16336500,0.0,0.0
2023-05-16 00:00:00-04:00,304.97942609367624,308.7986873456042,304.97942609367624,306.8595275878906,26730300,0.0,0.0
2023-05-17 00:00:00-04:00,308.07295683091866,310.1840433874079,306.54386940895085,309.7598571777344,24315000,0.68,0.0
2023-05-18 00:00:00-04:00,310.2826700411064,314.73177784456124,309.483610472281,314.2187805175781,27276000,0.0,0.0
2023-05-19 00:00:00-04:00,312.46282914333904,314.4456963446299,312.09783032838016,314.0412292480469,27529500,0.0,0.0
2023-05-22 00:00:00-04:00,314.29771785830155,318.23382834454407,313.71568867126024,316.8428649902344,24115700,0.0,0.0
2023-05-23 00:00:00-04:00,315.70844570220487,318.3621234603865,310.9929940544643,311.00286865234375,30797200,0.0,0.0
2023-05-24 00:00:00-04:00,310.47996842062906,312.22605590477934,308.3885711303924,309.6118469238281,23384900,0.0,0.0
2023-05-25 00:00:00-04:00,318.87502712507745,322.48560688715077,315.67878902000206,321.51885986328125,43301700,0.0,0.0
2023-05-26 00:00:00-04:00,319.64446830879535,328.89780691493297,319.50637450410005,328.39471435546875,36630600,0.0,0.0
2023-05-30 00:00:00-04:00,330.70313021071354,331.20622279832344,326.05671145740513,326.7373962402344,29503100,0.0,0.0
2023-05-31 00:00:00-04:00,327.8028654551653,331.4035709455312,322.9098221088515,323.9555358886719,45950600,0.0,0.0
2023-06-01 00:00:00-04:00,321.5287039010863,329.02608115085206,320.33505191131786,328.0888977050781,26773900,0.0,0.0
2023-06-02 00:00:00-04:00,329.7364153100341,332.94252854790284,328.0593594203414,330.8708801269531,25864000,0.0,0.0
2023-06-05 00:00:00-04:00,330.6932554714019,333.98814914784583,330.14082001100866,331.4035339355469,21307100,0.0,0.0
2023-06-06 00:00:00-04:00,330.80181577887186,330.84128406335816,327.68451373049646,329.1741027832031,20396200,0.0,0.0
2023-06-07 00:00:00-04:00,327.17149729188003,329.9731432176181,318.1450620184974,319.01318359375,40717100,0.0,0.0
2023-06-08 00:00:00-04:00,319.5656155034306,322.229167569566,318.9835862960409,320.8677978515625,23277700,0.0,0.0
2023-06-09 00:00:00-04:00,320.6013944671028,325.5338755296102,320.0292399102611,322.3771057128906,22514900,0.0,0.0
2023-06-12 00:00:00-04:00,324.1429125289751,327.6153984673946,320.76911233845874,327.3687744140625,24260300,0.0,0.0
2023-06-13 00:00:00-04:00,329.95341049295934,332.42952577838406,325.9285189350578,329.7758483886719,22951300,0.0,0.0
2023-06-14 00:00:00-04:00,329.82511848977225,334.4616624272819,328.3157805876422,332.78460693359375,26003800,0.0,0.0
2023-06-15 00:00:00-04:00,332.9227380100379,345.1158162103727,332.6465202868888,343.3993225097656,38899100,0.0,0.0
2023-06-16 00:00:00-04:00,346.57583523072196,346.7238036323781,337.332371106431,337.70721435546875,46533600,0.0,0.0
2023-06-20 00:00:00-04:00,334.7280719309583,337.4606559646964,331.3246475034231,333.4850769042969,26375400,0.0,0.0
2023-06-21 00:00:00-04:00,331.82777747484,333.16942818607606,327.5858551475746,329.05572509765625,25117800,0.0,0.0
2023-06-22 00:00:00-04:00,329.6081394338645,335.52711724274883,328.8386735229286,335.1226501464844,23556800,0.0,0.0
2023-06-23 00:00:00-04:00,329.8448805246099,333.39627314072527,328.9471954059109,330.4959716796875,23084700,0.0,0.0
2023-06-26 00:00:00-04:00,329.2135454326496,331.5712559275852,324.05415896146803,324.1626892089844,21520600,0.0,0.0
2023-06-27 00:00:00-04:00,327.37863643109444,331.61071384237505,324.85320839821026,330.05206298828125,24354100,0.0,0.0
2023-06-28 00:00:00-04:00,330.140794992461,333.4159693347915,329.3022672697206,331.3147277832031,20259500,0.0,0.0
2023-06-29 00:00:00-04:00,330.19013811405165,331.57122678735186,328.1283646472187,330.5255432128906,16997000,0.0,0.0
2023-06-30 00:00:00-04:00,333.18910383853483,338.1018659336961,332.64654295071426,335.9414367675781,26823800,0.0,0.0
2023-07-03 00:00:00-04:00,334.60968039782284,336.29658063116784,332.0250649242067,333.4258728027344,12508700,0.0,0.0
2023-07-05 00:00:00-04:00,330.5650032791807,337.0364158494364,330.2098791029289,333.58367919921875,18172400,0.0,0.0
2023-07-06 00:00:00-04:00,332.7451687923729,338.3583347909345,330.9694876074592,336.66156005859375,28161200,0.0,0.0
2023-07-07 00:00:00-04:00,334.7379078689779,337.17455476042386,332.4492293908837,332.666259765625,21185300,0.0,0.0
2023-07-10 00:00:00-04:00,330.08161258316045,330.7031099646927,323.1662650474364,327.3489990234375,32791400,0.0,0.0
2023-07-11 00:00:00-04:00,326.5894747851635,328.36515614884536,322.5843020670204,327.9804382324219,26698200,0.0,0.0
2023-07-12 00:00:00-04:00,332.0546721061305,337.03646655154864,331.13723774065795,332.6465759277344,29995300,0.0,0.0
2023-07-13 00:00:00-04:00,334.9746317791757,339.0981784792485,334.4419154262678,338.03277587890625,20567200,0.0,0.0
2023-07-14 00:00:00-04:00,342.8962140090438,346.684355842652,339.66050764457793,340.57794189453125,28302200,0.0,0.0
2023-07-17 00:00:00-04:00,341.0120279721599,342.3043356947929,337.57904017391905,341.0613708496094,20363900,0.0,0.0
2023-07-18 00:00:00-04:00,341.1599567699789,361.8270635461225,337.5494072854083,354.635498046875,64872700,0.0,0.0
2023-07-19 00:00:00-04:00,356.86497664298207,357.56538046892035,347.6807000395438,350.2850341796875,39732900,0.0,0.0
2023-07-20 00:00:00-04:00,348.7955115153894,353.1360893076159,340.70622963927934,342.18597412109375,33778400,0.0,0.0
2023-07-21 00:00:00-04:00,344.4351622996389,345.56962697471664,335.2410099540345,339.1278076171875,69368900,0.0,0.0
2023-07-24 00:00:00-04:00,341.1797347293557,342.2352929441679,337.6875295682125,340.44970703125,26678100,0.0,0.0
2023-07-25 00:00:00-04:00,342.42271258678073,347.1381937516986,340.41028183220885,346.240478515625,41637700,0.0,0.0
2023-07-26 00:00:00-04:00,336.8292554681692,340.01564894257064,328.61172549409804,333.20880126953125,58383700,0.0,0.0
2023-07-27 00:00:00-04:00,335.8822409797451,336.7207386752654,324.6065664004519,326.2540283203125,39635300,0.0,0.0
2023-07-28 00:00:00-04:00,329.16423615072927,335.418619127257,328.67098799700807,333.8007507324219,28484900,0.0,0.0
2023-07-31 00:00:00-04:00,332.37034639692763,333.1398123061402,328.8583918744818,331.38385009765625,25446000,0.0,0.0
2023-08-01 00:00:00-04:00,330.6636616188916,333.96842988932275,329.1937919238342,331.7981262207031,18311900,0.0,0.0
2023-08-02 00:00:00-04:00,329.12474134255,329.12474134255,321.9528944979642,323.0775146484375,27761300,0.0,0.0
2023-08-03 00:00:00-04:00,321.597779707483,325.42539000063243,321.5484669368351,322.2488708496094,18253700,0.0,0.0
2023-08-04 00:00:00-04:00,327.39836976439574,330.61435706998384,322.82101286060225,323.3537292480469,23727700,0.0,0.0
2023-08-07 00:00:00-04:00,323.9357887677664,326.6387790256658,323.09726088247197,325.65228271484375,17741500,0.0,0.0
2023-08-08 00:00:00-04:00,322.54480993915706,324.31064668065517,318.6382931645677,321.6470947265625,22327600,0.0,0.0
2023-08-09 00:00:00-04:00,322.0614270294025,322.69276896492516,316.7146041895466,317.8786926269531,22373300,0.0,0.0
2023-08-10 00:00:00-04:00,321.6175143529931,323.8272865467836,316.842875851902,318.5692443847656,20113700,0.0,0.0
2023-08-11 00:00:00-04:00,315.9352987108156,318.05625962756983,314.8994595848591,316.6751708984375,24342600,0.0,0.0
2023-08-14 00:00:00-04:00,317.05006689482826,319.68399521148456,315.75772901793835,319.6642761230469,18836100,0.0,0.0
2023-08-15 00:00:00-04:00,318.63829206231935,320.7000656335948,316.5666438946888,317.513671875,16966300,0.0,0.0
2023-08-16 00:00:00-04:00,317.1380426957456,320.716745588524,316.1494577370067,316.74261474609375,20698900,0.68,0.0
2023-08-17 00:00:00-04:00,316.88098033707746,318.19578484702873,312.60039125699797,313.26275634765625,21257200,0.0,0.0
2023-08-18 00:00:00-04:00,310.90003574711136,314.74564524442695,307.9935939126714,312.8673400878906,24744800,0.0,0.0
2023-08-21 00:00:00-04:00,314.30079649101214,319.08554388527233,313.42097159988043,318.2057189941406,24040000,0.0,0.0
2023-08-22 00:00:00-04:00,321.78438984101354,322.357755817273,317.790498336927,318.7790832519531,16102000,0.0,0.0
2023-08-23 00:00:00-04:00,320.1235498834675,325.44214114565574,319.76764365334907,323.2672424316406,21166400,0.0,0.0
2023-08-24 00:00:00-04:00,329.05048294908903,329.1790038104103,316.3076093798751,316.3175048828125,23281400,0.0,0.0
2023-08-25 00:00:00-04:00,317.8004094240076,321.64598924403964,315.1608742969989,319.2931823730469,21684100,0.0,0.0
2023-08-28 00:00:00-04:00,321.9425618021561,322.4269587484768,318.0475348868792,320.00494384765625,14808500,0.0,0.0
2023-08-29 00:00:00-04:00,318.2056753742059,325.22463338047504,318.2056753742059,324.6611328125,19284600,0.0,0.0
2023-08-30 00:00:00-04:00,324.91823986340745,326.0452110568184,322.72357999284986,325.036865234375,15222100,0.0,0.0
2023-08-31 00:00:00-04:00,325.44211917343154,327.1325906870204,323.04973074953705,324.0185546875,26411000,0.0,0.0
2023-09-01 00:00:00-04:00,327.5280076864386,328.2002380688031,323.04972002250327,324.90826416015625,14931200,0.0,0.0
2023-09-05 00:00:00-04:00,325.2444131923776,331.02764055502126,324.9082979662232,329.7424621582031,18553900,0.0,0.0
2023-09-06 00:00:00-04:00,329.57446216279004,330.6421206560539,326.41097819074616,329.0801696777344,17535800,0.0,0.0
2023-09-07 00:00:00-04:00,327.50832558209805,329.27787096965415,325.27411387921575,326.1440734863281,18381000,0.0,0.0
2023-09-08 00:00:00-04:00,326.3219766279449,332.32269403883413,325.699163331797,330.4542541503906,19530100,0.0,0.0
2023-09-11 00:00:00-04:00,333.39034548000865,334.5568985327326,331.60100931332755,334.0823669433594,16583300,0.0,0.0
2023-09-12 00:00:00-04:00,331.9865748697913,332.94550339059816,327.69612019842117,327.9827880859375,17565500,0.0,0.0
2023-09-13 00:00:00-04:00,327.52809814281835,333.00486756053664,327.3897119290355,332.223876953125,16544400,0.0,0.0
2023-09-14 00:00:00-04:00,335.27855480966366,336.9690265009899,332.7280191029121,334.8337097167969,20267000,0.0,0.0
2023-09-15 00:00:00-04:00,333.074062392952,333.5485638717136,325.88703033061086,326.4505310058594,37666900,0.0,0.0
2023-09-18 00:00:00-04:00,324.058114839662,326.6284415872305,322.63455018467687,325.3037414550781,16834200,0.0,0.0
2023-09-19 00:00:00-04:00,322.4467661344403,325.6300108774298,320.8057114985668,324.8984375,16505900,0.0,0.0
2023-09-20 00:00:00-04:00,325.7486204721018,325.827693989748,316.8513563606588,317.1083679199219,21436500,0.0,0.0
2023-09-21 00:00:00-04:00,315.6156002828941,321.6360782353787,311.40421928226147,315.88250732421875,35529500,0.0,0.0
2023-09-22 00:00:00-04:00,317.6521256558587,317.7806465273566,312.5411281531975,313.3913269042969,21447900,0.0,0.0
2023-09-25 00:00:00-04:00,312.9760849775433,314.04377354761226,311.404238631424,313.9152526855469,17836000,0.0,0.0
2023-09-26 00:00:00-04:00,311.5327326754824,312.27417127506453,306.48104866233854,308.5768737792969,26297600,0.0,0.0
2023-09-27 00:00:00-04:00,308.73505530094553,310.71222512078947,306.15486316727345,309.219482421875,19410100,0.0,0.0
2023-09-28 00:00:00-04:00,307.4400400629169,311.8788072361737,305.91764088194725,310.059814453125,19683600,0.0,0.0
2023-09-29 00:00:00-04:00,314.1228607733478,315.8232280557425,311.3844913845662,312.14569091796875,24140300,0.0,0.0
2023-10-02 00:00:00-04:00,312.66960950158256,318.21558609786393,311.58216015238867,318.1265869140625,20570000,0.0,0.0
2023-10-03 00:00:00-04:00,317.1676656330005,317.7213009072656,307.657484158639,309.8126220703125,21033500,0.0,0.0
2023-10-04 00:00:00-04:00,310.4453144529802,316.38671934680445,310.4156581127954,315.31903076171875,20720100,0.0,0.0
2023-10-05 00:00:00-04:00,315.4475704614621,316.32742555484276,311.3053970760903,315.7144775390625,16965600,0.0,0.0
2023-10-06 00:00:00-04:00,312.9365263852443,325.4322535375942,312.6893801694388,323.5242919921875,25645500,0.0,0.0
2023-10-09 00:00:00-04:00,321.0429514638944,326.529585679886,319.49086590519653,326.0550842285156,19891200,0.0,0.0
2023-10-10 00:00:00-04:00,327.1820587892371,327.3204751601556,323.92963610326484,324.64141845703125,20557100,0.0,0.0
2023-10-11 00:00:00-04:00,327.4292177169471,329.02085519813727,325.38286976858666,328.62542724609375,20063200,0.0,0.0
2023-10-12 00:00:00-04:00,326.79652976741545,329.82159726019745,324.9676416006663,327.3797912597656,19313100,0.0,0.0
2023-10-13 00:00:00-04:00,328.5858046640615,330.0192344527911,322.6345051493191,323.9888916015625,21072400,0.0,0.0
2023-10-16 00:00:00-04:00,327.27098859672117,332.3029118179807,326.8261435346823,328.8428649902344,22158000,0.0,0.0
2023-10-17 00:00:00-04:00,325.8276948133406,329.65351356385685,323.67258696373347,328.2695007324219,18338500,0.0,0.0
2023-10-18 00:00:00-04:00,328.6946033870838,331.759222794045,324.55242999504236,326.3417663574219,23153600,0.0,0.0
2023-10-19 00:00:00-04:00,328.35844548463956,333.0344625947889,327.1326099487148,327.5379333496094,25052100,0.0,0.0
2023-10-20 00:00:00-04:00,327.9333816774439,328.13111072358873,321.73496526369917,322.9410400390625,25012600,0.0,0.0
2023-10-23 00:00:00-04:00,321.7547330640911,328.9318691915997,320.68707463176605,325.560791015625,24374700,0.0,0.0
2023-10-24 00:00:00-04:00,327.5181575017648,328.0520017824309,323.86041156041205,326.7569580078125,31153600,0.0,0.0
2023-10-25 00:00:00-04:00,341.08153951297123,342.24809258313576,333.7660175404183,336.7812194824219,55053800,0.0,0.0
2023-10-26 00:00:00-04:00,336.6527185001531,337.7302724471152,323.20795749855927,324.1471252441406,37828500,0.0,0.0
2023-10-27 00:00:00-04:00,326.6580837937659,332.8762909295408,324.65125776087774,326.045166015625,29856500,0.0,0.0
2023-10-30 00:00:00-04:00,329.60405903742685,335.5751196269722,328.0420781717034,333.45953369140625,22828100,0.0,0.0
2023-10-31 00:00:00-04:00,334.98200058976215,335.1302822914459,330.8694837708354,334.25042724609375,20265300,0.0,0.0
2023-11-01 00:00:00-04:00,335.9112561909914,343.45416345864317,335.7728398301243,342.11956787109375,28158800,0.0,0.0
2023-11-02 00:00:00-04:00,343.2762139918915,344.8480603761851,340.83440806099617,344.3439025878906,24348100,0.0,0.0
2023-11-03 00:00:00-04:00,345.6389384028993,350.34461211282445,343.36517506433484,348.7727355957031,23624000,0.0,0.0
2023-11-06 00:00:00-05:00,349.41534633116447,353.45865496757824,349.3164818069367,352.4601745605469,23828300,0.0,0.0
2023-11-07 00:00:00-05:00,355.29741447617323,358.3224819200667,353.54763002740117,356.4145202636719,25833900,0.0,0.0
2023-11-08 00:00:00-05:00,357.55137827923454,359.7163816170377,356.4342725186346,359.0540466308594,26767800,0.0,0.0
2023-11-09 00:00:00-05:00,358.1642694379123,360.62586616316025,356.2464124670446,356.5726623535156,24847300,0.0,0.0
2023-11-10 00:00:00-05:00,357.36351801413326,365.8752490282028,356.9483292832311,365.4501647949219,28042100,0.0,0.0
2023-11-13 00:00:00-05:00,364.0167530071711,364.2638992456972,361.72322867303586,362.49432373046875,19986500,0.0,0.0
2023-11-14 00:00:00-05:00,366.77484717464085,367.7041192770522,363.1566232763778,366.04327392578125,27683900,0.0,0.0
2023-11-15 00:00:00-05:00,367.78673199342217,369.6193319212851,363.65595302337914,366.19189453125,26860100,0.75,0.0
2023-11-16 00:00:00-05:00,367.469795129225,372.8090975451965,366.6971350089113,372.63079833984375,27182300,0.0,0.0
2023-11-17 00:00:00-05:00,370.0948424049753,370.84770155077825,363.5470476915022,366.3702392578125,40157000,0.0,0.0
2023-11-20 00:00:00-05:00,367.7273446792859,375.305362924845,367.5094133597198,373.8888244628906,52465100,0.0,0.0
2023-11-21 00:00:00-05:00,372.13548017935176,372.6802933507884,367.62827122388927,369.5599365234375,28423100,0.0,0.0
2023-11-22 00:00:00-05:00,374.44353505087355,376.2167020543969,371.4420444315091,374.2949523925781,23345300,0.0,0.0
2023-11-24 00:00:00-05:00,373.7798105540461,374.4138035112927,371.61044336899096,373.8788757324219,10176600,0.0,0.0
2023-11-27 00:00:00-05:00,373.23502159050327,377.05872006421737,372.6604918874323,375.04779052734375,22179200,0.0,0.0
2023-11-28 00:00:00-05:00,374.7902561506727,379.3965000397917,374.6020413692927,379.0993347167969,20453100,0.0,0.0
2023-11-29 00:00:00-05:00,380.1493294028235,380.6842269423362,373.88878509131484,375.2855224609375,28963400,0.0,0.0
2023-11-30 00:00:00-05:00,374.92890903622725,376.5138612366037,371.9373340529728,375.344970703125,30554400,0.0,0.0
2023-12-01 00:00:00-05:00,373.2151890748226,374.60201085324076,367.8164543800959,370.9863586425781,33020400,0.0,0.0
2023-12-04 00:00:00-05:00,365.6272990310323,366.0433304982238,359.48562013715417,365.66693115234375,32063300,0.0,0.0
2023-12-05 00:00:00-05:00,363.002209215325,369.5698044164444,362.1800014727598,369.01507568359375,23065000,0.0,0.0
2023-12-06 00:00:00-05:00,370.0255016850389,370.65946442979055,364.5673336677576,365.330078125,21182100,0.0,0.0
2023-12-07 00:00:00-05:00,364.7654294389967,367.9551344956752,362.87339651052025,367.4598388671875,23118900,0.0,0.0
2023-12-08 00:00:00-05:00,365.7263415696411,370.93683155749534,364.7654667428902,370.7090148925781,20144800,0.0,0.0
2023-12-11 00:00:00-05:00,365.0131044942587,368.10374460980563,362.6554922898368,367.8065490722656,27708800,0.0,0.0
2023-12-12 00:00:00-05:00,367.3607883950642,370.8972065792804,366.9744432787704,370.8575744628906,24838300,0.0,0.0
2023-12-13 00:00:00-05:00,372.48212583174757,374.0869091144722,367.2815215613571,370.84765625,30955500,0.0,0.0
2023-12-14 00:00:00-05:00,369.79766017755225,370.24343838413614,360.70403869901645,362.4870910644531,43277500,0.0,0.0
2023-12-15 00:00:00-05:00,363.3984742691784,368.8962446456856,362.83382989546425,367.2419738769531,78478200,0.0,0.0
2023-12-18 00:00:00-05:00,365.9739554317672,369.4905423350022,365.21118080921997,369.1438293457031,21802900,0.0,0.0
2023-12-19 00:00:00-05:00,367.994802756719,369.7481689453125,366.36033293398305,369.7481689453125,20603700,0.0,0.0
2023-12-20 00:00:00-05:00,371.47179096076275,372.49209893738356,367.0438460032924,367.13299560546875,26316700,0.0,0.0
2023-12-21 00:00:00-05:00,369.0547222595686,370.88732235937965,366.5584428639484,370.0255126953125,17708000,0.0,0.0
2023-12-22 00:00:00-05:00,370.1641379669173,371.65002486970394,369.20326322723065,371.0556640625,17091100,0.0,0.0
2023-12-26 00:00:00-05:00,371.47174615266005,373.393495737859,369.98585916804944,371.13494873046875,12673100,0.0,0.0
2023-12-27 00:00:00-05:00,370.1741075355698,371.5312129344826,369.30238225527376,370.550537109375,14905400,0.0,0.0
2023-12-28 00:00:00-05:00,371.83826458273074,372.9180055102288,370.6396575319042,371.7491149902344,14327000,0.0,0.0
2023-12-29 00:00:00-05:00,372.4623210093037,373.6114105209222,369.9660418684788,372.501953125,18723000,0.0,0.0
2024-01-02 00:00:00-05:00,370.3424737462839,372.3632885983454,363.319184585885,367.380615234375,25258600,0.0,0.0
2024-01-03 00:00:00-05:00,365.5381225658885,369.7481357898977,365.04282689247566,367.1131591796875,23083500,0.0,0.0
2024-01-04 00:00:00-05:00,367.18247442785434,369.58960392636413,363.7154050293527,364.4781494140625,20901500,0.0,0.0
2024-01-05 00:00:00-05:00,365.4985007136341,368.559424433647,363.0517388090319,364.28997802734375,20987000,0.0,0.0
2024-01-08 00:00:00-05:00,365.8253710003868,371.66988411040546,365.53812127674354,371.1646728515625,23134000,0.0,0.0
2024-01-09 00:00:00-05:00,368.50992959667377,372.45246416250234,367.6976373642498,372.2543640136719,20830000,0.0,0.0
2024-01-10 00:00:00-05:00,372.828831535822,380.5554615818058,372.77931406448965,379.1686096191406,25514200,0.0,0.0
2024-01-11 00:00:00-05:00,382.3682441685505,387.0042042259602,376.80112586493703,381.0111389160156,27850800,0.0,0.0
2024-01-12 00:00:00-05:00,381.8630597761942,385.0230486833725,381.03096664819185,384.8150329589844,21645700,0.0,0.0
2024-01-16 00:00:00-05:00,389.95617197189966,390.32268591338345,383.9729920985464,386.5980529785156,27202300,0.0,0.0
2024-01-17 00:00:00-05:00,384.3296012318616,386.43953518527206,381.1894136910562,385.8055725097656,22234100,0.0,0.0
2024-01-18 00:00:00-05:00,388.034419353738,390.2830506876362,386.44946725171263,390.1641845703125,23392100,0.0,0.0
2024-01-19 00:00:00-05:00,392.0364429224476,394.9190673828125,389.7976967944334,394.9190673828125,29272000,0.0,0.0
2024-01-22 00:00:00-05:00,396.25634353223927,396.85070439221124,389.8868483654438,392.7793884277344,27016900,0.0,0.0
2024-01-23 00:00:00-05:00,392.0264941391943,395.6223452773298,390.22361077691727,395.1468505859375,20525900,0.0,0.0
2024-01-24 00:00:00-05:00,397.7620990596451,401.81361446006787,396.6823580074451,398.7724914550781,24867000,0.0,0.0
2024-01-25 00:00:00-05:00,400.5159168098495,403.18061005906736,398.74274976275865,401.06072998046875,21021200,0.0,0.0
2024-01-26 00:00:00-05:00,400.5654097210854,402.34849224643625,398.6436601299057,400.1295471191406,17803300,0.0,0.0
2024-01-29 00:00:00-05:00,402.23951388406,406.1226452071924,400.52577999660826,405.8650817871094,24510200,0.0,0.0
2024-01-30 00:00:00-05:00,408.38118040629575,409.1637257700459,402.6258473520781,404.7456970214844,33477600,0.0,0.0
2024-01-31 00:00:00-05:00,403.1310461052013,411.41240548584386,393.47278047208044,393.83929443359375,47871100,0.0,0.0
2024-02-01 00:00:00-05:00,398.0493222591689,404.161284395668,398.01960572688716,399.9809875488281,30657700,0.0,0.0
2024-02-02 00:00:00-05:00,400.01072698522285,408.7675516875465,399.7630791252122,407.35101318359375,28245000,0.0,0.0
2024-02-05 00:00:00-05:00,406.0434180871643,407.2915729534139,400.189019151807,401.8334045410156,25352300,0.0,0.0
2024-02-06 00:00:00-05:00,402.0612108490808,404.13154308563696,399.11915341177513,401.67486572265625,18382600,0.0,0.0
2024-02-07 00:00:00-05:00,403.60653322309605,410.4019752246544,403.5669011054383,410.1543273925781,22340500,0.0,0.0
2024-02-08 00:00:00-05:00,410.15431205814707,411.6501145817078,408.6486241783777,410.2137451171875,21225300,0.0,0.0
2024-02-09 00:00:00-05:00,411.34304822902254,416.8606491715924,411.18454998916735,416.5931701660156,22032800,0.0,0.0
2024-02-12 00:00:00-05:00,416.6030882773996,416.78138746189904,410.847755055397,411.35296630859375,21202900,0.0,0.0
2024-02-13 00:00:00-05:00,401.1300494611104,406.21178774325523,399.59464501524405,402.4970703125,27824900,0.0,0.0
2024-02-14 00:00:00-05:00,404.97813565927675,406.73471379055,401.50465451788693,406.3873596191406,20401200,0.75,0.0
2024-02-15 00:00:00-05:00,405.0476293953427,406.03011869599004,401.22679392364836,403.4795837402344,21825500,0.0,0.0
2024-02-16 00:00:00-05:00,404.86897976610464,405.19649639829663,400.3832375883185,400.99853515625,22281100,0.0,0.0
2024-02-20 00:00:00-05:00,400.18470090734456,401.4252298435828,394.9943472213883,399.7381286621094,24307900,0.0,0.0
2024-02-21 00:00:00-05:00,397.1380014467668,399.24193376469594,394.21034092041026,399.13275146484375,18631100,0.0,0.0
2024-02-22 00:00:00-05:00,407.08204605240707,409.7020273662852,405.4743254278806,408.5309753417969,27009900,0.0,0.0
2024-02-23 00:00:00-05:00,412.5205899694505,412.70912252547726,405.87134201034183,407.23095703125,16295900,0.0,0.0
2024-02-26 00:00:00-05:00,408.34246112673543,409.0371695148512,404.27351975281573,404.4521789550781,16193500,0.0,0.0
2024-02-27 00:00:00-05:00,404.89872387010075,405.2262404801438,400.7901076502163,404.3926086425781,14835800,0.0,0.0
2024-02-28 00:00:00-05:00,405.0872739909664,406.1987830728558,402.24895832016676,404.6307678222656,13183100,0.0,0.0
2024-02-29 00:00:00-05:00,405.5438348800808,411.06170550216336,402.84444253870316,410.5059509277344,31947300,0.0,0.0
2024-03-01 00:00:00-05:00,408.153876143975,412.71902889421233,407.76684684717014,412.3518371582031,17800300,0.0,0.0
2024-03-04 00:00:00-05:00,410.30747829521556,414.18785690698894,409.1959690810067,411.7762756347656,17596000,0.0,0.0
2024-03-05 00:00:00-05:00,410.8234543498056,411.1112655264292,397.604401792749,399.5991516113281,26919200,0.0,0.0
2024-03-06 00:00:00-05:00,399.9167637441042,402.09017289690905,395.37147897743796,399.0434265136719,22344100,0.0,0.0
2024-03-07 00:00:00-05:00,403.04293193355477,406.6752047214003,399.1923248157397,406.0400695800781,18718500,0.0,0.0
2024-03-08 00:00:00-05:00,404.8689575439801,407.3103404061873,401.2664565057241,403.14215087890625,17971700,0.0,0.0
2024-03-11 00:00:00-04:00,400.70079606171487,402.6062316222378,398.21973809181884,401.45501708984375,16120800,0.0,0.0
2024-03-12 00:00:00-04:00,404.5315189350478,412.4212950799544,403.70782104780903,412.13348388671875,22457000,0.0,0.0
2024-03-13 00:00:00-04:00,414.9321647542621,415.0115452878592,408.3325562328795,411.95489501953125,17115900,0.0,0.0
2024-03-14 00:00:00-04:00,417.05592096351893,424.5785058716351,414.8229687362819,421.9981994628906,34157300,0.0,0.0
2024-03-15 00:00:00-04:00,416.1131423873529,419.39806083838096,409.6623914264508,413.264892578125,45049800,0.0,0.0
2024-03-18 00:00:00-04:00,411.111304092611,417.54221722990445,410.6448639845401,414.1580505371094,20106000,0.0,0.0
2024-03-19 00:00:00-04:00,414.6641794557911,418.4751112612702,412.40145573236146,418.2170715332031,19837900,0.0,0.0
2024-03-20 00:00:00-04:00,418.8025799169323,422.7325672103819,417.472736496582,422.00811767578125,17860100,0.0,0.0
2024-03-21 00:00:00-04:00,426.5732359122919,427.55575544088225,423.9234830206928,426.1167297363281,21296200,0.0,0.0
2024-03-22 00:00:00-04:00,426.44426419825527,426.6030252593982,422.8417631107263,425.49151611328125,17636500,0.0,0.0
2024-03-25 00:00:00-04:00,422.0180389961963,424.1716107025241,418.41553787360243,419.65606689453125,18060500,0.0,0.0
2024-03-26 00:00:00-04:00,422.3852180529654,422.76234370981615,418.1575158713517,418.4552307128906,16725600,0.0,0.0
2024-03-27 00:00:00-04:00,421.2240807902947,421.2340147133464,415.83523039825434,418.23687744140625,16705000,0.0,0.0
2024-03-28 00:00:00-04:00,417.7704594727013,418.6735682140503,415.94440442920035,417.53228759765625,21871200,0.0,0.0
2024-04-01 00:00:00-04:00,420.7378213676411,424.64797113919235,419.0209183546172,421.3531188964844,16316000,0.0,0.0
2024-04-02 00:00:00-04:00,416.9269168072685,419.17973696688534,414.6741269340057,418.2468566894531,17912000,0.0,0.0
2024-04-03 00:00:00-04:00,416.54979735190346,420.0530500088036,415.91463197146663,417.26434326171875,16502300,0.0,0.0
2024-04-04 00:00:00-04:00,421.76992047315406,425.4220608182633,414.4061573873391,414.71380615234375,19370900,0.0,0.0
2024-04-05 00:00:00-04:00,416.8276974614869,423.2784485638512,415.1504997519638,422.2959289550781,16544300,0.0,0.0
2024-04-08 00:00:00-04:00,421.9485777283347,424.0425761054586,420.09272093696904,421.3729553222656,14272400,0.0,0.0
2024-04-09 00:00:00-04:00,423.2089317196758,424.49906970382636,418.42544485426635,423.0501403808594,12512300,0.0,0.0
2024-04-10 00:00:00-04:00,418.99116993330387,420.81722505973426,416.5200457584293,420.0530700683594,16216600,0.0,0.0
2024-04-11 00:00:00-04:00,422.59368454103424,426.11677503866815,419.1598782170762,424.68768310546875,17966400,0.0,0.0
2024-04-12 00:00:00-04:00,420.8370731015467,421.9585162359949,416.58950274190113,418.703369140625,19232100,0.0,0.0
2024-04-15 00:00:00-04:00,423.36774724307367,423.5860815606245,410.2975202475589,410.5059509277344,20273500,0.0,0.0
2024-04-16 00:00:00-04:00,411.4289086182102,415.2298762897989,410.59527673352017,411.4388122558594,16765600,0.0,0.0
2024-04-17 00:00:00-04:00,414.0885872118868,415.70624190109544,407.22100522560083,408.7195739746094,15855500,0.0,0.0
2024-04-18 00:00:00-04:00,407.5187363707615,408.76919927263555,400.88935677884103,401.2069091796875,21029900,0.0,0.0
2024-04-19 00:00:00-04:00,400.9687488676842,402.4077746386735,394.7561698730406,396.095947265625,30276500,0.0,0.0
2024-04-22 00:00:00-04:00,397.04865981007964,399.7976914523607,392.7514806878664,397.9219970703125,20286900,0.0,0.0
2024-04-23 00:00:00-04:00,401.1771473553241,405.10716505974153,400.0060952402287,404.48193359375,15734500,0.0,0.0
2024-04-24 00:00:00-04:00,406.4568133700171,409.3447683032301,403.69787828909796,405.9606018066406,15065300,0.0,0.0
2024-04-25 00:00:00-04:00,391.0444908759172,396.8601062584313,385.0899520019121,396.01654052734375,40586500,0.0,0.0
2024-04-26 00:00:00-04:00,409.0470757072221,409.87077362119237,402.6856394846956,403.24139404296875,29694700,0.0,0.0
2024-04-29 00:00:00-04:00,402.17947890315463,403.2413789354232,396.165397076456,399.20220947265625,19582100,0.0,0.0
2024-04-30 00:00:00-04:00,398.4479657229549,399.11290256766176,386.221335381575,386.3800964355469,28781400,0.0,0.0
2024-05-01 00:00:00-04:00,389.63523841829954,398.67622906449674,387.3526772876393,391.9476013183594,23562500,0.0,0.0
2024-05-02 00:00:00-04:00,394.64702416400013,396.89981398666424,391.6598205584853,394.8256530761719,17709400,0.0,0.0
2024-05-03 00:00:00-04:00,399.23197820235123,404.0650740320478,398.8151471589616,403.57879638671875,17446700,0.0,0.0
2024-05-06 00:00:00-04:00,405.66292597330005,410.7937370714025,403.29101993493754,410.4067077636719,16996600,0.0,0.0
2024-05-07 00:00:00-04:00,411.5182242956741,411.52815821970637,405.99041958064737,406.238525390625,20018200,0.0,0.0
2024-05-08 00:00:00-04:00,405.07740513834375,409.1066410493604,403.6284454091321,407.429443359375,11792300,0.0,0.0
2024-05-09 00:00:00-04:00,407.45918232898305,409.5928860565961,406.0003190785622,409.1959228515625,14689700,0.0,0.0
2024-05-10 00:00:00-04:00,409.8112151541409,412.23273004632824,408.6798382335046,411.5975646972656,13402300,0.0,0.0
2024-05-13 00:00:00-04:00,414.84283115281045,415.18025140614657,407.7073059282806,410.5853271484375,15440200,0.0,0.0
2024-05-14 00:00:00-04:00,408.8981987547859,414.3267549073316,408.43175863614476,413.40380859375,15109300,0.0,0.0
2024-05-15 00:00:00-04:00,415.48172683662517,421.35753100749633,414.85536761085484,420.6317443847656,22239500,0.75,0.0
2024-05-16 00:00:00-04:00,419.35914332573157,422.9582208339026,417.91755229509,418.5538330078125,17530100,0.0,0.0
2024-05-17 00:00:00-04:00,420.09485405964773,420.4726599302369,415.6109428181483,417.7783203125,15352200,0.0,0.0
2024-05-20 00:00:00-04:00,417.778343258253,424.30037978174784,417.55961512858175,422.878662109375,16272100,0.0,0.0
2024-05-21 00:00:00-04:00,424.36001790160714,430.46450167288947,422.39149513236316,426.5572509765625,21453300,0.0,0.0
2024-05-22 00:00:00-04:00,427.6012125858257,429.90779482091807,424.6583495892153,428.0287170410156,18073700,0.0,0.0
2024-05-23 00:00:00-04:00,430.4645069803894,431.09086617504613,422.95820916796526,424.529052734375,17211700,0.0,0.0
2024-05-24 00:00:00-04:00,424.71796179341015,428.565562226306,421.95405016489985,427.6707763671875,11845800,0.0,0.0
2024-05-28 00:00:00-04:00,427.14385491376675,428.3269711402922,424.13138989907134,427.8298645019531,15718000,0.0,0.0
2024-05-29 00:00:00-04:00,423.22665032702537,428.44627000677747,423.22665032702537,426.6865234375,15517100,0.0,0.0
2024-05-30 00:00:00-04:00,421.84466424386284,421.84466424386284,411.84288150879064,412.2704162597656,28424800,0.0,0.0
2024-05-31 00:00:00-04:00,414.3383733012913,414.3383733012913,402.1692127903504,412.7277526855469,47995300,0.0,0.0
2024-06-03 00:00:00-04:00,413.1254229827006,414.02020882309534,406.553688084388,411.1270446777344,17484700,0.0,0.0
2024-06-04 00:00:00-04:00,410.04337212748766,414.03017705380546,407.30928563189894,413.6623229980469,14348900,0.0,0.0
2024-06-05 00:00:00-04:00,415.39223173706347,421.6259378345122,413.89096003424896,421.5563659667969,16988000,0.0,0.0
2024-06-06 00:00:00-04:00,421.5563568996983,422.848821948627,418.14618249774657,422.0633850097656,14861300,0.0,0.0
2024-06-07 00:00:00-04:00,423.73371564550735,423.81323935854607,420.55222098628695,421.3973083496094,13621700,0.0,0.0
2024-06-10 00:00:00-04:00,422.24237348386436,425.6027887352665,421.4370631899479,425.3940124511719,14003000,0.0,0.0
2024-06-11 00:00:00-04:00,423.01786084549974,430.3153823959729,422.78918087724,430.1761779785156,14551100,0.0,0.0
2024-06-12 00:00:00-04:00,432.8009161252906,440.8341457768561,430.7428874309175,438.5076904296875,22366200,0.0,0.0
2024-06-13 00:00:00-04:00,438.2989324414096,440.8242426789463,436.8274858579273,439.0246887207031,15960600,0.0,0.0
2024-06-14 00:00:00-04:00,435.74378876375306,440.5756810111054,434.19281849694386,440.00897216796875,13582000,0.0,0.0
2024-06-17 00:00:00-04:00,440.0288392462003,448.3305259626429,438.16966532085047,445.775390625,20790000,0.0,0.0
2024-06-18 00:00:00-04:00,447.10763493198164,447.53516969127554,442.3155500964385,443.75714111328125,17112500,0.0,0.0
2024-06-20 00:00:00-04:00,443.71738383441055,443.94606381625726,438.7164921470121,443.1208801269531,19877400,0.0,0.0
2024-06-21 00:00:00-04:00,444.79114029939626,447.97260457820744,443.9261796037789,447.17724609375,34486200,0.0,0.0
2024-06-24 00:00:00-04:00,447.197116551364,450.13005783321864,443.82674934456685,445.0794677734375,15913700,0.0,0.0
2024-06-25 00:00:00-04:00,445.65606632861267,448.80773551860256,444.1647465305247,448.3404541015625,16747500,0.0,0.0
2024-06-26 00:00:00-04:00,446.4017395883299,450.9751265075422,445.59642930053803,449.54345703125,16507000,0.0,0.0
2024-06-27 00:00:00-04:00,449.56332546408174,453.53025683427376,449.15569440393773,450.2294616699219,14806300,0.0,0.0
2024-06-28 00:00:00-04:00,450.44819707911165,452.7448272217048,443.8267333016812,444.3636169433594,28362300,0.0,0.0
2024-07-01 00:00:00-04:00,446.06369781193524,454.7232862857242,443.08105821287796,454.0870056152344,17662800,0.0,0.0
2024-07-02 00:00:00-04:00,450.57745029839504,456.9304570935814,450.48794440717063,456.62225341796875,13979800,0.0,0.0
2024-07-03 00:00:00-04:00,455.5385808076234,458.3521910129211,455.23037712106725,458.1036376953125,9932800,0.0,0.0
2024-07-05 00:00:00-04:00,456.95033221316646,465.6397765538939,456.3140515175161,464.8543395996094,16000300,0.0,0.0
2024-07-08 00:00:00-04:00,463.8501958785038,464.99356542878803,461.77229375422786,463.5419921875,12962300,0.0,0.0
2024-07-09 00:00:00-04:00,464.29759021110544,464.6256672353131,455.3496709136752,456.8807678222656,17207200,0.0,0.0
2024-07-10 00:00:00-04:00,458.55104934272356,463.7607172108967,456.20469022907776,463.55194091796875,18196100,0.0,0.0
2024-07-11 00:00:00-04:00,460.3008712942663,462.0904430463112,448.93699054354346,452.06878662109375,23111200,0.0,0.0
2024-07-12 00:00:00-04:00,451.70090017355875,453.71915189160546,448.0422026334216,450.9254150390625,16324300,0.0,0.0
2024-07-15 00:00:00-04:00,450.67685394437046,454.6139602586164,448.8176800220224,451.3330383300781,14429400,0.0,0.0
2024-07-16 00:00:00-04:00,451.5915769633523,451.671100679191,444.0753266658107,446.91876220703125,17175700,0.0,0.0
2024-07-17 00:00:00-04:00,440.0288496296795,442.2757813397234,436.63857872187197,440.9534606933594,21778000,0.0,0.0
2024-07-18 00:00:00-04:00,441.7687136228689,442.07691730431753,431.886231451246,437.8216857910156,20794800,0.0,0.0
2024-07-19 00:00:00-04:00,430.59376141790096,438.58724438350157,429.5001207828966,434.5805358886719,20940400,0.0,0.0
2024-07-22 00:00:00-04:00,439.23349185507885,442.0272287343498,436.37015276462773,440.3768310546875,15808800,0.0,0.0
2024-07-23 00:00:00-04:00,441.33127259326983,445.7953108894537,440.53591409904936,442.2757873535156,13107100,0.0,0.0
2024-07-24 00:00:00-04:00,437.90124163761953,438.9252800797557,425.11564336198785,426.4180603027344,26805800,0.0,0.0
2024-07-25 00:00:00-04:00,426.31863260886945,427.3128458662045,415.0939867790631,415.97882080078125,29943800,0.0,0.0
2024-07-26 00:00:00-04:00,415.7799870015666,426.4379540941027,414.8553456338981,422.8090515136719,23583800,0.0,0.0
2024-07-29 00:00:00-04:00,429.0825608465564,429.6492697069918,422.2423988579534,424.2606506347656,15125800,0.0,0.0
2024-07-30 00:00:00-04:00,425.2448982961915,426.5671885866718,414.9448331085773,420.4726867675781,32687600,0.0,0.0
2024-07-31 00:00:00-04:00,418.0666600260145,419.3392517370681,409.82462391670987,415.9291076660156,42891400,0.0,0.0
2024-08-01 00:00:00-04:00,418.3549862264431,424.98637136355273,410.6995323530128,414.6962585449219,30296400,0.0,0.0
2024-08-02 00:00:00-04:00,410.1030126570464,412.59849761680636,402.0001807599968,406.12615966796875,29437900,0.0,0.0
2024-08-05 00:00:00-04:00,386.91799678720787,398.7193036046689,383.34874440032485,392.8633728027344,40709200,0.0,0.0
2024-08-06 00:00:00-04:00,397.6853041219084,403.3225066578681,396.1939842314513,397.29754638671875,24946500,0.0,0.0
2024-08-07 00:00:00-04:00,406.27532907710327,407.70696828580475,395.1699533956427,396.1243896484375,20650900,0.0,0.0
2024-08-08 00:00:00-04:00,400.1111573966137,403.51134950514665,397.6256244291568,400.3597106933594,20203000,0.0,0.0
2024-08-09 00:00:00-04:00,401.6919660750819,405.68869229684987,399.93221959838144,403.6704406738281,19276700,0.0,0.0
2024-08-12 00:00:00-04:00,404.7044554196647,406.39463013243375,401.9007666876047,404.4559020996094,16762900,0.0,0.0
2024-08-13 00:00:00-04:00,407.21979148714996,412.5487901543895,407.19991814538804,411.6142272949219,19414300,0.0,0.0
2024-08-14 00:00:00-04:00,412.3996465083127,415.30276256625774,410.0632696291805,414.4477233886719,18267000,0.0,0.0
2024-08-15 00:00:00-04:00,418.1229861127925,419.42775054091777,415.991550712489,419.34808349609375,20752100,0.75,0.0
2024-08-16 00:00:00-04:00,418.919805326896,419.6568394696199,415.6329698343419,416.7983093261719,22775600,0.0,0.0
2024-08-19 00:00:00-04:00,417.28632868553893,420.0651916950313,414.79631569386714,419.8460693359375,15234000,0.0,0.0
2024-08-20 00:00:00-04:00,420.015435317403,424.15879050030776,419.9556774327427,423.10302734375,16387600,0.0,0.0
2024-08-21 00:00:00-04:00,422.38589043229285,424.69662989295495,420.03533264675815,422.4456787109375,16067300,0.0,0.0
2024-08-22 00:00:00-04:00,422.66475709775676,425.0850728631847,412.95370628251766,413.88995361328125,19361900,0.0,0.0
2024-08-23 00:00:00-04:00,415.3142739439322,417.58516466451346,410.44379375355777,415.1250305175781,18493800,0.0,0.0
2024-08-26 00:00:00-04:00,414.70672647734364,415.6130949578331,409.6968209788455,411.8382263183594,13152800,0.0,0.0
2024-08-27 00:00:00-04:00,411.2107324794244,412.7047404254691,408.61117324322794,412.18682861328125,13492900,0.0,0.0
2024-08-28 00:00:00-04:00,413.22264841837114,413.3421641808517,405.6828816466664,408.9597473144531,14882700,0.0,0.0
2024-08-29 00:00:00-04:00,413.2824329478728,420.3640158924635,408.95977368399144,411.4696960449219,17045200,0.0,0.0
2024-08-30 00:00:00-04:00,413.93977626013776,415.822210323597,410.48363692465733,415.4736328125,24308300,0.0,0.0
2024-09-03 00:00:00-04:00,416.2405478075573,418.20267931936957,405.4040060811421,407.80438232421875,20313600,0.0,0.0
2024-09-04 00:00:00-04:00,404.2884945573242,409.5971891641853,402.7546379619835,407.26654052734375,15135800,0.0,0.0
2024-09-05 00:00:00-04:00,405.9916624475026,411.4497822581618,404.50762432491115,406.75860595703125,14195500,0.0,0.0
2024-09-06 00:00:00-04:00,407.42592125419515,409.00956601687597,399.1989078370585,400.0953369140625,19609500,0.0,0.0
2024-09-09 00:00:00-04:00,405.6131601713445,407.01753119323797,400.5434971977151,404.0992431640625,15295100,0.0,0.0
2024-09-10 00:00:00-04:00,406.56934824108026,414.66684525245614,406.0713456246143,412.5453796386719,19594300,0.0,0.0
2024-09-11 00:00:00-04:00,413.84017908445105,422.29625388353406,407.9438146629927,421.3500671386719,19266900,0.0,0.0
2024-09-12 00:00:00-04:00,421.6189886086143,425.6627675750461,418.07321227741465,425.29425048828125,17418800,0.0,0.0
2024-09-13 00:00:00-04:00,424.12887859450143,430.1049097614262,423.7603615358477,428.869873046875,15874600,0.0,0.0
2024-09-16 00:00:00-04:00,428.879848197679,431.79813615912246,426.50935094179886,429.61688232421875,13834700,0.0,0.0
2024-09-17 00:00:00-04:00,438.47140586333086,440.08492951868885,430.5431821213062,433.41168212890625,18874200,0.0,0.0
2024-09-18 00:00:00-04:00,433.2622842089649,434.28816840172493,428.6906237541022,429.0890197753906,18898000,0.0,0.0
2024-09-19 00:00:00-04:00,439.4673922763036,439.73630274210893,435.15467267064554,436.9375305175781,21706600,0.0,0.0
2024-09-20 00:00:00-04:00,435.47341133704515,437.4853309751932,432.4853956233,433.53118896484375,55167100,0.0,0.0
2024-09-23 00:00:00-04:00,432.5451724016005,434.7164566201473,428.6707276626035,431.77825927734375,15128900,0.0,0.0
2024-09-24 00:00:00-04:00,431.2702529601879,431.6188608604207,424.3978231376462,427.45556640625,17015800,0.0,0.0
2024-09-25 00:00:00-04:00,428.11292879639643,431.38979462226376,426.8579828341436,430.3838195800781,13396400,0.0,0.0
2024-09-26 00:00:00-04:00,433.3519041012862,433.5610566850483,427.41572154773536,429.5870056152344,14492000,0.0,0.0
2024-09-27 00:00:00-04:00,429.7961684722898,430.1248672217253,425.762359424982,426.3101501464844,14896100,0.0,0.0
2024-09-30 00:00:00-04:00,426.49937695538483,428.70057032593814,423.67072584299484,428.5810241699219,16807300,0.0,0.0
2024-10-01 00:00:00-04:00,426.73844000863045,426.7683189487975,417.13693529272734,419.0094299316406,19092900,0.0,0.0
2024-10-02 00:00:00-04:00,420.89189457845896,421.1309565128566,415.0453484935869,415.46368408203125,16582300,0.0,0.0
2024-10-03 00:00:00-04:00,415.9616796785687,417.8739927473743,412.63502577299244,414.87603759765625,13686400,0.0,0.0
2024-10-04 00:00:00-04:00,416.5692334072243,418.07321108796054,413.3123071245128,414.39794921875,19169700,0.0,0.0
2024-10-07 00:00:00-04:00,414.3382079936023,415.4437592952022,407.3661708398638,407.9040222167969,20919800,0.0,0.0
2024-10-08 00:00:00-04:00,409.25856700863125,413.99956190900485,406.5394920239681,413.0533447265625,19229300,0.0,0.0
2024-10-09 00:00:00-04:00,414.19871346026423,418.70067647812056,412.6449477589923,415.7923278808594,14974300,0.0,0.0
2024-10-10 00:00:00-04:00,413.5712539026246,415.68278008253634,411.4995460461954,414.1788024902344,13848400,0.0,0.0
2024-10-11 00:00:00-04:00,414.4776477330423,415.46368322393135,411.59917791222887,414.65692138671875,14144900,0.0,0.0
2024-10-14 00:00:00-04:00,416.1010845405741,422.34605664401147,415.8520832387316,417.46563720703125,16653100,0.0,0.0
2024-10-15 00:00:00-04:00,420.4934907291295,420.7923105426525,413.60115139482065,417.0672302246094,18900200,0.0,0.0
2024-10-16 00:00:00-04:00,413.51151588006746,414.6967341717602,408.84024879356656,414.45770263671875,15508900,0.0,0.0
2024-10-17 00:00:00-04:00,420.6727824355961,420.81223776702603,413.92983752079977,415.0553283691406,14820000,0.0,0.0
2024-10-18 00:00:00-04:00,415.4736181228242,417.97357047210465,414.59712869532103,416.4895324707031,17145300,0.0,0.0
2024-10-21 00:00:00-04:00,414.457708513249,417.2863598354636,412.09718088424023,417.1070861816406,14206100,0.0,0.0
2024-10-22 00:00:00-04:00,416.8182287379404,428.85992860317606,416.3700446113444,425.8022155761719,25482200,0.0,0.0
2024-10-23 00:00:00-04:00,429.13881136450993,429.3579337373482,420.8421009299413,422.9038391113281,19654400,0.0,0.0
2024-10-24 00:00:00-04:00,423.6308734743349,424.2783011634291,420.71258556682636,423.0332946777344,13581600,0.0,0.0
2024-10-25 00:00:00-04:00,425.0552047565001,430.79217425375066,424.8659613297776,426.43963623046875,16899100,0.0,0.0
2024-10-28 00:00:00-04:00,429.93564891158985,430.21452917811945,424.59704472930554,424.8858947753906,14882400,0.0,0.0
2024-10-29 00:00:00-04:00,426.29025434116863,431.43961494644003,424.09903059516625,430.2244873046875,17644100,0.0,0.0
2024-10-30 00:00:00-04:00,435.69254402246366,436.7483071680008,430.3738795735308,430.8021545410156,29749100,0.0,0.0
2024-10-31 00:00:00-04:00,413.70073237613923,414.4975548257246,404.67692710480617,404.72674560546875,53971000,0.0,0.0
2024-11-01 00:00:00-04:00,407.3760993641267,413.8401634297127,405.87212177522963,408.73065185546875,24230400,0.0,0.0
2024-11-04 00:00:00-05:00,408.1629209153218,408.78046967487955,403.9498383507318,406.8282775878906,19672300,0.0,0.0
2024-11-05 00:00:00-05:00,406.73866209939297,413.24257521436044,406.4498120639611,409.8163146972656,17626000,0.0,0.0
2024-11-06 00:00:00-05:00,410.77248502778195,418.77040570560524,408.8800507986786,418.50146484375,26681800,0.0,0.0
2024-11-07 00:00:00-05:00,419.5971138468432,425.1448706929316,418.2027124984046,423.73052978515625,19901800,0.0,0.0
2024-11-08 00:00:00-05:00,423.6209440547306,424.7962229099081,420.095077093531,420.85205078125,16891400,0.0,0.0
2024-11-11 00:00:00-05:00,420.83211176857736,423.11297221775334,414.3381687204943,416.34014892578125,24503300,0.0,0.0
2024-11-12 00:00:00-05:00,416.57918414479684,422.744458901271,415.533390819855,421.340087890625,19401200,0.0,0.0
2024-11-13 00:00:00-05:00,419.9556884147255,427.61494119189337,416.5393671420712,423.50146484375,21502200,0.0,0.0
2024-11-14 00:00:00-05:00,423.30222788535474,426.4595778768523,418.3222016749388,425.1846923828125,30246900,0.0,0.0
2024-11-15 00:00:00-05:00,418.14294637599176,421.1110226744225,411.98764100476023,413.3421936035156,28247600,0.0,0.0
2024-11-18 00:00:00-05:00,413.21269235073834,416.72858966014985,410.45376875637714,414.0991516113281,24742000,0.0,0.0
2024-11-19 00:00:00-05:00,411.45973532284427,416.270457948444,409.90596948487496,416.1210632324219,18133500,0.0,0.0
2024-11-20 00:00:00-05:00,415.2046922657536,415.62302783332285,408.93981090505724,413.8302001953125,19191700,0.0,0.0
2024-11-21 00:00:00-05:00,418.6605301722443,418.9399686403921,409.4689690149979,412.0437927246094,20780200,0.83,0.0
2024-11-22 00:00:00-05:00,410.5467888521348,416.56472079906104,410.2374116400306,416.16552734375,24814600,0.0,0.0
2024-11-25 00:00:00-05:00,417.54278213072394,420.23736087052777,414.0198472532827,417.95196533203125,27691100,0.0,0.0
2024-11-26 00:00:00-05:00,418.75036014607525,428.18146205416855,418.01185069672323,427.133544921875,23458900,0.0,0.0
2024-11-27 00:00:00-05:00,424.2593075311874,426.37509083138485,421.17549451394376,422.1435546875,18332400,0.0,0.0
2024-11-29 00:00:00-05:00,419.24935840992123,424.0297817162198,416.9639323784013,422.61260986328125,16271900,0.0,0.0
2024-12-02 00:00:00-05:00,420.72641076442574,432.13353107658475,420.4669212999132,430.1175842285156,20207200,0.0,0.0
2024-12-03 00:00:00-05:00,428.9798333762607,431.60457529422956,426.88402964452257,430.3371276855469,18302000,0.0,0.0
2024-12-04 00:00:00-05:00,432.1634480898198,438.79017518476684,431.7642546343851,436.544677734375,26009400,0.0,0.0
2024-12-05 00:00:00-05:00,437.0436765362191,443.770179142923,435.2971785217715,441.7342529296875,21697800,0.0,0.0
2024-12-06 00:00:00-05:00,441.4148949698492,445.2073090094776,440.88595677867977,442.682373046875,18821000,0.0,0.0
2024-12-09 00:00:00-05:00,441.7143023543043,447.4328163406456,439.6184986530788,445.12744140625,19144400,0.0,0.0
2024-12-10 00:00:00-05:00,443.500747434082,448.7202622082635,440.71632196493806,442.4428405761719,18469500,0.0,0.0
2024-12-11 00:00:00-05:00,443.1614051498909,449.4488165759074,443.1614051498909,448.0915222167969,19200200,0.0,0.0
2024-12-12 00:00:00-05:00,448.2112581986308,455.24716851093444,448.2112581986308,448.6603698730469,20834800,0.0,0.0
2024-12-13 00:00:00-05:00,447.5426110314286,450.5266178755225,444.6883184556146,446.37493896484375,20177800,0.0,0.0
2024-12-16 00:00:00-05:00,446.37494735046533,451.27512549789225,444.38893932865295,450.6863098144531,23598800,0.0,0.0
2024-12-17 00:00:00-05:00,450.10748972576295,454.3789237624039,448.67036888572403,453.5505676269531,22733500,0.0,0.0
2024-12-18 00:00:00-05:00,450.4168569277278,451.7441820228141,436.1454548251872,436.5147399902344,24444500,0.0,0.0
2024-12-19 00:00:00-05:00,440.73626782337294,442.29314366547726,435.4468858542376,436.15545654296875,22963700,0.0,0.0
2024-12-20 00:00:00-05:00,432.2432815476765,442.85201454579715,427.7722660445124,435.726318359375,64263700,0.0,0.0
2024-12-23 00:00:00-05:00,435.86603695951885,436.7742196281346,431.96385754199804,434.3790283203125,19152500,0.0,0.0
2024-12-24 00:00:00-05:00,433.7802087154167,438.7203153724094,433.32113775673025,438.4508361816406,7164500,0.0,0.0
2024-12-26 00:00:00-05:00,438.20133650274425,440.0576302640168,435.7562575113133,437.2332763671875,8194200,0.0,0.0
2024-12-27 00:00:00-05:00,433.73031978660106,434.3490742197977,425.49682901810996,429.66845703125,18117700,0.0,0.0
2024-12-30 00:00:00-05:00,425.2074080072107,426.6944166190143,421.05572893712207,423.9798583984375,13158700,0.0,0.0
2024-12-31 00:00:00-05:00,425.24732556190753,425.8760697244736,419.81820926028456,420.6565246582031,13246500,0.0,0.0
2025-01-02 00:00:00-05:00,424.67847521686525,425.2174031564215,414.01985416103116,417.74237060546875,16896500,0.0,0.0
2025-01-03 00:00:00-05:00,420.2373611517797,423.1814700735548,418.7004647827294,422.5028381347656,16662900,0.0,0.0
2025-01-06 00:00:00-05:00,427.1435291929144,433.450889550372,424.6285829292995,426.99383544921875,20573600,0.0,0.0
2025-01-07 00:00:00-05:00,428.1415176926379,429.7882097463078,419.957914728963,421.5247802734375,18139100,0.0,0.0
2025-01-08 00:00:00-05:00,422.61261379874435,426.11559975123726,420.69647292951623,423.7104187011719,15054600,0.0,0.0
2025-01-10 00:00:00-05:00,423.7802594986814,423.86008600637365,414.1894746460312,418.11163330078125,20201100,0.0,0.0
2025-01-13 00:00:00-05:00,414.4090535363967,417.66253969684465,411.4649750549722,416.35516357421875,17604800,0.0,0.0
2025-01-14 00:00:00-05:00,416.9739281792526,418.9000587938386,409.89811945983064,414.8382263183594,16935900,0.0,0.0
2025-01-15 00:00:00-05:00,418.29128437786517,427.29322350331137,417.4329894853562,425.4569091796875,19637800,0.0,0.0
2025-01-16 00:00:00-05:00,427.84212760615685,428.6305247845027,423.5407549144398,423.7303466796875,15300000,0.0,0.0
2025-01-17 00:00:00-05:00,433.22135040368397,433.61058460419247,427.31321381371214,428.1714782714844,26197500,0.0,0.0
2025-01-21 00:00:00-05:00,429.33912735658424,430.03770829379437,424.7483264493822,427.64251708984375,26085700,0.0,0.0
2025-01-22 00:00:00-05:00,436.68440364505375,446.37496460039233,435.1275277712005,445.30712890625,27803800,0.0,0.0
2025-01-23 00:00:00-05:00,441.1155043659929,445.85599903960934,440.61650492666485,445.8160705566406,18389300,0.0,0.0
2025-01-24 00:00:00-05:00,444.2691915941594,445.7562002010948,440.5167060042179,443.17138671875,15549500,0.0,0.0
2025-01-27 00:00:00-05:00,423.16152296669173,434.32913308449037,422.6525337820519,433.6903991699219,35647800,0.0,0.0
2025-01-28 00:00:00-05:00,433.73032267022137,447.4827461239755,430.51676503368185,446.30511474609375,23491700,0.0,0.0
2025-01-29 00:00:00-05:00,445.79611510422404,445.98573732495043,439.51869372032735,441.44482421875,23581400,0.0,0.0
2025-01-30 00:00:00-05:00,417.9319804505241,422.0137922192137,412.33322134699057,414.1595458984375,54586300,0.0,0.0
2025-01-31 00:00:00-05:00,418.141600337115,419.84816997012905,414.0797374049759,414.22943115234375,34223400,0.0,0.0
2025-02-03 00:00:00-05:00,410.7763492208031,414.57872255523336,407.8422300476431,410.09771728515625,25679100,0.0,0.0
2025-02-04 00:00:00-05:00,411.86416676091864,413.09171636714575,408.9200578355856,411.5447998046875,20532100,0.0,0.0
2025-02-05 00:00:00-05:00,411.5248607564065,413.0018796658512,409.5787506797878,412.4629821777344,16316700,0.0,0.0
2025-02-06 00:00:00-05:00,413.1715497090401,417.36315732347487,413.1715497090401,414.9879150390625,16309800,0.0,0.0
2025-02-07 00:00:00-05:00,415.6465973451397,417.8122379259866,407.2833615993766,408.9300537109375,22886800,0.0,0.0
2025-02-10 00:00:00-05:00,412.8821197108573,414.62861779989964,410.0977246861568,411.3951110839844,20817900,0.0,0.0
2025-02-11 00:00:00-05:00,408.8202828688126,411.6645553606299,408.48093644203584,410.6166687011719,18140600,0.0,0.0
2025-02-12 00:00:00-05:00,406.3951110778186,409.92803560329327,403.56079794352274,408.2214660644531,19121700,0.0,0.0
2025-02-13 00:00:00-05:00,406.185550721702,410.17754630619044,405.54681680905935,409.7184753417969,23891700,0.0,0.0
2025-02-14 00:00:00-05:00,406.9739674594389,408.0917213200678,405.06778596420224,407.6126708984375,22758500,0.0,0.0
2025-02-18 00:00:00-05:00,407.18354917543536,409.7783523938356,405.6865508328786,408.8202819824219,21423100,0.0,0.0
2025-02-19 00:00:00-05:00,407.06380569744374,414.6585628844229,406.8342549807474,413.94000244140625,24114200,0.0,0.0
2025-02-20 00:00:00-05:00,415.2900085449219,419.30999755859375,412.5400085449219,416.1300048828125,23508700,0.83,0.0
2025-02-21 00:00:00-05:00,417.3399963378906,418.04998779296875,407.8900146484375,408.2099914550781,27524800,0.0,0.0
2025-02-24 00:00:00-05:00,408.510009765625,409.3699951171875,399.32000732421875,404.0,26443700,0.0,0.0
2025-02-25 00:00:00-05:00,401.1000061035156,401.9200134277344,396.70001220703125,397.8999938964844,29387400,0.0,0.0
2025-02-26 00:00:00-05:00,398.010009765625,403.6000061035156,394.25,399.7300109863281,19619000,0.0,0.0
2025-02-27 00:00:00-05:00,401.2699890136719,405.739990234375,392.1700134277344,392.5299987792969,21127400,0.0,0.0
2025-02-28 00:00:00-05:00,392.6600036621094,397.6300048828125,386.57000732421875,396.989990234375,32845700,0.0,0.0
2025-03-03 00:00:00-05:00,398.82000732421875,398.82000732421875,386.1600036621094,388.489990234375,23007700,0.0,0.0
2025-03-04 00:00:00-05:00,383.3999938964844,392.5799865722656,381.0,388.6099853515625,29342900,0.0,0.0
2025-03-05 00:00:00-05:00,389.3399963378906,401.6700134277344,388.80999755859375,401.0199890136719,23433100,0.0,0.0
2025-03-06 00:00:00-05:00,394.2799987792969,402.1499938964844,392.67999267578125,396.8900146484375,23304600,0.0,0.0
2025-03-07 00:00:00-05:00,392.32000732421875,394.79998779296875,385.5400085449219,393.30999755859375,22034100,0.0,0.0
2025-03-10 00:00:00-04:00,385.8399963378906,386.3999938964844,377.2200012207031,380.1600036621094,32840100,0.0,0.0
2025-03-11 00:00:00-04:00,379.0,386.0,376.9100036621094,380.45001220703125,30380200,0.0,0.0
2025-03-12 00:00:00-04:00,382.95001220703125,385.2200012207031,378.95001220703125,383.2699890136719,24253600,0.0,0.0
2025-03-13 00:00:00-04:00,383.1600036621094,385.32000732421875,377.45001220703125,378.7699890136719,20473000,0.0,0.0
2025-03-14 00:00:00-04:00,379.7799987792969,390.2300109863281,379.510009765625,388.55999755859375,19929300,0.0,0.0
