Date,Open,High,Low,Close,Volume,Dividends,Stock Splits
2020-03-16 00:00:00-04:00,5.290756572420966,5.631750563263404,4.832196188838089,4.8919758796691895,726972000,0.0,0.0
2020-03-17 00:00:00-04:00,5.004313640663392,5.501233162342391,4.757473213532937,5.4118123054504395,833632000,0.0,0.0
2020-03-18 00:00:00-04:00,4.984136810345993,5.2292336038861995,4.500419131132714,5.051887035369873,874268000,0.0,0.0
2020-03-19 00:00:00-04:00,5.030465592002757,5.398360421718481,4.817002462405313,5.304705619812012,765512000,0.0,0.0
2020-03-20 00:00:00-04:00,5.454903162780322,5.73686436466875,5.109426173092745,5.124869346618652,804636000,0.0,0.0
2020-03-23 00:00:00-04:00,5.1238724206528605,5.392134482741824,4.944782258783055,5.297731876373291,643876000,0.0,0.0
2020-03-24 00:00:00-04:00,5.70398505471387,6.293314107330515,5.680322405254976,6.2066330909729,1101644000,0.0,0.0
2020-03-25 00:00:00-04:00,6.321707557152374,6.521471541307993,6.069138160419877,6.1179585456848145,793432000,0.0,0.0
2020-03-26 00:00:00-04:00,6.325195367925752,6.531435756080723,6.227057171149388,6.407392978668213,696108000,0.0,0.0
2020-03-27 00:00:00-04:00,6.227057648597609,6.55385370240851,6.1941787918144025,6.29505729675293,638828000,0.0,0.0
2020-03-30 00:00:00-04:00,6.360566030862803,6.624593635536396,6.316478448251134,6.615377426147461,602252000,0.0,0.0
2020-03-31 00:00:00-04:00,6.655479517008711,6.859727421478084,6.420096797169394,6.565810203552246,949960000,0.0,0.0
2020-04-01 00:00:00-04:00,6.367788726624759,6.514248946259146,6.009857415927741,6.054442882537842,656912000,0.0,0.0
2020-04-02 00:00:00-04:00,6.083586335487414,6.376507282646197,6.035513726718876,6.363306045532227,675764000,0.0,0.0
2020-04-03 00:00:00-04:00,6.325693003710181,6.3672896952032865,5.937872125496398,6.0753655433654785,663212000,0.0,0.0
2020-04-06 00:00:00-04:00,6.357577616461794,6.72223433295234,6.300039372327948,6.685369968414307,727884000,0.0,0.0
2020-04-07 00:00:00-04:00,6.907052465159574,6.930715589086109,6.408887836296941,6.451979160308838,784520000,0.0,0.0
2020-04-08 00:00:00-04:00,6.561077251171953,6.674160741564589,6.4910850854844675,6.649252414703369,542444000,0.0,0.0
2020-04-09 00:00:00-04:00,6.775040333575889,6.797955674888884,6.486602727115854,6.549620628356934,525564000,0.0,0.0
2020-04-13 00:00:00-04:00,6.489839474046614,6.730203934202917,6.401415370592808,6.7214860916137695,398408000,0.0,0.0
2020-04-14 00:00:00-04:00,6.849762686403946,7.1068154962349865,6.8221145381760495,7.072691440582275,530948000,0.0,0.0
2020-04-15 00:00:00-04:00,6.9045617690365395,7.078172272245437,6.85922898423787,6.995227813720703,366148000,0.0,0.0
2020-04-16 00:00:00-04:00,7.150654563277259,7.44756051799299,7.137453327078443,7.340455055236816,745620000,0.0,0.0
2020-04-17 00:00:00-04:00,7.42265265770683,7.4440738466150815,7.147167873331114,7.281174182891846,539120000,0.0,0.0
2020-04-20 00:00:00-04:00,7.154640880780786,7.310566278221043,7.105571537705695,7.149908065795898,449388000,0.0,0.0
2020-04-21 00:00:00-04:00,7.031842995013919,7.09311684107269,6.653237765638514,6.713017463684082,735160000,0.0,0.0
2020-04-22 00:00:00-04:00,6.905309041918552,7.170332899901606,6.8597273118792295,7.127490520477295,483356000,0.0,0.0
2020-04-23 00:00:00-04:00,7.169586628521331,7.301599973046277,7.049030479455314,7.074187755584717,424160000,0.0,0.0
2020-04-24 00:00:00-04:00,7.063974286406707,7.215166857112754,6.989249310229326,7.213174343109131,352328000,0.0,0.0
2020-04-27 00:00:00-04:00,7.347679246189242,7.559648251538082,7.32301986550024,7.399737358093262,479388000,0.0,0.0
2020-04-28 00:00:00-04:00,7.5471934376689775,7.577083522460443,7.251782102156666,7.257261753082275,442904000,0.0,0.0
2020-04-29 00:00:00-04:00,7.392014627836235,7.486915103080698,7.316791769981914,7.434109687805176,379160000,0.0,0.0
2020-04-30 00:00:00-04:00,7.380060330024743,7.434111435420304,7.26622999714843,7.280178546905518,375916000,0.0,0.0
2020-05-01 00:00:00-04:00,7.082655837227171,7.195988277040804,6.995227982233045,7.04355001449585,342096000,0.0,0.0
2020-05-04 00:00:00-04:00,6.996223664055567,7.2692180393081935,6.996223664055567,7.255518436431885,317556000,0.0,0.0
2020-05-05 00:00:00-04:00,7.359634900393483,7.479194289752949,7.255518206879686,7.3165435791015625,368896000,0.0,0.0
2020-05-06 00:00:00-04:00,7.396000628885586,7.522285342216522,7.358140014415435,7.417421340942383,323464000,0.0,0.0
2020-05-07 00:00:00-04:00,7.556658630118783,7.657038766296395,7.505347832309202,7.593771934509277,373732000,0.0,0.0
2020-05-08 00:00:00-04:00,7.665507869307592,7.790049022261694,7.631632755518658,7.783822059631348,339216000,0.0,0.0
2020-05-11 00:00:00-04:00,7.778841979900483,8.082722762809253,7.750197565543606,8.035895347595215,469060000,0.0,0.0
2020-05-12 00:00:00-04:00,8.093681816501817,8.142501744653913,7.764145876214521,7.773859977722168,493060000,0.0,0.0
2020-05-13 00:00:00-04:00,7.888436555350383,8.04884533424827,7.566871210946985,7.751441478729248,625852000,0.0,0.0
2020-05-14 00:00:00-04:00,7.812963067036288,8.006500081380212,7.659279174618406,8.001020431518555,602312000,0.0,0.0
2020-05-15 00:00:00-04:00,7.860789067661687,8.469296907800649,7.845096949660704,8.459583282470703,987660000,0.0,0.0
2020-05-18 00:00:00-04:00,8.728339713617045,8.883767166512907,8.648633473697114,8.718127250671387,774460000,0.0,0.0
2020-05-19 00:00:00-04:00,8.757981016729753,9.054139613482196,8.73058181657847,8.773175239562988,717320000,0.0,0.0
2020-05-20 00:00:00-04:00,8.957996530775512,9.009805697784032,8.856121765358052,8.937073707580566,587536000,0.0,0.0
2020-05-21 00:00:00-04:00,9.018275970218983,9.019271752328489,8.705428406382124,8.743040084838867,761068000,0.0,0.0
2020-05-22 00:00:00-04:00,8.792853995602819,9.059621877759398,8.681265611055084,8.99311637878418,1038764000,0.0,0.0
2020-05-26 00:00:00-04:00,9.123138732558434,9.148047537042254,8.64016827317592,8.685750007629395,770780000,0.0,0.0
2020-05-27 00:00:00-04:00,8.593339012702568,8.601060122818971,7.967395095749297,8.493955612182617,1175892000,0.0,0.0
2020-05-28 00:00:00-04:00,8.381369333016186,8.728341341966937,8.34849047916104,8.455845832824707,734896000,0.0,0.0
2020-05-29 00:00:00-04:00,8.523096665387579,8.842918395996094,8.453851825358742,8.842918395996094,745256000,0.0,0.0
2020-06-01 00:00:00-04:00,8.800825188704158,8.808297353850003,8.657602672309377,8.773923873901367,389876000,0.0,0.0
2020-06-02 00:00:00-04:00,8.763960479468725,8.804809388620695,8.6262176271479,8.792853355407715,391320000,0.0,0.0
2020-06-03 00:00:00-04:00,8.789865451620612,8.833703608573678,8.6680636547622,8.737308502197266,365440000,0.0,0.0
2020-06-04 00:00:00-04:00,8.699929084213318,8.914486821981658,8.649591583712459,8.738306045532227,424280000,0.004,0.0
2020-06-05 00:00:00-04:00,8.766216491605745,8.968064626034899,8.679994515638443,8.891312599182129,481748000,0.0,0.0
2020-06-08 00:00:00-04:00,8.848700868943123,8.861160479365633,8.657817013593998,8.776683807373047,387736000,0.0,0.0
2020-06-09 00:00:00-04:00,8.771699486873592,9.080452938826516,8.723106342386192,9.016907691955566,468488000,0.0,0.0
2020-06-10 00:00:00-04:00,9.138268502032796,9.469449687626918,9.124063574620239,9.336627960205078,632180000,0.0,0.0
2020-06-11 00:00:00-04:00,9.120572123559084,9.231464254182418,8.75774342237057,8.767960548400879,583652000,0.0,0.0
2020-06-12 00:00:00-04:00,9.133032174458457,9.15770233076544,8.675258754258273,8.90377140045166,570908000,0.0,0.0
2020-06-15 00:00:00-04:00,8.786900466028952,9.1527198178345,8.71562963502627,9.144247055053711,400004000,0.0,0.0
2020-06-16 00:00:00-04:00,9.195330819969957,9.23694649746912,8.810322587730733,9.03933334350586,535716000,0.0,0.0
2020-06-17 00:00:00-04:00,9.084439533349283,9.269093077702948,9.041078537240452,9.20629596710205,408304000,0.0,0.0
2020-06-18 00:00:00-04:00,9.197325372464938,9.252646909884222,9.085186992478928,9.1883544921875,254408000,0.0,0.0
2020-06-19 00:00:00-04:00,9.21277449670793,9.414622606088821,9.197573338557122,9.231463432312012,524160000,0.0,0.0
2020-06-22 00:00:00-04:00,9.270089807030988,9.50059587754508,9.243425276825075,9.496109962463379,398468000,0.0,0.0
2020-06-23 00:00:00-04:00,9.520283127566138,9.611489140165338,9.377245254661855,9.419608116149902,375108000,0.0,0.0
2020-06-24 00:00:00-04:00,9.445773236990211,9.525765883557868,9.11509025800938,9.205798149108887,449372000,0.0,0.0
2020-06-25 00:00:00-04:00,9.325662340438853,9.474432388422377,9.152720249131848,9.459480285644531,376072000,0.0,0.0
2020-06-26 00:00:00-04:00,9.469446690750026,9.469446690750026,9.095652742430946,9.125555992126465,592084000,0.0,0.0
2020-06-29 00:00:00-04:00,9.14025880191366,9.174897025038359,8.87137576871444,9.170411109924316,342248000,0.0,0.0
2020-06-30 00:00:00-04:00,9.284043038927212,9.495610125137222,9.23669615780364,9.467202186584473,367892000,0.0,0.0
2020-07-01 00:00:00-04:00,9.49012679728022,9.544950195384116,9.382723433232321,9.499346733093262,326648000,0.0,0.0
2020-07-02 00:00:00-04:00,9.608000558259423,9.706184029572597,9.547445924903947,9.581336975097656,364056000,0.0,0.0
2020-07-06 00:00:00-04:00,9.710418519612443,9.8768812346395,9.681262448454584,9.807604789733887,315892000,0.0,0.0
2020-07-07 00:00:00-04:00,9.914260627806415,10.03761235433685,9.819067784478827,9.84000015258789,357800000,0.0,0.0
2020-07-08 00:00:00-04:00,9.961608415928094,10.192115446243932,9.933449530178866,10.183143615722656,365480000,0.0,0.0
2020-07-09 00:00:00-04:00,10.346867718441027,10.536007212490864,10.20058920891485,10.475203514099121,494548000,0.0,0.0
2020-07-10 00:00:00-04:00,10.55469679418127,10.620982643258161,10.34537210964692,10.445549011230469,497676000,0.0,0.0
2020-07-13 00:00:00-04:00,10.560926145450688,10.75754119269287,9.992758651355837,10.01992130279541,457076000,0.0,0.0
2020-07-14 00:00:00-04:00,10.042599101327085,10.369295278645593,9.754029883454939,10.3436279296875,542676000,0.0,0.0
2020-07-15 00:00:00-04:00,10.380754786129524,10.399443719597212,10.023407358636849,10.194355964660645,403984000,0.0,0.0
2020-07-16 00:00:00-04:00,9.98279362146742,10.173926556683249,9.86367775563754,10.102158546447754,344964000,0.0,0.0
2020-07-17 00:00:00-04:00,10.19261461777992,10.21554041339797,10.055307952570034,10.168691635131836,266284000,0.0,0.0
2020-07-20 00:00:00-04:00,10.241206704801446,10.49738012892285,10.124084295904627,10.476945877075195,284852000,0.0,0.0
2020-07-21 00:00:00-04:00,10.479188735913805,10.526038461641557,10.253666681461006,10.295282363891602,277036000,0.0,0.0
2020-07-22 00:00:00-04:00,10.334159150450139,10.568403064693518,10.258403348190198,10.405179977416992,367292000,0.0,0.0
2020-07-23 00:00:00-04:00,10.416391380696087,10.51307953896417,9.998988320073043,10.097171783447266,411660000,0.0,0.0
2020-07-24 00:00:00-04:00,9.843240245664335,10.331415031399883,9.745555856946444,10.161712646484375,473292000,0.0,0.0
2020-07-27 00:00:00-04:00,10.199341982067489,10.408167564338216,10.184887999937322,10.387983322143555,292132000,0.0,0.0
2020-07-28 00:00:00-04:00,10.340884805528349,10.348609438939764,10.176415515634673,10.182644844055176,271636000,0.0,0.0
2020-07-29 00:00:00-04:00,10.357330412789352,10.482426496389571,10.313721314981212,10.431839942932129,284508000,0.0,0.0
2020-07-30 00:00:00-04:00,10.341634697822542,10.588837290995343,10.262141107619685,10.579866409301758,308880000,0.0,0.0
2020-07-31 00:00:00-04:00,10.529277490561459,10.731874707510553,10.399446405844317,10.580612182617188,386080000,0.0,0.0
2020-08-03 00:00:00-04:00,10.697984346886285,11.06305652459791,10.680789762062144,10.974841117858887,412720000,0.0,0.0
2020-08-04 00:00:00-04:00,11.014463809837823,11.191641807556152,10.870926855134206,11.191641807556152,310336000,0.0,0.0
2020-08-05 00:00:00-04:00,11.207840117330324,11.335178722582281,11.130339953317211,11.250452041625977,249924000,0.0,0.0
2020-08-06 00:00:00-04:00,11.313248583108203,11.32147228672258,11.142798993433086,11.299044609069824,244316000,0.0,0.0
2020-08-07 00:00:00-04:00,11.276115322934924,11.467747235405378,11.002000192564937,11.16347885131836,342516000,0.0,0.0
2020-08-10 00:00:00-04:00,11.297798378444579,11.371559793938696,10.821584094052726,11.1290922164917,427796000,0.0,0.0
2020-08-11 00:00:00-04:00,11.038134994023002,11.100933055062995,10.761029198085874,10.815105438232422,354512000,0.0,0.0
2020-08-12 00:00:00-04:00,10.955401353290378,11.43011931181797,10.923005615123632,11.40345573425293,464412000,0.0,0.0
2020-08-13 00:00:00-04:00,11.508865011413713,11.684050490191394,11.319227453098257,11.406196594238281,374460000,0.0,0.0
2020-08-14 00:00:00-04:00,11.49291864273222,11.667106964479247,11.403707004210982,11.526809692382812,366436000,0.0,0.0
2020-08-17 00:00:00-04:00,11.813134319513665,12.36983838973152,11.779244223706865,12.297322273254395,621300000,0.0,0.0
2020-08-18 00:00:00-04:00,12.409957657095925,12.45581018929201,12.047378057682662,12.22131633758545,503448000,0.0,0.0
2020-08-19 00:00:00-04:00,12.256954369804536,12.275394249767562,12.059092119307362,12.099462509155273,622624000,0.0,0.0
2020-08-20 00:00:00-04:00,11.936487018787096,12.335200179706462,11.840546040604925,12.10195255279541,921388000,0.0,0.0
2020-08-21 00:00:00-04:00,12.162506734429796,12.767554860827785,12.15602739626756,12.642707824707031,999868000,0.0,0.0
2020-08-24 00:00:00-04:00,12.842314360697754,12.870972315704087,12.467274157202104,12.679340362548828,490564000,0.0,0.0
2020-08-25 00:00:00-04:00,12.590128087439712,12.720208228124914,12.533311244809951,12.70899486541748,289076000,0.0,0.0
2020-08-26 00:00:00-04:00,12.758085705043182,12.827113095086357,12.636976448614934,12.73192024230957,321244000,0.0,0.0
2020-08-27 00:00:00-04:00,12.740391897809081,12.808672104676598,12.526083230478228,12.587635040283203,317604000,0.0,0.0
2020-08-28 00:00:00-04:00,12.634237491842033,13.10571590176592,12.601841745411164,13.105466842651367,537160000,0.0,0.0
2020-08-31 00:00:00-04:00,13.140351922143596,13.531340444411214,12.995818759589534,13.331485748291016,500840000,0.0,0.0
2020-09-01 00:00:00-04:00,13.440665585128135,13.952916564674936,13.397292569178678,13.780671119689941,511316000,0.004,0.0
2020-09-02 00:00:00-04:00,14.660846685338182,14.683780290429024,13.859441849310095,14.30463981628418,874012000,0.0,0.0
2020-09-03 00:00:00-04:00,13.788398488115515,13.843985707642728,12.841170701150945,12.977521896362305,945128000,0.0,0.0
2020-09-04 00:00:00-04:00,12.74645010480063,13.136559153164002,11.670598810155463,12.585671424865723,1463684000,0.0,0.0
2020-09-08 00:00:00-04:00,11.700259355443837,12.51338003337962,11.670098026330473,11.878238677978516,795728000,0.0,0.0
2020-09-09 00:00:00-04:00,12.363817959051502,12.771874077000696,12.196058807985507,12.677899360656738,736200000,0.0,0.0
2020-09-10 00:00:00-04:00,12.951345351526424,13.027123783656563,12.131494451120494,12.275822639465332,698684000,0.0,0.0
2020-09-11 00:00:00-04:00,12.449070842560646,12.615583396748905,11.861041292987165,12.129007339477539,636928000,0.0,0.0
2020-09-14 00:00:00-04:00,13.04283268112524,13.276149172140206,12.59439501163075,12.834691047668457,1201744000,0.0,0.0
2020-09-15 00:00:00-04:00,13.241248834931985,13.25994431280962,12.790318967266236,12.953092575073242,727556000,0.0,0.0
2020-09-16 00:00:00-04:00,12.919443521878879,13.054548120019335,12.477237981183846,12.477985382080078,556384000,0.0,0.0
2020-09-17 00:00:00-04:00,12.096846190228561,12.553011596158388,11.999630861329774,12.427129745483398,792512000,0.0,0.0
2020-09-18 00:00:00-04:00,12.55700241680166,12.595639043029594,11.953768216184255,12.153682708740234,698460000,0.0,0.0
2020-09-21 00:00:00-04:00,11.890204485124078,12.48596090038017,11.869764119068916,12.48072624206543,721044000,0.0,0.0
2020-09-22 00:00:00-04:00,12.538305284592722,12.611092221030114,12.120030009081646,12.600872039794922,646452000,0.0,0.0
2020-09-23 00:00:00-04:00,12.538807768151708,12.689866433669556,12.044006484659706,12.08837604522705,647012000,0.0,0.0
2020-09-24 00:00:00-04:00,12.037026082317416,12.532824815977994,11.978945617549236,12.311970710754395,731240000,0.0,0.0
2020-09-25 00:00:00-04:00,12.411179703445859,12.84590737096743,12.210018586981217,12.836185455322266,588016000,0.0,0.0
2020-09-28 00:00:00-04:00,13.002200066684653,13.013666868711299,12.712797153507108,12.996965408325195,573808000,0.0,0.0
2020-09-29 00:00:00-04:00,12.899749699023753,13.403525408409639,12.89551252608824,13.187158584594727,621460000,0.0,0.0
2020-09-30 00:00:00-04:00,13.11910749534813,13.582750806261883,13.111878817756462,13.491019248962402,689184000,0.0,0.0
2020-10-01 00:00:00-04:00,13.717855391558192,13.722590831499897,13.421472002917705,13.574773788452148,525004000,0.0,0.0
2020-10-02 00:00:00-04:00,13.186411907767297,13.480052002064452,13.012918874543097,13.024136543273926,552496000,0.0,0.0
2020-10-05 00:00:00-04:00,13.197377938185285,13.60443653635295,13.184166251231318,13.602691650390625,479820000,0.0,0.0
2020-10-06 00:00:00-04:00,13.78964608030835,14.100735985458739,13.625127563332978,13.696418762207031,784420000,0.0,0.0
2020-10-07 00:00:00-04:00,13.958901041754581,14.07805251907267,13.823048103619962,13.92325496673584,418084000,0.0,0.0
2020-10-08 00:00:00-04:00,14.03393288092139,14.043405664638808,13.717858361537509,13.798372268676758,378900000,0.0,0.0
2020-10-09 00:00:00-04:00,13.726828570011925,13.783911539322023,13.620888793999407,13.722590446472168,346892000,0.0,0.0
2020-10-12 00:00:00-04:00,13.948680493281143,14.305137430572008,13.871905504040015,14.184490203857422,434744000,0.0,0.0
2020-10-13 00:00:00-04:00,14.25478494025162,14.306633256884707,13.9778453621998,14.20667552947998,344604000,0.0,0.0
2020-10-14 00:00:00-04:00,14.248802781976442,14.300900235329213,13.919267466775741,14.054122924804688,276100000,0.0,0.0
2020-10-15 00:00:00-04:00,13.770452723605999,13.964883444400389,13.727577969263605,13.929238319396973,267224000,0.0,0.0
2020-10-16 00:00:00-04:00,13.995793185410296,14.08029607546171,13.75225556530927,13.771200180053711,242392000,0.0,0.0
2020-10-19 00:00:00-04:00,13.862431583223284,13.942696338110522,13.3676294650607,13.458364486694336,298068000,0.0,0.0
2020-10-20 00:00:00-04:00,13.543863965624142,13.75948337781822,13.467587249483108,13.605683326721191,229212000,0.0,0.0
2020-10-21 00:00:00-04:00,13.585243481964962,13.751257741305391,13.43817383559243,13.485285758972168,219596000,0.0,0.0
2020-10-22 00:00:00-04:00,13.483043554770541,13.57203274964044,13.193141414504842,13.322014808654785,290480000,0.0,0.0
2020-10-23 00:00:00-04:00,13.410755254752724,13.553587742392796,13.252468875607306,13.550596237182617,233484000,0.0,0.0
2020-10-26 00:00:00-04:00,13.387820907265835,13.652795397077977,13.000454312740802,13.102904319763184,336896000,0.0,0.0
2020-10-27 00:00:00-04:00,13.267172504825904,13.40277628470443,13.153006573141095,13.357658386230469,250520000,0.0,0.0
2020-10-28 00:00:00-04:00,13.159490579429658,13.22130994850956,12.572209425845594,12.590156555175781,376520000,0.0,0.0
2020-10-29 00:00:00-04:00,12.801041149586423,13.15425750922122,12.712799343089458,12.986000061035156,320080000,0.0,0.0
2020-10-30 00:00:00-04:00,12.81250588144576,12.898752703035122,12.264110514178018,12.497427940368652,416820000,0.0,0.0
2020-11-02 00:00:00-05:00,12.620815664385908,12.799293255507335,12.358832678357313,12.54404067993164,299652000,0.0,0.0
2020-11-03 00:00:00-05:00,12.671417759004495,13.066760445964261,12.565976243397154,12.981510162353516,272900000,0.0,0.0
2020-11-04 00:00:00-05:00,13.350181713613207,13.787153497267303,13.298084263597342,13.753999710083008,410228000,0.0,0.0
2020-11-05 00:00:00-05:00,14.121175145319006,14.297159498641282,13.950175365544007,14.118681907653809,319028000,0.0,0.0
2020-11-06 00:00:00-05:00,14.068580320112584,14.546182783638443,13.854457580182475,14.519511222839355,383348000,0.0,0.0
2020-11-09 00:00:00-05:00,14.510036203044763,14.64863054616949,13.571034615016483,13.590975761413574,582976000,0.0,0.0
2020-11-10 00:00:00-05:00,13.566797879335905,13.566797879335905,12.591402719774548,12.732739448547363,644068000,0.0,0.0
2020-11-11 00:00:00-05:00,13.015659804138831,13.395797714770412,12.910467427613282,13.378847122192383,404744000,0.0,0.0
2020-11-12 00:00:00-05:00,13.439670490086485,13.725832772565191,13.277145991940019,13.417485237121582,365812000,0.0,0.0
2020-11-13 00:00:00-05:00,13.587485819362229,13.62886481491568,13.021143385759036,13.258199691772461,346312000,0.0,0.0
2020-11-16 00:00:00-05:00,13.13406343303605,13.60967182378943,13.11761205786951,13.475813865661621,413776000,0.0,0.0
2020-11-17 00:00:00-05:00,13.51295421095362,13.556576360322524,13.264930318063392,13.383084297180176,312028000,0.0,0.0
2020-11-18 00:00:00-05:00,13.425958939432709,13.566049034361518,13.146527101210655,13.389565467834473,510924000,0.0,0.0
2020-11-19 00:00:00-05:00,13.174196318972344,13.448144369389391,13.0617752643355,13.401032447814941,565936000,0.0,0.0
2020-11-20 00:00:00-05:00,13.414742852467638,13.455124365045503,13.026877031101098,13.049561500549316,341088000,0.0,0.0
2020-11-23 00:00:00-05:00,13.132818591923678,13.343451549206788,12.977522773424152,13.101659774780273,361356000,0.0,0.0
2020-11-24 00:00:00-05:00,13.104153406114008,13.123596289399279,12.847405030797862,12.919942855834961,346500000,0.0,0.0
2020-11-25 00:00:00-05:00,12.994473268541617,13.230781249096818,12.982009931957721,13.19613265991211,259916000,0.0,0.0
2020-11-27 00:00:00-05:00,13.335973711129208,13.368379147144227,13.132070214358633,13.222555160522461,167276000,0.0,0.0
2020-11-30 00:00:00-05:00,13.226295119524549,13.373364775324069,12.934398961308828,13.362396240234375,286952000,0.0,0.0
2020-12-01 00:00:00-05:00,13.452881000808961,13.48927447354429,13.18965044428198,13.350929260253906,296948000,0.0,0.0
2020-12-02 00:00:00-05:00,13.311546838793303,13.63360436361833,13.19563598785706,13.50498104095459,283360000,0.0,0.0
2020-12-03 00:00:00-05:00,13.551854342027166,13.624164374715619,13.294033339943539,13.360857009887695,199520000,0.004,0.0
2020-12-04 00:00:00-05:00,13.413220304466646,13.524428545240987,13.353627442000162,13.522683143615723,202244000,0.0,0.0
2020-12-07 00:00:00-05:00,13.565571906629708,13.695231014424005,13.464587802486328,13.571057319641113,223244000,0.0,0.0
2020-12-08 00:00:00-05:00,13.549361768847865,13.563075773818994,13.246657781885267,13.31497859954834,271920000,0.0,0.0
2020-12-09 00:00:00-05:00,13.265609689866503,13.378811595997652,12.834493556769912,12.896829605102539,401300000,0.0,0.0
2020-12-10 00:00:00-05:00,12.835241327651122,13.0344672724086,12.815791751286014,12.938220024108887,207764000,0.0,0.0
2020-12-11 00:00:00-05:00,12.933232817765063,12.985845024344064,12.789361313226891,12.97911262512207,209264000,0.0,0.0
2020-12-14 00:00:00-05:00,13.053666331220567,13.353627148129704,13.043193921699451,13.273837089538574,270156000,0.0,0.0
2020-12-15 00:00:00-05:00,13.404494298023911,13.428680715377455,13.152158665126922,13.32545280456543,193016000,0.0,0.0
2020-12-16 00:00:00-05:00,13.387290863941056,13.402002652350086,13.177841680553392,13.207763671875,223116000,0.0,0.0
2020-12-17 00:00:00-05:00,13.331686842300634,13.344404021172714,13.143931060230669,13.306254386901855,231384000,0.0,0.0
2020-12-18 00:00:00-05:00,13.343903235536635,13.36983505383843,13.036213170490358,13.237184524536133,342064000,0.0,0.0
2020-12-21 00:00:00-05:00,13.04045227501662,13.334927714623442,12.933483400051559,13.297276496887207,302332000,0.0,0.0
2020-12-22 00:00:00-05:00,13.284309595767821,13.302262026171132,13.019755223073906,13.243416786193848,185580000,0.0,0.0
2020-12-23 00:00:00-05:00,13.221224057653092,13.24017426672264,12.970883073592832,12.97512149810791,179144000,0.0,0.0
2020-12-24 00:00:00-05:00,13.003049225221456,13.098049487278816,12.90480831824255,12.959663391113281,97884000,0.0,0.0
2020-12-28 00:00:00-05:00,13.028232572525456,13.028232572525456,12.729767958168171,12.866158485412598,212564000,0.0,0.0
2020-12-29 00:00:00-05:00,12.891094397483993,13.038207502886355,12.808561153661778,12.909296035766602,170372000,0.0,0.0
2020-12-30 00:00:00-05:00,12.956170805423591,13.17908472306344,12.862916909020544,13.111263275146484,225396000,0.0,0.0
2020-12-31 00:00:00-05:00,13.102038200138118,13.116499826176188,12.881118885247153,13.020751953125,192424000,0.0,0.0
2021-01-04 00:00:00-05:00,13.0698742321973,13.616686233298404,12.928495743054027,13.079099655151367,560640000,0.0,0.0
2021-01-05 00:00:00-05:00,13.065385774806634,13.40823403597086,13.05266954832319,13.369585990905762,322760000,0.0,0.0
2021-01-06 00:00:00-05:00,13.187813339939485,13.210254353866354,12.552983660244543,12.581408500671387,580424000,0.0,0.0
2021-01-07 00:00:00-05:00,12.933483697020373,13.342658201023344,12.852696798257327,13.308996200561523,461480000,0.0,0.0
2021-01-08 00:00:00-05:00,13.327447059797182,13.385792937864828,13.007787437418735,13.241921424865723,292528000,0.0,0.0
2021-01-11 00:00:00-05:00,13.383549399534646,13.924377586962526,13.327447336450863,13.58576774597168,518344000,0.0,0.0
2021-01-12 00:00:00-05:00,13.716424494239064,13.71842005450195,13.309994119134455,13.449377059936523,291476000,0.0,0.0
2021-01-13 00:00:00-05:00,13.45461162783204,13.589257712345871,13.34988752954743,13.496252059936523,210028000,0.0,0.0
2021-01-14 00:00:00-05:00,13.539387840584494,13.564072669184723,13.145922972626082,13.165620803833008,283120000,0.0,0.0
2021-01-15 00:00:00-05:00,13.193298680322158,13.290293549213,12.814794785631271,12.825765609741211,277780000,0.0,0.0
2021-01-19 00:00:00-05:00,12.982103118360685,13.059649356202366,12.810305200612568,12.991080284118652,226188000,0.0,0.0
2021-01-20 00:00:00-05:00,13.077354122549842,13.395268338939731,13.022499048639284,13.3306884765625,258572000,0.0,0.0
2021-01-21 00:00:00-05:00,13.383298033959763,13.962524966377716,13.218232516422713,13.831120491027832,337780000,0.0,0.0
2021-01-22 00:00:00-05:00,13.703955033559845,13.80543848122968,13.591500762261244,13.67652702331543,246820000,0.0,0.0
2021-01-25 00:00:00-05:00,13.745595479607013,13.792222906843277,13.201775917820182,13.617432594299316,251112000,0.0,0.0
2021-01-26 00:00:00-05:00,13.544873671973665,13.60895511614543,13.352380132256862,13.400005340576172,163980000,0.0,0.0
2021-01-27 00:00:00-05:00,13.195294491634082,13.198037673497824,12.760189132780942,12.883864402770996,371272000,0.0,0.0
2021-01-28 00:00:00-05:00,12.962157819561993,13.304756872275243,12.926501212450496,13.016763687133789,228316000,0.0,0.0
2021-01-29 00:00:00-05:00,13.040699478065463,13.299768427548274,12.877628563577591,12.955673217773438,271552000,0.0,0.0
2021-02-01 00:00:00-05:00,13.01900904409855,13.235938232062036,12.868903538730756,13.202277183532715,217204000,0.0,0.0
2021-02-02 00:00:00-05:00,13.36360131815735,13.536396077517402,13.250647676765091,13.521186828613281,220440000,0.0,0.0
2021-02-03 00:00:00-05:00,13.600227155952226,13.89520190518766,13.481041442243539,13.495004653930664,245408000,0.0,0.0
2021-02-04 00:00:00-05:00,13.495505828096132,13.637631948217356,13.302763055258103,13.628406524658203,201340000,0.0,0.0
2021-02-05 00:00:00-05:00,13.68899574443707,13.70121355588606,13.51021525363682,13.555346488952637,169152000,0.0,0.0
2021-02-08 00:00:00-05:00,13.691240396955779,14.43578217272252,13.691240396955779,14.400874137878418,434624000,0.0,0.0
2021-02-09 00:00:00-05:00,14.303129021239856,14.544993164702273,14.185189338195658,14.22583293914795,287560000,0.0,0.0
2021-02-10 00:00:00-05:00,14.425310076598658,14.865900849252787,14.303879573670995,14.725520133972168,485352000,0.0,0.0
2021-02-11 00:00:00-05:00,14.940952373280984,15.232186181314688,14.88584714428592,15.210741996765137,450828000,0.0,0.0
2021-02-12 00:00:00-05:00,15.010520821662045,15.251138009365555,14.736241634769597,14.922003746032715,374756000,0.0,0.0
2021-02-16 00:00:00-05:00,15.02473229127375,15.332174092252155,14.910781818050188,15.290034294128418,321960000,0.0,0.0
2021-02-17 00:00:00-05:00,15.13119986482596,15.183562859002489,14.741225821276931,14.86689567565918,274756000,0.0,0.0
2021-02-18 00:00:00-05:00,14.690362043535087,14.834233554075102,14.536765744563722,14.79010009765625,233868000,0.0,0.0
2021-02-19 00:00:00-05:00,14.985086855607292,15.137186961984805,14.807803503760814,14.887344360351562,271724000,0.0,0.0
2021-02-22 00:00:00-05:00,14.735991924439366,15.093551969454566,14.28742178345262,14.31809139251709,325884000,0.0,0.0
2021-02-23 00:00:00-05:00,14.038323047318817,14.201394886429087,13.354372114924548,14.104898452758789,391780000,0.0,0.0
2021-02-24 00:00:00-05:00,14.085702837613358,14.468695336229112,13.719914197710844,14.460965156555176,448320000,0.0,0.0
2021-02-25 00:00:00-05:00,14.00865457563382,14.337041196742353,13.181580543821173,13.272590637207031,824436000,0.0,0.0
2021-02-26 00:00:00-05:00,13.716424445934258,13.818157118558323,13.32595189609916,13.6785249710083,500932000,0.0,0.0
2021-03-01 00:00:00-05:00,13.838601625850457,13.888470650772712,13.517695986619382,13.805438995361328,353184000,0.0,0.0
2021-03-02 00:00:00-05:00,13.863536705004078,13.88398311138837,13.360859102716057,13.371082305908203,264116000,0.0,0.0
2021-03-03 00:00:00-05:00,13.391032778578369,13.416216029216411,12.765178207596337,12.771162986755371,377592000,0.0,0.0
2021-03-04 00:00:00-05:00,12.767168792156996,12.940962272659407,12.052049734320216,12.337798118591309,573344000,0.0,0.0
2021-03-05 00:00:00-05:00,12.517079902758542,12.517079902758542,11.648613567495302,12.428812026977539,542840000,0.0,0.0
2021-03-08 00:00:00-05:00,12.417341665136506,12.438535695041939,11.536159114068337,11.56283950805664,543112000,0.0,0.0
2021-03-09 00:00:00-05:00,12.102604861227075,12.587995903514031,12.031766572887543,12.491716384887695,521824000,0.004,0.0
2021-03-10 00:00:00-05:00,12.811234842956008,12.950416570843228,12.429108324276118,12.439833641052246,384376000,0.0,0.0
2021-03-11 00:00:00-05:00,12.920488306597193,13.016519497184966,12.705479527147515,12.963889122009277,299916000,0.0,0.0
2021-03-12 00:00:00-05:00,12.619424306120195,12.859376656505523,12.561307582910521,12.826701164245605,243964000,0.0,0.0
2021-03-15 00:00:00-04:00,12.835430391734757,13.176650961364134,12.738152752171693,13.161186218261719,221988000,0.0,0.0
2021-03-16 00:00:00-04:00,13.32605940722556,13.481704010875045,13.086855903214838,13.260958671569824,272128000,0.0,0.0
2021-03-17 00:00:00-04:00,13.01003218142403,13.422589637081526,12.959896649151197,13.310845375061035,243864000,0.0,0.0
2021-03-18 00:00:00-04:00,13.10656229172517,13.153953696747985,12.68801798151525,12.69350528717041,293896000,0.0,0.0
2021-03-19 00:00:00-04:00,12.720943269527373,12.892052633539727,12.583756816724813,12.816474914550781,299208000,0.0,0.0
2021-03-22 00:00:00-04:00,12.883322313284456,13.36397394916909,12.877335469562507,13.156198501586914,297804000,0.0,0.0
2021-03-23 00:00:00-04:00,13.22404433068043,13.314088674275723,12.991575514625792,13.040963172912598,222048000,0.0,0.0
2021-03-24 00:00:00-04:00,13.121277230506307,13.129259370912745,12.607950148357045,12.614185333251953,245840000,0.0,0.0
2021-03-25 00:00:00-04:00,12.47101443199076,12.685773901392986,12.244032933114475,12.506682395935059,295144000,0.0,0.0
2021-03-26 00:00:00-04:00,12.525887935677616,12.82695043045627,12.345300678057612,12.809988975524902,363968000,0.0,0.0
2021-03-29 00:00:00-04:00,12.791032674735577,13.032731037287151,12.671056971311053,12.918741226196289,273520000,0.0,0.0
2021-03-30 00:00:00-04:00,12.812732786313775,12.945679342388935,12.676044928817321,12.842414855957031,200204000,0.0,0.0
2021-03-31 00:00:00-04:00,12.985836234542012,13.439799160653553,12.952911452981176,13.317828178405762,314776000,0.0,0.0
2021-04-01 00:00:00-04:00,13.541317337971815,13.83838824514868,13.480455543278254,13.780271530151367,308276000,0.0,0.0
2021-04-05 00:00:00-04:00,13.83589532176299,13.982061072848323,13.701701354086651,13.955621719360352,255672000,0.0,0.0
2021-04-06 00:00:00-04:00,13.96784749157179,14.02222292392441,13.742113374796885,13.829912185668945,191744000,0.0,0.0
2021-04-07 00:00:00-04:00,13.84911434068528,14.211037657105146,13.680250539584906,14.111266136169434,251284000,0.0,0.0
2021-04-08 00:00:00-04:00,14.220266862559335,14.438518308041665,14.216524609947545,14.284370422363281,244416000,0.0,0.0
2021-04-09 00:00:00-04:00,14.18160486312086,14.375162964604147,14.142694188854021,14.367180824279785,195172000,0.0,0.0
2021-04-12 00:00:00-04:00,14.257184670839154,15.31751259440971,14.107027353864249,15.174339294433594,869324000,0.0,0.0
2021-04-13 00:00:00-04:00,15.196785577827692,15.664217957010367,15.091276508804023,15.64376449584961,676212000,0.0,0.0
2021-04-14 00:00:00-04:00,15.589390156598101,15.684672501623222,15.19279603295421,15.242183685302734,385500000,0.0,0.0
2021-04-15 00:00:00-04:00,15.62680486220305,16.177297582654937,15.595875375534593,16.100473403930664,598480000,0.0,0.0
2021-04-16 00:00:00-04:00,16.01641295672224,16.128906991938468,15.829090996501154,15.87623405456543,335208000,0.0,0.0
2021-04-19 00:00:00-04:00,15.501091372928386,15.771473656524103,15.198282892338474,15.326739311218262,404420000,0.0,0.0
2021-04-20 00:00:00-04:00,15.288327945921406,15.461681891457701,14.92889943956875,15.136674880981445,334132000,0.0,0.0
2021-04-21 00:00:00-04:00,15.084294983048128,15.327490063738818,15.067833065018817,15.325494766235352,216776000,0.0,0.0
2021-04-22 00:00:00-04:00,15.339959104116105,15.403314785803596,14.74980689986473,14.816405296325684,277788000,0.0,0.0
2021-04-23 00:00:00-04:00,14.900216066181406,15.300052952841437,14.866294104798794,15.230462074279785,227500000,0.0,0.0
2021-04-26 00:00:00-04:00,15.150392726443197,15.443722352270685,15.090529052039209,15.442724227905273,197796000,0.0,0.0
2021-04-27 00:00:00-04:00,15.542997204875022,15.63478754928176,15.319507712036915,15.346695899963379,164572000,0.0,0.0
2021-04-28 00:00:00-04:00,15.329484273830236,15.496852328511068,15.180823678106417,15.241933822631836,209416000,0.0,0.0
2021-04-29 00:00:00-04:00,15.364902661965958,15.401319454782774,15.037151526614625,15.289824485778809,173196000,0.0,0.0
2021-04-30 00:00:00-04:00,15.139918040773958,15.329983201869698,14.96282183706927,14.975293159484863,201912000,0.0,0.0
2021-05-03 00:00:00-04:00,15.090531535996236,15.212003957312048,14.753801047611589,14.802938461303711,203912000,0.0,0.0
2021-05-04 00:00:00-04:00,14.60389189606982,14.604141189307825,13.978320963327217,14.318543434143066,405324000,0.0,0.0
2021-05-05 00:00:00-04:00,14.675476412223556,14.77973901550892,14.354709316649194,14.42554759979248,292024000,0.0,0.0
2021-05-06 00:00:00-04:00,14.462214770271128,14.538041777814561,14.185597291076173,14.489901542663574,193380000,0.0,0.0
2021-05-07 00:00:00-04:00,14.774502332832308,14.936631423425602,14.638313059413157,14.77849292755127,229328000,0.0,0.0
2021-05-10 00:00:00-04:00,14.753547376814467,14.772254833269624,14.217522277804061,14.233236312866211,268904000,0.0,0.0
2021-05-11 00:00:00-04:00,13.793492369290098,14.32203492946594,13.71866348603011,14.273645401000977,285584000,0.0,0.0
2021-05-12 00:00:00-04:00,13.977570688888433,14.227749748406719,13.678005882819994,13.727143287658691,303408000,0.0,0.0
2021-05-13 00:00:00-04:00,14.001766578694564,14.048660348398045,13.428326490766908,13.634106636047363,285404000,0.0,0.0
2021-05-14 00:00:00-04:00,13.858344627203556,14.29534613838963,13.717166637888369,14.210539817810059,258616000,0.0,0.0
2021-05-17 00:00:00-04:00,14.124735177145284,14.136957205584439,13.821927643121665,14.13321590423584,216980000,0.0,0.0
2021-05-18 00:00:00-04:00,14.23448425219446,14.371421392185121,13.972083168805666,13.983806610107422,186256000,0.0,0.0
2021-05-19 00:00:00-04:00,13.535578887865395,14.047410143313218,13.512382252349774,14.03369140625,344000000,0.0,0.0
2021-05-20 00:00:00-04:00,14.2699030303963,14.650284506427553,14.237976372451099,14.57919692993164,321592000,0.0,0.0
2021-05-21 00:00:00-04:00,15.129187510870683,15.187305170033527,14.835608648541253,14.957579612731934,672992000,0.0,0.0
2021-05-24 00:00:00-04:00,15.17783039783231,15.709117099060474,15.141413604010136,15.576420783996582,554816000,0.0,0.0
2021-05-25 00:00:00-04:00,15.730067640638532,15.782447759983752,15.44721404467354,15.61208724975586,435408000,0.0,0.0
2021-05-26 00:00:00-04:00,15.69839110432169,15.75775524271262,15.550728638016997,15.66421890258789,370440000,0.0,0.0
2021-05-27 00:00:00-04:00,15.663969971167402,15.714105503916327,15.424766456507427,15.452702522277832,581476000,0.0,0.0
2021-05-28 00:00:00-04:00,15.465675040588696,16.24040521683252,15.465675040588696,16.20747947692871,644536000,0.0,0.0
2021-06-01 00:00:00-04:00,16.232918599922378,16.35089898323958,15.867003764601602,16.22743034362793,472804000,0.0,0.0
2021-06-02 00:00:00-04:00,16.215210925909048,16.88019202823062,16.198498765123478,16.74001121520996,594168000,0.0,0.0
2021-06-03 00:00:00-04:00,16.66269186570318,17.219670124621256,16.545210032687685,16.93107795715332,580008000,0.0,0.0
2021-06-04 00:00:00-04:00,17.073500620788053,17.620750674848225,17.056541068113297,17.538190841674805,617120000,0.0,0.0
2021-06-07 00:00:00-04:00,17.53120432837869,17.771903582760572,17.153566981858148,17.57884407043457,575756000,0.0,0.0
2021-06-08 00:00:00-04:00,17.487304802500514,17.581339727964668,17.211683552862734,17.41721534729004,323848000,0.0,0.0
2021-06-09 00:00:00-04:00,17.479836821102058,17.538965213865822,17.22036969325011,17.32265853881836,381656000,0.004,0.0
2021-06-10 00:00:00-04:00,17.314425705549816,17.456134744782876,17.140782690693,17.389270782470703,287772000,0.0,0.0
2021-06-11 00:00:00-04:00,17.44365825407932,17.902466667525747,17.40798212256188,17.788700103759766,416308000,0.0,0.0
2021-06-14 00:00:00-04:00,17.86928407777206,18.002509484726332,17.62653296585785,17.981801986694336,321376000,0.0,0.0
2021-06-15 00:00:00-04:00,17.878267304909148,17.979309393443955,17.69165046284507,17.752025604248047,243032000,0.0,0.0
2021-06-16 00:00:00-04:00,17.75427048170476,17.917933757296694,17.548442256286553,17.77372932434082,307124000,0.0,0.0
2021-06-17 00:00:00-04:00,17.738056049490442,18.796380852352936,17.71984395555316,18.618995666503906,809656000,0.0,0.0
2021-06-18 00:00:00-04:00,18.74548887026443,19.33527678825158,18.545898154945938,18.600536346435547,968856000,0.0,0.0
2021-06-21 00:00:00-04:00,18.39745025777969,18.498494256767234,17.786206870403326,18.389467239379883,672384000,0.0,0.0
2021-06-22 00:00:00-04:00,18.43362504750395,18.92486614279743,18.348299647421335,18.8480224609375,580144000,0.0,0.0
2021-06-23 00:00:00-04:00,18.96878090929133,19.113484095049657,18.86898554313254,19.018178939819336,332356000,0.0,0.0
2021-06-24 00:00:00-04:00,19.18832603442068,19.38018114291999,19.049110497974752,19.166120529174805,320924000,0.0,0.0
2021-06-25 00:00:00-04:00,19.24096637412508,19.30583362670558,18.855758174325253,18.99197769165039,278364000,0.0,0.0
2021-06-28 00:00:00-04:00,19.321549543533276,20.03757898993622,19.2793864972352,19.944021224975586,495436000,0.0,0.0
2021-06-29 00:00:00-04:00,19.84173216140045,20.057538224477703,19.61669442518028,19.985687255859375,367632000,0.0,0.0
2021-06-30 00:00:00-04:00,19.958245265520905,20.12116051801287,19.82302313148326,19.961488723754883,326568000,0.0,0.0
2021-07-01 00:00:00-04:00,20.083735514290062,20.41405620450806,19.977951959245576,20.170557022094727,480136000,0.0,0.0
2021-07-02 00:00:00-04:00,20.39833880688421,20.463206060983406,20.246151347327103,20.444992065429688,342764000,0.0,0.0
2021-07-06 00:00:00-04:00,20.694976946599773,20.799262486376495,20.308522008641315,20.656057357788086,446708000,0.0,0.0
2021-07-07 00:00:00-04:00,20.810739680965114,20.83219522915429,20.290309396748288,20.32997703552246,418428000,0.0,0.0
2021-07-08 00:00:00-04:00,19.815785826411023,20.091717673491328,19.66035491019757,19.861940383911133,503300000,0.0,0.0
2021-07-09 00:00:00-04:00,19.92156664846601,20.039075370392204,19.713743617995966,20.009136199951172,296624000,0.0,0.0
2021-07-12 00:00:00-04:00,20.19849956395264,20.49064871386537,20.146356789005843,20.470441818237305,321984000,0.0,0.0
2021-07-13 00:00:00-04:00,20.358671605643057,20.419298007480663,20.072759999501244,20.208480834960938,290708000,0.0,0.0
2021-07-14 00:00:00-04:00,20.316005696247302,20.375882131291046,19.71224672567586,19.800813674926758,380100000,0.0,0.0
2021-07-15 00:00:00-04:00,19.77113381892626,19.806311262647124,18.819837218746272,18.927366256713867,550564000,0.0,0.0
2021-07-16 00:00:00-04:00,18.991480426516045,19.117720229645098,18.035943220014392,18.123762130737305,688224000,0.0,0.0
2021-07-19 00:00:00-04:00,17.878517774320905,19.00295655360081,17.828868501426797,18.74124526977539,749060000,0.0,0.0
2021-07-20 00:00:00-04:00,18.691595362338763,18.799373720092376,18.12675590967269,18.573837280273438,434687000,0.0,4.0
2021-07-21 00:00:00-04:00,18.843280145795415,19.486957952142763,18.703567841820753,19.370197296142578,371017000,0.0,0.0
2021-07-22 00:00:00-04:00,19.601727296802768,19.846223896044886,19.236476596697116,19.55382537841797,323826000,0.0,0.0
2021-07-23 00:00:00-04:00,19.615693358782373,19.65960375629647,19.21052576914919,19.517894744873047,195672000,0.0,0.0
2021-07-26 00:00:00-04:00,19.271409466922062,19.40213950540462,18.875222131270636,19.254444122314453,203943000,0.0,0.0
2021-07-27 00:00:00-04:00,19.225495761297395,19.581764069185333,18.702570076115773,19.16861343383789,248863000,0.0,0.0
2021-07-28 00:00:00-04:00,19.279388051239483,19.605717226720746,18.95605298334581,19.463010787963867,202191000,0.0,0.0
2021-07-29 00:00:00-04:00,19.478980473837968,19.812297231772675,19.28837208483873,19.621688842773438,190781000,0.0,0.0
2021-07-30 00:00:00-04:00,19.378183515098645,19.589748711840976,19.223502553973766,19.45901870727539,183497000,0.0,0.0
2021-08-02 00:00:00-04:00,19.65961216637368,19.920076748966853,19.321306477771643,19.709508895874023,217444000,0.0,0.0
2021-08-03 00:00:00-04:00,19.699523218402682,20.18053523537102,19.18058901323196,19.774370193481445,301811000,0.0,0.0
2021-08-04 00:00:00-04:00,19.94901707592636,20.27634564373421,19.7873485470414,20.23243522644043,231309000,0.0,0.0
2021-08-05 00:00:00-04:00,20.457966376428395,20.690488430456615,20.300289398787864,20.594684600830078,211435000,0.0,0.0
2021-08-06 00:00:00-04:00,20.481916703623906,20.52782191080842,20.168559464200868,20.32423973083496,178497000,0.0,0.0
2021-08-09 00:00:00-04:00,20.40407883524216,20.465951991106525,20.101700576845037,20.253389358520508,146443000,0.0,0.0
2021-08-10 00:00:00-04:00,20.280336557307983,20.388114938915336,19.794333583297004,19.89512825012207,179238000,0.0,0.0
2021-08-11 00:00:00-04:00,20.00190004850871,20.007888262929665,19.390158072563768,19.658605575561523,185925000,0.0,0.0
2021-08-12 00:00:00-04:00,19.82925725328981,19.987929715073147,19.579769880167298,19.864185333251953,151652000,0.0,0.0
2021-08-13 00:00:00-04:00,19.864185784506034,20.172552199918112,19.810295657947307,20.146604537963867,183063000,0.0,0.0
2021-08-16 00:00:00-04:00,20.093712061602965,20.245400801786964,19.413109436698434,19.90909194946289,210876000,0.0,0.0
2021-08-17 00:00:00-04:00,19.644638023102544,19.729464731826763,19.22749580678188,19.41810417175293,204585000,0.0,0.0
2021-08-18 00:00:00-04:00,19.460015252777776,19.593741262399412,18.961040502706553,19.000959396362305,285913000,0.0,0.0
2021-08-19 00:00:00-04:00,19.454028707916844,20.45297759855377,18.723529260876187,19.75740623474121,766555000,0.0,0.0
2021-08-20 00:00:00-04:00,19.950010047710816,20.822218562508386,19.892130309855503,20.773319244384766,675741000,0.0,0.0
2021-08-23 00:00:00-04:00,20.928001463334397,21.951896810931448,20.907044613368058,21.91297721862793,575807000,0.0,0.0
2021-08-24 00:00:00-04:00,21.708396911428117,21.913973895266203,21.49084349746949,21.748313903808594,297299000,0.0,0.0
2021-08-25 00:00:00-04:00,21.692429924717715,22.42392678210335,21.677461289847624,22.16745376586914,347701000,0.0,0.0
2021-08-26 00:00:00-04:00,22.154482079765433,22.29419441591644,21.745322892376493,22.02275276184082,237940000,0.0,0.0
2021-08-27 00:00:00-04:00,22.138517123604025,22.675414192164936,22.12155178000806,22.589590072631836,304722000,0.0,0.0
2021-08-30 00:00:00-04:00,22.783190447883996,22.99575306868684,22.504763165366676,22.641481399536133,262580000,0.0,0.0
2021-08-31 00:00:00-04:00,22.652460784760265,22.652460784760265,22.078539691889592,22.343042373657227,259850000,0.004,0.0
2021-09-01 00:00:00-04:00,22.44285537745588,22.65445790419429,22.315095038029632,22.398937225341797,201767000,0.0,0.0
2021-09-02 00:00:00-04:00,22.475794055645235,22.550654244299455,22.253212452046817,22.354022979736328,187834000,0.0,0.0
2021-09-03 00:00:00-04:00,22.283153658089955,22.94291394583907,22.158387964380097,22.800182342529297,280532000,0.0,0.0
2021-09-07 00:00:00-04:00,22.790203015084845,22.856079292366953,22.47978511733156,22.619524002075195,198107000,0.0,0.0
2021-09-08 00:00:00-04:00,22.47080039788564,22.56761869550648,21.935803914105733,22.29712677001953,254434000,0.0,0.0
2021-09-09 00:00:00-04:00,22.270180391945427,22.49575662754275,22.089519887989418,22.135433197021484,196856000,0.0,0.0
2021-09-10 00:00:00-04:00,22.306111815053313,22.58359062659003,22.228258896952823,22.435869216918945,248376000,0.0,0.0
2021-09-13 00:00:00-04:00,22.641481778146552,22.92095763955937,21.81702979556362,22.1104793548584,297500000,0.0,0.0
2021-09-14 00:00:00-04:00,22.233246938092215,22.367994119992584,22.04460202569577,22.20030975341797,199755000,0.0,0.0
2021-09-15 00:00:00-04:00,22.267184155866353,22.325076004521907,21.9248266618489,22.299123764038086,166538000,0.0,0.0
2021-09-16 00:00:00-04:00,22.141420328903294,22.235243996454347,21.8858996623171,22.20030975341797,156033000,0.0,0.0
2021-09-17 00:00:00-04:00,22.258201451764013,22.27916199923843,21.78908307702213,21.858951568603516,294503000,0.0,0.0
2021-09-20 00:00:00-04:00,21.106362476128833,21.39282515963159,20.623270463367287,21.07342529296875,349440000,0.0,0.0
2021-09-21 00:00:00-04:00,21.376857685741996,21.384842112502014,20.91073393353003,21.206178665161133,204688000,0.0,0.0
2021-09-22 00:00:00-04:00,21.32595075308163,21.91883722130404,21.156269325247195,21.899873733520508,268726000,0.0,0.0
2021-09-23 00:00:00-04:00,22.098501364527507,22.49276145465925,21.84896995109328,22.439861297607422,248555000,0.0,0.0
2021-09-24 00:00:00-04:00,22.028630847710065,22.107483239240203,21.82002297078628,22.039609909057617,217655000,0.0,0.0
2021-09-27 00:00:00-04:00,21.66930745391913,21.75814133943312,21.285030745012563,21.619401931762695,245215000,0.0,0.0
2021-09-28 00:00:00-04:00,21.174236070678667,21.378851731817658,20.61228975766216,20.660200119018555,343069000,0.0,0.0
2021-09-29 00:00:00-04:00,20.900753668486963,20.977609015916958,20.428638712979975,20.478546142578125,218394000,0.0,0.0
2021-09-30 00:00:00-04:00,20.72907620163611,21.026518024203938,20.649226214027703,20.677173614501953,221009000,0.0,0.0
2021-10-01 00:00:00-04:00,20.7111075192128,20.81990247026338,20.165131897885484,20.703123092651367,240978000,0.0,0.0
2021-10-04 00:00:00-04:00,20.465571251423203,20.50350013868955,19.518350454832174,19.695018768310547,345635000,0.0,0.0
2021-10-05 00:00:00-04:00,19.912607817291025,20.609299487136077,19.81678708313489,20.412668228149414,279282000,0.0,0.0
2021-10-06 00:00:00-04:00,20.08228682900517,20.681160633760157,20.04236089334236,20.66119956970215,297202000,0.0,0.0
2021-10-07 00:00:00-04:00,21.05246791250463,21.282038287736984,20.932693885558372,21.03550148010254,256919000,0.0,0.0
2021-10-08 00:00:00-04:00,21.061450345280186,21.166253087457257,20.736061152048205,20.791955947875977,151258000,0.0,0.0
2021-10-11 00:00:00-04:00,20.53643403794635,21.02351827271409,20.47255292113807,20.656208038330078,163388000,0.0,0.0
2021-10-12 00:00:00-04:00,20.78895703179556,21.01752786268928,20.48952014328837,20.632251739501953,162134000,0.0,0.0
2021-10-13 00:00:00-04:00,20.878791116440304,20.950656664118235,20.674175439233597,20.899751663208008,180652000,0.0,0.0
2021-10-14 00:00:00-04:00,21.248102262469594,21.71422606954995,21.082413013166708,21.705244064331055,243589000,0.0,0.0
2021-10-15 00:00:00-04:00,21.769117552433713,21.889891032469546,21.621396160074113,21.821020126342773,226994000,0.0,0.0
2021-10-18 00:00:00-04:00,21.708236321965515,22.249220266718705,21.6034316769626,22.180349349975586,189494000,0.0,0.0
2021-10-19 00:00:00-04:00,22.234242936381442,22.33705050360084,21.99569252338082,22.248218536376953,161473000,0.0,0.0
2021-10-20 00:00:00-04:00,22.263192160502342,22.390952498212002,21.94079763235497,22.06157112121582,146276000,0.0,0.0
2021-10-21 00:00:00-04:00,22.055579656692842,22.668429043567482,22.041605960384647,22.649463653564453,187590000,0.0,0.0
2021-10-22 00:00:00-04:00,22.780223239069972,23.086647042833416,22.51871516881252,22.68340492248535,249384000,0.0,0.0
2021-10-25 00:00:00-04:00,22.92993674590677,23.311220657458257,22.72731815221987,23.122575759887695,230235000,0.0,0.0
2021-10-26 00:00:00-04:00,23.94403538165205,25.211655352856283,23.879156684477824,24.670669555664062,485898000,0.0,0.0
2021-10-27 00:00:00-04:00,24.428126137261565,25.04297071184437,24.236484687501985,24.405168533325195,245990000,0.0,0.0
2021-10-28 00:00:00-04:00,24.831373035409772,24.903238593071087,24.47703884581431,24.894254684448242,234204000,0.0,0.0
2021-10-29 00:00:00-04:00,24.954138212280494,25.66081133782431,24.953140634941878,25.51907730102539,292503000,0.0,0.0
2021-11-01 00:00:00-04:00,25.60092529063793,25.84546501189111,25.17971537761912,25.77859115600586,265740000,0.0,0.0
2021-11-02 00:00:00-04:00,25.773595889934718,26.62799027052055,25.751635865914444,26.35150909423828,294112000,0.0,0.0
2021-11-03 00:00:00-04:00,26.620007017701074,26.733793643921814,26.185822960597328,26.548141479492188,239910000,0.0,0.0
2021-11-04 00:00:00-04:00,27.177964146874924,31.306211626575355,27.067172135821593,29.74514389038086,1153631000,0.0,0.0
2021-11-05 00:00:00-04:00,30.130417853663417,31.341143555275014,29.354873833641875,29.69623374938965,851260000,0.0,0.0
2021-11-08 00:00:00-05:00,30.092490515186665,31.041708225527604,29.850943528129683,30.74626350402832,503101000,0.0,0.0
2021-11-09 00:00:00-05:00,32.22149093283239,32.24943832676834,29.907835084715092,30.59953498840332,646746000,0.0,0.0
2021-11-10 00:00:00-05:00,29.30097811813441,30.79217735388519,28.72406045944693,29.403783798217773,636206000,0.0,0.0
2021-11-11 00:00:00-05:00,30.410891240075124,30.53266230455437,29.721186464615332,30.333036422729492,332172000,0.0,0.0
2021-11-12 00:00:00-05:00,29.95374953179042,30.622493760998218,29.574460737077853,30.333036422729492,413054000,0.0,0.0
2021-11-15 00:00:00-05:00,30.494737900135824,30.586564524684693,29.192183494325846,29.968725204467773,384909000,0.0,0.0
2021-11-16 00:00:00-05:00,29.70322098675446,30.333036864576925,29.65031892792296,30.146387100219727,264484000,0.0,0.0
2021-11-17 00:00:00-05:00,30.360984817465404,30.451815757988463,28.7460175104748,29.206153869628906,428508000,0.0,0.0
2021-11-18 00:00:00-05:00,32.306333486090914,32.69859461239762,31.262292624753737,31.615629196166992,781711000,0.0,0.0
2021-11-19 00:00:00-05:00,32.18256225749875,33.02597956876637,31.845196475255754,32.92317199707031,533867000,0.0,0.0
2021-11-22 00:00:00-05:00,33.454175976198115,34.58205903594551,31.84020811210379,31.896102905273438,754335000,0.0,0.0
2021-11-23 00:00:00-05:00,31.47588799437304,32.2993423065723,30.822115096042634,31.686492919921875,532163000,0.0,0.0
2021-11-24 00:00:00-05:00,31.40203282737438,32.79341914298425,30.87003088944136,32.61275863647461,435162000,0.0,0.0
2021-11-26 00:00:00-05:00,32.53889461478636,32.64868904531779,31.29123945806128,31.443952560424805,283069000,0.0,0.0
2021-11-29 00:00:00-05:00,32.30533696623884,33.34937405420525,31.975953663397153,33.31344223022461,454964000,0.0,0.0
2021-11-30 00:00:00-05:00,33.10683359082286,33.29049065819166,31.80428101273231,32.6147575378418,622066000,0.0,0.0
2021-12-01 00:00:00-05:00,33.16079744251858,33.23067448810756,31.325017022507975,31.379920959472656,484368000,0.004,0.0
2021-12-02 00:00:00-05:00,31.15930157777207,32.42108649501557,30.970631698136373,32.0697021484375,472890000,0.0,0.0
2021-12-03 00:00:00-05:00,31.94393229120707,32.07270788285371,30.077207910176693,30.639223098754883,544325000,0.0,0.0
2021-12-06 00:00:00-05:00,29.827640986085843,30.18800847333297,27.98886963330003,29.98436737060547,658938000,0.0,0.0
2021-12-07 00:00:00-05:00,30.902756606380816,32.392142841620974,30.597291131834343,32.37017822265625,593053000,0.0,0.0
2021-12-08 00:00:00-05:00,31.94293226813798,32.233422746850074,31.36594401255075,31.770235061645508,475551000,0.0,0.0
2021-12-09 00:00:00-05:00,31.6783946707129,32.14857195475035,30.37468329865997,30.436574935913086,488507000,0.0,0.0
2021-12-10 00:00:00-05:00,31.095415868447336,31.250144949351395,29.80867500856265,30.145084381103516,488825000,0.0,0.0
2021-12-13 00:00:00-05:00,30.195998888423453,30.240920116532646,28.06673496085565,28.111656188964844,598344000,0.0,0.0
2021-12-14 00:00:00-05:00,27.650465209942464,28.627749897244694,27.20225254192556,28.2873477935791,667035000,0.0,0.0
2021-12-15 00:00:00-05:00,28.350241383264752,30.446562457887914,27.789225761503076,30.4056339263916,698297000,0.0,0.0
2021-12-16 00:00:00-05:00,31.097415740907646,31.105401144450823,28.043775720321822,28.33725929260254,707366000,0.0,0.0
2021-12-17 00:00:00-05:00,27.93596451634102,28.871322953137728,27.711358386778297,27.752286911010742,713758000,0.0,0.0
2021-12-20 00:00:00-05:00,27.257158860918736,28.094687634833022,27.097439351309067,27.670433044433594,461847000,0.0,0.0
2021-12-21 00:00:00-05:00,28.324283561491015,29.068976708015693,27.352986976778755,29.02405548095703,524385000,0.0,0.0
2021-12-22 00:00:00-05:00,28.840378926185185,29.503215046409085,28.399152043018393,29.348485946655273,395184000,0.0,0.0
2021-12-23 00:00:00-05:00,29.702862462287506,30.00633064659535,29.379430769017233,29.588064193725586,343022000,0.0,0.0
2021-12-27 00:00:00-05:00,29.608029328774624,31.032528972229475,29.58806391599303,30.890777587890625,403686000,0.0,0.0
2021-12-28 00:00:00-05:00,31.257136433970018,31.27510454463421,29.95941310813058,30.268871307373047,420591000,0.0,0.0
2021-12-29 00:00:00-05:00,30.21995567466968,30.494473432594628,29.314543448020515,29.94843101501465,343139000,0.0,0.0
2021-12-30 00:00:00-05:00,29.77473948606718,30.4036367231407,29.488243590606505,29.534162521362305,308864000,0.0,0.0
2021-12-31 00:00:00-05:00,29.6220062223588,29.977383352467218,29.279606801609862,29.359466552734375,266530000,0.0,0.0
2022-01-03 00:00:00-05:00,29.76275846512053,30.65718839576648,29.732810345904568,30.068222045898438,391547000,0.0,0.0
2022-01-04 00:00:00-05:00,30.22394803607981,30.414613344143667,28.299326845991395,29.238677978515625,527154000,0.0,0.0
2022-01-05 00:00:00-05:00,28.89827420780447,29.364456877758002,27.48475689863298,27.555631637573242,498064000,0.0,0.0
2022-01-06 00:00:00-05:00,27.59157032025487,28.38817244992483,27.017578941512586,28.12862777709961,454186000,0.0,0.0
2022-01-07 00:00:00-05:00,28.091691414138594,28.372199176316535,27.009589286388195,27.199256896972656,409939000,0.0,0.0
2022-01-10 00:00:00-05:00,26.534424542018602,27.42086908903126,25.59906606532703,27.35198974609375,594681000,0.0,0.0
2022-01-11 00:00:00-05:00,27.27512514321652,28.01582560455743,26.791973944653037,27.768259048461914,404089000,0.0,0.0
2022-01-12 00:00:00-05:00,28.017821375861725,28.544896110029402,27.559625985910053,27.949941635131836,383413000,0.0,0.0
2022-01-13 00:00:00-05:00,28.329274682646453,28.43009754522804,26.451570009485632,26.5284366607666,540171000,0.0,0.0
2022-01-14 00:00:00-05:00,26.253915387974256,27.149344895054742,26.164072937043017,26.894790649414062,395832000,0.0,0.0
2022-01-18 00:00:00-05:00,26.213983557091677,26.591321428306713,25.72484243633331,25.857608795166016,424270000,0.0,0.0
2022-01-19 00:00:00-05:00,26.033308788065007,26.49649463402767,25.008107715821858,25.023080825805664,488315000,0.0,0.0
2022-01-20 00:00:00-05:00,25.25966433666662,25.534182113390173,24.035810741574327,24.107685089111328,435181000,0.0,0.0
2022-01-21 00:00:00-05:00,23.46581426384629,24.77950853590366,23.222242284700727,23.33304786682129,718958000,0.0,0.0
2022-01-24 00:00:00-05:00,22.290874867397406,23.339034369598377,20.851402002026376,23.3310489654541,913982000,0.0,0.0
2022-01-25 00:00:00-05:00,22.506492708334257,22.902798318938427,21.961449923339515,22.284881591796875,664616000,0.0,0.0
2022-01-26 00:00:00-05:00,23.199276047776902,24.01484384553794,22.260922687646417,22.73209571838379,755959000,0.0,0.0
2022-01-27 00:00:00-05:00,23.52670498128017,23.95295683827954,21.637020339093276,21.905550003051758,573353000,0.0,0.0
2022-01-28 00:00:00-05:00,21.973428117025183,22.817946364989552,21.258683139923846,22.799978256225586,543774000,0.0,0.0
2022-01-31 00:00:00-05:00,23.141378345935742,24.466054667495563,23.01160697733415,24.44309425354004,564680000,0.0,0.0
2022-02-01 00:00:00-05:00,25.060012633846654,25.100941158842325,23.84813911503411,24.594829559326172,518925000,0.0,0.0
2022-02-02 00:00:00-05:00,25.748803893317607,25.7717624041856,24.509977269651007,25.197771072387695,543419000,0.0,0.0
2022-02-03 00:00:00-05:00,24.41514489111472,25.033059761828103,23.73833338493086,23.906038284301758,410178000,0.0,0.0
2022-02-04 00:00:00-05:00,23.92999606449557,24.59183445369835,23.590591664698938,24.27638816833496,354829000,0.0,0.0
2022-02-07 00:00:00-05:00,24.32929429852448,25.13787445601279,24.159592102112708,24.68467140197754,376868000,0.0,0.0
2022-02-08 00:00:00-05:00,24.316318617844477,25.185792784105224,23.937982972320302,25.064006805419922,410359000,0.0,0.0
2022-02-09 00:00:00-05:00,25.577104409106095,26.678172352297,25.308576654463888,26.658206939697266,524282000,0.0,0.0
2022-02-10 00:00:00-05:00,25.949453184069903,26.87782206679956,25.55514483417539,25.778751373291016,513200000,0.0,0.0
2022-02-11 00:00:00-05:00,25.870590198315274,26.106176738658828,23.73134552582586,23.90703582763672,605472000,0.0,0.0
2022-02-14 00:00:00-05:00,23.892064854710046,24.831416097685928,23.71337763060002,24.2244815826416,440424000,0.0,0.0
2022-02-15 00:00:00-05:00,24.905285257930018,26.49848951224235,24.74057535116085,26.448577880859375,699869000,0.0,0.0
2022-02-16 00:00:00-05:00,26.212988863297966,26.53542284600836,25.50722696162252,26.46454620361328,732676000,0.0,0.0
2022-02-17 00:00:00-05:00,25.585093343558952,25.739822456551337,24.12266189291838,24.464061737060547,810595000,0.0,0.0
2022-02-18 00:00:00-05:00,24.62477977895651,24.942223420148153,23.05952810024348,23.60057830810547,761255000,0.0,0.0
2022-02-22 00:00:00-05:00,22.99463678764962,24.021833053025585,22.959698268691692,23.349014282226562,633422000,0.0,0.0
2022-02-23 00:00:00-05:00,23.760296175065644,24.112678317780876,22.261926649888636,22.347774505615234,566511000,0.0,0.0
2022-02-24 00:00:00-05:00,20.97817568570192,23.758295494434478,20.853394717970634,23.70638656616211,735801000,0.0,0.0
2022-02-25 00:00:00-05:00,23.679438620503394,24.174567954151772,23.340034189143203,24.114673614501953,528866000,0.0,0.0
2022-02-28 00:00:00-05:00,23.94996266290202,24.621783791712947,23.665462181929623,24.342273712158203,477319000,0.0,0.0
2022-03-01 00:00:00-05:00,24.248438306705097,24.33428806146982,23.0914686803487,23.435863494873047,412056000,0.0,0.0
2022-03-02 00:00:00-05:00,23.718417851383332,24.370384664963016,23.377957719167526,24.181682586669922,389642000,0.004,0.0
2022-03-03 00:00:00-05:00,24.223612651520526,24.287512474639268,23.431868039395695,23.676481246948242,365095000,0.0,0.0
2022-03-04 00:00:00-05:00,23.347002740032476,23.642533938176978,22.446429452930165,22.89971160888672,431415000,0.0,0.0
2022-03-07 00:00:00-05:00,22.780900603372093,22.996560377460327,21.29625367731159,21.318218231201172,450821000,0.0,0.0
2022-03-08 00:00:00-05:00,21.275285813794373,22.33760157518028,20.617328059710964,21.479961395263672,557467000,0.0,0.0
2022-03-09 00:00:00-05:00,22.351581700991208,23.183264033281336,22.211803797860465,22.977590560913086,492742000,0.0,0.0
2022-03-10 00:00:00-05:00,22.495354352227555,22.751947727878036,21.84738095284978,22.622154235839844,428066000,0.0,0.0
2022-03-11 00:00:00-05:00,22.9855770902532,23.108383593316066,22.011121351979686,22.06503677368164,367209000,0.0,0.0
2022-03-14 00:00:00-04:00,21.834401952883447,22.22677986262866,21.125526111998212,21.296255111694336,385354000,0.0,0.0
2022-03-15 00:00:00-04:00,21.483955222900324,23.001550831506428,21.288266174917517,22.93665313720703,491996000,0.0,0.0
2022-03-16 00:00:00-04:00,23.46282036717551,24.558084912150203,23.1353401835326,24.457244873046875,671422000,0.0,0.0
2022-03-17 00:00:00-04:00,24.081838364861714,24.80269423972406,23.868176253173743,24.726816177368164,471941000,0.0,0.0
2022-03-18 00:00:00-04:00,24.759767307709588,26.52696759184535,24.58504492269525,26.411149978637695,730719000,0.0,0.0
2022-03-21 00:00:00-04:00,26.46505797222257,27.109037846462524,25.92591149955732,26.69169807434082,591727000,0.0,0.0
2022-03-22 00:00:00-04:00,26.68471261905234,27.194905714445504,26.030750159353722,26.48203468322754,547007000,0.0,0.0
2022-03-23 00:00:00-04:00,26.0846650979012,26.569896250630553,25.53453815380786,25.59344482421875,502120000,0.0,0.0
2022-03-24 00:00:00-04:00,26.12460269441279,28.275194144251657,25.86601168572694,28.1054630279541,877379000,0.0,0.0
2022-03-25 00:00:00-04:00,27.841880951681336,28.313134317487354,27.227854178048023,27.6481876373291,579016000,0.0,0.0
2022-03-28 00:00:00-04:00,27.71208959715497,28.205307554645753,27.162958572961415,28.17435646057129,425494000,0.0,0.0
2022-03-29 00:00:00-04:00,28.649598405290835,28.90020072410984,27.935729527464726,28.610660552978516,488984000,0.0,0.0
2022-03-30 00:00:00-04:00,28.25921757002773,28.450913219235957,27.459484337725492,27.646188735961914,463487000,0.0,0.0
2022-03-31 00:00:00-04:00,27.738043905197447,28.20330622061863,27.22685484159966,27.242828369140625,523440000,0.0,0.0
2022-04-01 00:00:00-04:00,27.331687987480848,27.45249683388837,26.225441234293676,26.669736862182617,517235000,0.0,0.0
2022-04-04 00:00:00-04:00,26.685715137656494,27.51440194539432,26.57089730394758,27.316715240478516,397120000,0.0,0.0
2022-04-05 00:00:00-04:00,27.21088144403923,27.275779141436164,25.779150145109142,25.88997459411621,436615000,0.0,0.0
2022-04-06 00:00:00-04:00,24.89455002716388,25.25997017360934,23.965023277210598,24.368383407592773,703833000,0.0,0.0
2022-04-07 00:00:00-04:00,24.40232794299152,24.682883464754596,23.440852315450794,24.169696807861328,557992000,0.0,0.0
2022-04-08 00:00:00-04:00,23.879158080016047,23.88514910472886,23.0255113273418,23.082420349121094,524781000,0.0,0.0
2022-04-11 00:00:00-04:00,22.17885714219664,22.28468843988748,21.625732742259814,21.882326126098633,575207000,0.0,0.0
2022-04-12 00:00:00-04:00,22.50134297361651,22.689045248795317,21.24832754814828,21.4699764251709,662258000,0.0,0.0
2022-04-13 00:00:00-04:00,21.693626368608857,22.464404404314973,21.421057545807987,22.16787338256836,516943000,0.0,0.0
2022-04-14 00:00:00-04:00,22.46939400417776,22.74096493748478,21.12951812677189,21.224367141723633,569097000,0.0,0.0
2022-04-18 00:00:00-04:00,21.16645927175718,22.05305290950582,21.045650421935058,21.748537063598633,525701000,0.0,0.0
2022-04-19 00:00:00-04:00,21.685635559735957,22.337602310242648,21.28027776536861,22.162879943847656,512781000,0.0,0.0
2022-04-20 00:00:00-04:00,22.48137366262457,22.63413146320953,21.166457991779502,21.44801139831543,468974000,0.0,0.0
2022-04-21 00:00:00-04:00,21.674658575814945,22.35657871465058,19.968362376384523,20.151073455810547,656209000,0.0,0.0
2022-04-22 00:00:00-04:00,20.27087856646262,20.453589609860156,19.469149477885896,19.4841251373291,624713000,0.0,0.0
2022-04-25 00:00:00-04:00,19.17162060867915,19.913445155411033,19.065789314403048,19.870513916015625,641566000,0.0,0.0
2022-04-26 00:00:00-04:00,19.686802954155635,19.75669189674931,18.640460745330987,18.75827407836914,653143000,0.0,0.0
2022-04-27 00:00:00-04:00,18.568575296461518,19.136675313654155,18.261063930223024,18.385866165161133,499460000,0.0,0.0
2022-04-28 00:00:00-04:00,18.93698897780138,20.005297595782352,18.460744415559034,19.750699996948242,570327000,0.0,0.0
2022-04-29 00:00:00-04:00,19.371307102135845,20.096158426486486,18.487706914443038,18.51766014099121,500435000,0.0,0.0
2022-05-02 00:00:00-04:00,18.511666932632682,19.543031679322635,18.361904626208553,19.502098083496094,572049000,0.0,0.0
2022-05-03 00:00:00-04:00,19.36930572544229,19.79363445026666,19.102727963969997,19.570985794067383,475751000,0.0,0.0
2022-05-04 00:00:00-04:00,19.891481213837118,20.367725861414897,18.72133448924937,20.301830291748047,648855000,0.0,0.0
2022-05-05 00:00:00-04:00,19.835570298208268,19.893477199554358,18.47073236054234,18.81418800354004,626331000,0.0,0.0
2022-05-06 00:00:00-04:00,18.706356810624374,19.481128129269695,17.961536808566503,18.64545249938965,633297000,0.0,0.0
2022-05-09 00:00:00-04:00,18.00546803272832,18.226117145161634,16.800376947832692,16.92318344116211,644455000,0.0,0.0
2022-05-10 00:00:00-04:00,17.661014619319474,18.16921014217234,16.998065530145627,17.567163467407227,761474000,0.0,0.0
2022-05-11 00:00:00-04:00,17.31955381351451,17.724911580118736,16.541787012472994,16.603687286376953,670167000,0.0,0.0
2022-05-12 00:00:00-04:00,16.193341264041266,16.761441344854425,15.542373259298687,16.149410247802734,708728000,0.0,0.0
2022-05-13 00:00:00-04:00,16.761442890436623,17.899638896104506,16.566751668870417,17.677989959716797,670437000,0.0,0.0
2022-05-16 00:00:00-04:00,17.481297997545482,17.759855892789677,17.07893574693461,17.236684799194336,521446000,0.0,0.0
2022-05-17 00:00:00-04:00,18.04540146963005,18.341932419242756,17.606099039261828,18.148239135742188,585830000,0.0,0.0
2022-05-18 00:00:00-04:00,17.676990169187597,18.08933689945816,16.837321048409155,16.911203384399414,545161000,0.0,0.0
2022-05-19 00:00:00-04:00,16.91020226237054,17.659015599508766,16.707522431730485,17.096906661987305,621310000,0.0,0.0
2022-05-20 00:00:00-04:00,17.30458031525228,17.382456030278203,15.73007462070742,16.66758918762207,739105000,0.0,0.0
2022-05-23 00:00:00-04:00,16.24825212947614,16.88823871274261,16.153403120038337,16.871265411376953,639889000,0.0,0.0
2022-05-24 00:00:00-04:00,16.483878501085666,16.57074074512232,15.755032994513659,16.128440856933594,588550000,0.0,0.0
2022-05-25 00:00:00-04:00,15.994650456044901,17.08392366474536,15.97468164694691,16.948139190673828,781132000,0.0,0.0
2022-05-26 00:00:00-04:00,16.010626990327115,18.06337372418218,15.996649202196377,17.822755813598633,996575000,0.0,0.0
2022-05-27 00:00:00-04:00,18.157231102333768,18.8511313279589,18.07136671001473,18.78124237060547,738379000,0.0,0.0
2022-05-31 00:00:00-04:00,18.94996736360451,19.16962047492309,18.32096505467091,18.6424560546875,664100000,0.0,0.0
2022-06-01 00:00:00-04:00,18.69437574123345,19.022853764053927,18.093327039751365,18.291013717651367,544514000,0.0,0.0
2022-06-02 00:00:00-04:00,18.263061991962847,19.587962351417392,18.169210836464305,19.561004638671875,648656000,0.0,0.0
2022-06-03 00:00:00-04:00,19.051812636929697,19.301417132077827,18.49269719667944,18.690383911132812,598779000,0.0,0.0
2022-06-06 00:00:00-04:00,19.108717283101193,19.306403952174403,18.534626314314043,18.756275177001953,422406000,0.0,0.0
2022-06-07 00:00:00-04:00,18.442773083805278,18.969937542043855,18.15922204233919,18.896055221557617,388914000,0.0,0.0
2022-06-08 00:00:00-04:00,18.773224745279013,19.15370287968814,18.509586772873774,18.622432708740234,363252000,0.004,0.0
2022-06-09 00:00:00-04:00,18.45566321727446,18.90704318439752,18.016265929443026,18.023256301879883,395574000,0.0,0.0
2022-06-10 00:00:00-04:00,17.575868590287566,17.672735713116985,16.845869983240426,16.950727462768555,465248000,0.0,0.0
2022-06-13 00:00:00-04:00,15.978064089326375,16.289636613349888,15.58460420779417,15.625548362731934,604153000,0.0,0.0
2022-06-14 00:00:00-04:00,15.709432554065721,16.043973303080133,15.390869663145198,15.814289093017578,469680000,0.0,0.0
2022-06-15 00:00:00-04:00,16.07293416311362,16.844875148826677,15.904166178242575,16.504343032836914,563936000,0.0,0.0
2022-06-16 00:00:00-04:00,15.838255559738554,15.920143868962862,15.379885215530072,15.579610824584961,545749000,0.0,0.0
2022-06-17 00:00:00-04:00,15.626545464540554,15.973069829679215,15.306984507524353,15.858227729797363,630334000,0.0,0.0
2022-06-21 00:00:00-04:00,16.452414335241084,16.98468267040784,16.38450676600433,16.543289184570312,483089000,0.0,0.0
2022-06-22 00:00:00-04:00,16.20375313433491,16.63915617828488,16.157816675124355,16.337570190429688,437135000,0.0,0.0
2022-06-23 00:00:00-04:00,16.49634866159387,16.562258148807814,15.83126245078347,16.2027530670166,463680000,0.0,0.0
2022-06-24 00:00:00-04:00,16.477376935581376,17.11649882538618,16.287636910270518,17.10251808166504,472153000,0.0,0.0
2022-06-27 00:00:00-04:00,17.288264381866544,17.306239352209836,16.603204110211394,16.845870971679688,427968000,0.0,0.0
2022-06-28 00:00:00-04:00,16.87682839483553,17.178414374885598,15.92313785085493,15.960087776184082,461149000,0.0,0.0
2022-06-29 00:00:00-04:00,15.792316363314557,15.798307701983553,15.149199346875758,15.520689010620117,482352000,0.0,0.0
2022-06-30 00:00:00-04:00,15.339939689323622,15.545657585028724,14.84162423644088,15.138216972351074,686070000,0.0,0.0
2022-07-01 00:00:00-04:00,14.878573864617884,15.042348581207367,14.372268984402996,14.50308895111084,577610000,0.0,0.0
2022-07-05 00:00:00-04:00,14.155565553205147,14.950473724833659,14.035730193518944,14.943483352661133,651397000,0.0,0.0
2022-07-06 00:00:00-04:00,14.989421379778362,15.297997753159068,14.768723702355592,15.109256744384766,529066000,0.0,0.0
2022-07-07 00:00:00-04:00,15.434808686703755,15.923137588985114,15.367900161488345,15.836256980895996,492903000,0.0,0.0
2022-07-08 00:00:00-04:00,15.40884547069508,16.015013612204577,15.36790131679417,15.816286087036133,467972000,0.0,0.0
2022-07-11 00:00:00-04:00,15.504713369588908,15.505712402359757,15.017382517341197,15.131226539611816,437321000,0.0,0.0
2022-07-12 00:00:00-04:00,15.247067074911202,15.409843707011005,14.856603345377188,15.061322212219238,458483000,0.0,0.0
2022-07-13 00:00:00-04:00,14.569997015391333,15.35392061472374,14.4451683925074,15.143209457397461,521918000,0.0,0.0
2022-07-14 00:00:00-04:00,15.087285563609488,15.451784891767781,14.707806458761096,15.350923538208008,456235000,0.0,0.0
2022-07-15 00:00:00-04:00,15.637530405493203,15.760360953090563,15.423823119073793,15.740388870239258,385935000,0.0,0.0
2022-07-18 00:00:00-04:00,16.27964880664775,16.87383233225247,15.98006089057034,16.07892417907715,670517000,0.0,0.0
2022-07-19 00:00:00-04:00,16.463395590625716,17.086540553268563,16.1498269486933,16.96870231628418,702366000,0.0,0.0
2022-07-20 00:00:00-04:00,16.92376190099069,17.90840990780674,16.777962195160043,17.782581329345703,760538000,0.0,0.0
2022-07-21 00:00:00-04:00,17.86048049580398,18.11912428792284,17.52094647197657,18.025253295898438,557049000,0.0,0.0
2022-07-22 00:00:00-04:00,17.8684661344218,17.94236407699637,17.113502185798406,17.29525375366211,536671000,0.0,0.0
2022-07-25 00:00:00-04:00,16.99566763785872,17.10052514024072,16.626175940031704,17.000661849975586,480748000,0.0,0.0
2022-07-26 00:00:00-04:00,16.86584103233199,16.895800580774914,16.455405313749885,16.510330200195312,397865000,0.0,0.0
2022-07-27 00:00:00-04:00,17.008649505743477,17.911411397897158,16.88981316731727,17.76561164855957,569776000,0.0,0.0
2022-07-28 00:00:00-04:00,17.950358329656012,18.11513113955809,17.416091917219173,17.9593448638916,474646000,0.0,0.0
2022-07-29 00:00:00-04:00,17.7885753782972,18.218984167571747,17.667740998284156,18.13809585571289,435460000,0.0,0.0
2022-08-01 00:00:00-04:00,18.15707238058243,18.820163524797316,17.965336169045,18.41571807861328,476469000,0.0,0.0
2022-08-02 00:00:00-04:00,18.097151618360463,18.91203273831528,18.067192067392018,18.50059700012207,489527000,0.0,0.0
2022-08-03 00:00:00-04:00,18.159068404484795,18.94199387860434,18.112131961169382,18.867095947265625,418146000,0.0,0.0
2022-08-04 00:00:00-04:00,18.823158426576263,19.247574977869366,18.734279747108175,19.188655853271484,409652000,0.0,0.0
2022-08-05 00:00:00-04:00,18.784207691004337,19.2026337940128,18.64040603903881,18.962963104248047,386068000,0.0,0.0
2022-08-08 00:00:00-04:00,17.47800479146066,18.213993844249966,17.21836103439292,17.768604278564453,981859000,0.0,0.0
2022-08-09 00:00:00-04:00,17.228345229259787,17.42307754461736,16.70106933362083,17.062572479248047,668263000,0.0,0.0
2022-08-10 00:00:00-04:00,17.673734322817726,18.093158539293153,17.293256191756413,18.072187423706055,597422000,0.0,0.0
2022-08-11 00:00:00-04:00,18.10614231673798,18.681352814995762,17.851490863530667,17.917400360107422,509327000,0.0,0.0
2022-08-12 00:00:00-04:00,18.13510064991279,18.692336139246862,17.92838373644259,18.683347702026367,478094000,0.0,0.0
2022-08-15 00:00:00-04:00,18.67535960434154,19.13772413803564,18.58748091480707,19.005905151367188,457666000,0.0,0.0
2022-08-16 00:00:00-04:00,18.894059233195584,19.115754975228306,18.47563309117103,18.85311508178711,451240000,0.0,0.0
2022-08-17 00:00:00-04:00,18.497602168927198,18.66237493216147,18.120120219599034,18.309858322143555,446799000,0.0,0.0
2022-08-18 00:00:00-04:00,18.275911803660716,18.839137794765332,18.158073539060755,18.747264862060547,415447000,0.0,0.0
2022-08-19 00:00:00-04:00,18.38076519901237,18.49460922307441,17.74563748579289,17.82452964782715,441588000,0.0,0.0
2022-08-22 00:00:00-04:00,17.4660190619216,17.53392661882778,16.942737355813545,17.010644912719727,409593000,0.0,0.0
2022-08-23 00:00:00-04:00,16.96570780280568,17.441055022428973,16.946732846775344,17.15744400024414,369986000,0.0,0.0
2022-08-24 00:00:00-04:00,16.98867408521419,17.382134879990968,16.871835828872985,17.198387145996094,522661000,0.0,0.0
2022-08-25 00:00:00-04:00,16.820908252307532,17.92239677840363,16.809923652314456,17.888442993164062,770691000,0.0,0.0
2022-08-26 00:00:00-04:00,17.832517711038342,17.899425287639172,16.214737955773558,16.237707138061523,769127000,0.0,0.0
2022-08-29 00:00:00-04:00,15.998034601224305,16.315597462506716,15.745381243650334,15.77933406829834,496132000,0.0,0.0
2022-08-30 00:00:00-04:00,15.938117659650224,16.01700886462623,15.161184478948519,15.446792602539062,530181000,0.0,0.0
2022-08-31 00:00:00-04:00,15.362908457406297,15.518694719527108,14.938490939263094,15.0733060836792,573710000,0.0,0.0
2022-09-01 00:00:00-04:00,14.18951792804557,14.360283952991049,13.251806197027722,13.917891502380371,1178865000,0.0,0.0
2022-09-02 00:00:00-04:00,14.080669178676303,14.151570983840651,13.572366244236866,13.628290176391602,743157000,0.0,0.0
2022-09-06 00:00:00-04:00,13.71217596441819,13.760110495911778,13.332696796405715,13.446540832519531,535751000,0.0,0.0
2022-09-07 00:00:00-04:00,13.548430520514028,13.823135690540239,13.331663611581293,13.699268341064453,512657000,0.004,0.0
2022-09-08 00:00:00-04:00,13.444540197108026,13.992951127986652,13.354637687231783,13.974969863891602,624873000,0.0,0.0
2022-09-09 00:00:00-04:00,14.141791420251705,14.458451271437566,14.110825537493945,14.37154483795166,486612000,0.0,0.0
2022-09-12 00:00:00-04:00,14.353564448703244,14.531372728120761,14.182747666358502,14.489418029785156,484159000,0.0,0.0
2022-09-13 00:00:00-04:00,13.78717243345947,13.90704340206628,13.084927604067657,13.11689281463623,714956000,0.0,0.0
2022-09-14 00:00:00-04:00,13.239760454812524,13.275722030199116,12.89912719985131,13.113896369934082,588507000,0.0,0.0
2022-09-15 00:00:00-04:00,13.001018642377574,13.218783909130673,12.77625997339062,12.91511058807373,523625000,0.0,0.0
2022-09-16 00:00:00-04:00,12.72831029894144,13.197805622661757,12.603444592298251,13.183820724487305,670751000,0.0,0.0
2022-09-19 00:00:00-04:00,12.998021871678207,13.448537595855514,12.996024164991917,13.367624282836914,569685000,0.0,0.0
2022-09-20 00:00:00-04:00,13.200801908745245,13.468513618003238,13.042971672136494,13.161843299865723,524818000,0.0,0.0
2022-09-21 00:00:00-04:00,13.19880492501757,14.015925947560238,13.095914942775154,13.246752738952637,807679000,0.0,0.0
2022-09-22 00:00:00-04:00,13.055959368568894,13.134874976064083,12.414649785628118,12.547506332397461,759162000,0.0,0.0
2022-09-23 00:00:00-04:00,12.406658300315856,12.59745310961483,12.243833290999994,12.502554893493652,663309000,0.0,0.0
2022-09-26 00:00:00-04:00,12.47758173756805,12.645401484838764,12.200878877608904,12.214863777160645,547343000,0.0,0.0
2022-09-27 00:00:00-04:00,12.493563757903228,12.722317835728509,12.24483166136231,12.399664878845215,553854000,0.0,0.0
2022-09-28 00:00:00-04:00,12.396668635349345,12.809225084459534,12.3407290361886,12.722318649291992,542414000,0.0,0.0
2022-09-29 00:00:00-04:00,12.434628670217482,12.486572859038276,11.93316804900129,12.206873893737793,532763000,0.0,0.0
2022-09-30 00:00:00-04:00,12.074014262996702,12.619428149755207,12.062027071325655,12.125958442687988,565638000,0.0,0.0
2022-10-03 00:00:00-04:00,12.333734406187611,12.664379104846395,12.091993833716046,12.498557090759277,547478000,0.0,0.0
2022-10-04 00:00:00-04:00,12.865164202159265,13.205798432836424,12.865164202159265,13.152854919433594,584182000,0.0,0.0
2022-10-05 00:00:00-04:00,12.897131588535265,13.306691024693468,12.607443137156297,13.19481086730957,507131000,0.0,0.0
2022-10-06 00:00:00-04:00,13.205798741632973,13.641330241047822,13.088923849141823,13.11589527130127,644157000,0.0,0.0
2022-10-07 00:00:00-04:00,12.491565435321453,12.656388130359453,12.009084541905652,12.063026428222656,672478000,0.0,0.0
2022-10-10 00:00:00-04:00,12.024069418326597,12.110975855224824,11.395745386998117,11.657464027404785,698699000,0.0,0.0
2022-10-11 00:00:00-04:00,11.548580323969118,11.833274006789148,11.27087909082818,11.573554039001465,667482000,0.0,0.0
2022-10-12 00:00:00-04:00,11.566562669743492,11.72239428391225,11.332813819515492,11.48764705657959,492590000,0.0,0.0
2022-10-13 00:00:00-04:00,10.959214240194914,12.0650254080203,10.80138397760334,11.947152137756348,850103000,0.0,0.0
2022-10-14 00:00:00-04:00,12.044047375714609,12.097989264666413,11.19196406249194,11.21493911743164,713432000,0.0,0.0
2022-10-17 00:00:00-04:00,11.505627391689845,11.935165804644603,11.504629014583388,11.875229835510254,580774000,0.0,0.0
2022-10-18 00:00:00-04:00,12.330739341420681,12.478580116410535,11.605519413375351,11.954144477844238,659362000,0.0,0.0
2022-10-19 00:00:00-04:00,11.866239297114978,12.336734019918332,11.82128755987071,12.038054466247559,523131000,0.0,0.0
2022-10-20 00:00:00-04:00,12.099988209372933,12.755283675568238,12.09199642948279,12.180901527404785,652398000,0.0,0.0
2022-10-21 00:00:00-04:00,12.08500339892655,12.484574273895978,11.874230574514167,12.452608108520508,609494000,0.0,0.0
2022-10-24 00:00:00-04:00,12.494563584772553,12.696346249814729,12.051040310367156,12.585465431213379,517457000,0.0,0.0
2022-10-25 00:00:00-04:00,12.680362458755884,13.285711349965226,12.650394003315512,13.246752738952637,505482000,0.0,0.0
2022-10-26 00:00:00-04:00,12.85517350995469,13.37361497806414,12.694346242745882,12.8821439743042,532953000,0.0,0.0
2022-10-27 00:00:00-04:00,13.61535599314197,13.82313270010026,13.107901416736118,13.161843299865723,583113000,0.0,0.0
2022-10-28 00:00:00-04:00,13.089923183140582,13.835122085871737,13.046969154666838,13.819138526916504,521040000,0.0,0.0
2022-10-31 00:00:00-04:00,13.763198338558981,13.82313430044734,13.282715124415745,13.482500076293945,486341000,0.0,0.0
2022-11-01 00:00:00-04:00,13.796161730157339,13.910039571933822,13.504475629448853,13.528450012207031,432817000,0.0,0.0
2022-11-02 00:00:00-04:00,13.835121333715565,14.194734242960633,13.19680787203194,13.204798698425293,672628000,0.0,0.0
2022-11-03 00:00:00-04:00,13.028987715807942,13.766194775358752,12.94208128934156,13.406580924987793,500065000,0.0,0.0
2022-11-04 00:00:00-04:00,13.9709753954596,14.213714379632444,13.682285347325527,14.140792846679688,612576000,0.0,0.0
2022-11-07 00:00:00-05:00,14.212716316080979,14.396518682999876,13.939011425198407,14.285637855529785,410061000,0.0,0.0
2022-11-08 00:00:00-05:00,14.785099833381034,14.875003304313351,14.20072822497082,14.58631420135498,595292000,0.0,0.0
2022-11-09 00:00:00-05:00,14.146786897646434,14.195735001155587,13.744219921750998,13.761201858520508,454414000,0.0,0.0
2022-11-10 00:00:00-05:00,14.784099781497519,15.756054010251752,14.531371333423088,15.733078956604004,700819000,0.0,0.0
2022-11-11 00:00:00-05:00,15.790020660509551,16.37139526908105,15.465369958229326,16.30946159362793,655487000,0.0,0.0
2022-11-14 00:00:00-05:00,16.200579384966304,16.522234002495093,15.904896861660646,16.277496337890625,527852000,0.0,0.0
2022-11-15 00:00:00-05:00,16.704033766167488,16.979736298037132,16.364398914602432,16.648094177246094,545876000,0.0,0.0
2022-11-16 00:00:00-05:00,16.144638186290106,16.344422187657635,15.855948141798965,15.892908096313477,649547000,0.0,0.0
2022-11-17 00:00:00-05:00,15.698117440433851,16.248526092519732,15.518310510588035,15.660158157348633,710894000,0.0,0.0
2022-11-18 00:00:00-05:00,15.948848328760961,15.984810860362591,15.103757415617947,15.392447471618652,492072000,0.0,0.0
2022-11-21 00:00:00-05:00,15.13072730018143,15.460372692111331,15.063798892210922,15.300544738769531,404739000,0.0,0.0
2022-11-22 00:00:00-05:00,15.31153007163173,16.040746179106325,15.105751091739526,16.020767211914062,472866000,0.0,0.0
2022-11-23 00:00:00-05:00,16.08070587095073,16.509245859928704,16.030760346892983,16.501253128051758,427241000,0.0,0.0
2022-11-25 00:00:00-05:00,16.300472196560975,16.469289378466257,16.1546291194299,16.25252342224121,167934000,0.0,0.0
2022-11-28 00:00:00-05:00,16.008783189002287,16.339428893631666,15.708107848172721,15.80999755859375,303741000,0.0,0.0
2022-11-29 00:00:00-05:00,15.80999585179943,15.91488353992695,15.503326471316905,15.622198104858398,298384000,0.0,0.0
2022-11-30 00:00:00-05:00,15.684144766602273,16.916135777507176,15.58422723158941,16.909141540527344,565298000,0.004,0.0
2022-12-01 00:00:00-05:00,16.985083344047936,17.250864409196577,16.621381033320617,17.1209716796875,470977000,0.0,0.0
2022-12-02 00:00:00-05:00,16.645363109002602,16.91913897652892,16.431537591027467,16.862184524536133,371389000,0.0,0.0
2022-12-05 00:00:00-05:00,16.665344964965847,16.981086225523303,16.458513713867134,16.59640121459961,352255000,0.0,0.0
2022-12-06 00:00:00-05:00,16.51646791728719,16.55943198225512,15.806049556125465,15.973912239074707,352694000,0.0,0.0
2022-12-07 00:00:00-05:00,15.759086398689979,16.172747931483883,15.65417187585563,16.106801986694336,372388000,0.0,0.0
2022-12-08 00:00:00-05:00,16.259677159760216,17.16493550735757,15.945933165507713,17.154943466186523,515456000,0.0,0.0
2022-12-09 00:00:00-05:00,17.145949833064485,17.56860383071365,16.961101838286083,16.987079620361328,465338000,0.0,0.0
2022-12-12 00:00:00-05:00,17.023051775036333,17.5236410372187,16.783248501431842,17.52064323425293,457328000,0.0,0.0
2022-12-13 00:00:00-05:00,18.515829057167874,18.774617794918285,17.696500685046704,18.057205200195312,656589000,0.0,0.0
2022-12-14 00:00:00-05:00,17.97227218085048,18.237056501037223,17.405736991187297,17.659528732299805,496888000,0.0,0.0
2022-12-15 00:00:00-05:00,17.131963220188975,17.305820560469378,16.686329194884266,16.938121795654297,478542000,0.0,0.0
2022-12-16 00:00:00-05:00,16.85019540542572,17.027050558499166,16.39656657838434,16.55743408203125,478232000,0.0,0.0
2022-12-19 00:00:00-05:00,16.558430631961176,16.595399084562928,16.131780232311364,16.240690231323242,354039000,0.0,0.0
2022-12-20 00:00:00-05:00,16.05084993795553,16.296648863545872,15.839024530853546,16.07183265686035,403260000,0.0,0.0
2022-12-21 00:00:00-05:00,16.100807415218085,16.613387898119957,16.08881620314782,16.487489700317383,325025000,0.0,0.0
2022-12-22 00:00:00-05:00,16.08082476403522,16.124789369228807,14.869817055404681,15.32644271850586,565045000,0.0,0.0
2022-12-23 00:00:00-05:00,15.183557115822579,15.326439672066934,14.870813684923302,15.193549156188965,349326000,0.0,0.0
2022-12-27 00:00:00-05:00,15.061659725900823,15.087638463348876,14.044492529786595,14.109439849853516,464902000,0.0,0.0
2022-12-28 00:00:00-05:00,13.915597512631557,14.25032327426342,13.872632497198492,14.024508476257324,351066000,0.0,0.0
2022-12-29 00:00:00-05:00,14.390209721155754,14.670978854908594,14.21535280050515,14.591044425964355,354923000,0.0,0.0
2022-12-30 00:00:00-05:00,14.322263143028222,14.617021677131687,14.221346008211805,14.602034568786621,310490000,0.0,0.0
2023-01-03 00:00:00-05:00,14.838839325800745,14.983721052232674,14.084457431263646,14.303277969360352,401277000,0.0,0.0
2023-01-04 00:00:00-05:00,14.555074914722184,14.840840075575478,14.22934158563889,14.73692512512207,431324000,0.0,0.0
2023-01-05 00:00:00-05:00,14.479136454686978,14.552076644155658,14.136416855691813,14.253321647644043,389168000,0.0,0.0
2023-01-06 00:00:00-05:00,14.462149178413084,14.997710572155174,14.022509854107087,14.846834182739258,405044000,0.0,0.0
2023-01-09 00:00:00-05:00,15.271488464185648,16.042855841920677,15.128604925965469,15.615206718444824,504231000,0.0,0.0
2023-01-10 00:00:00-05:00,15.494303818205713,15.94893121673774,15.459332626456098,15.895975112915039,384101000,0.0,0.0
2023-01-11 00:00:00-05:00,15.827031344724569,16.01487714757313,15.550257708216126,15.987898826599121,353285000,0.0,0.0
2023-01-12 00:00:00-05:00,16.08681762259126,16.623376674174565,15.479314701266622,16.497480392456055,551409000,0.0,0.0
2023-01-13 00:00:00-05:00,16.264670572186482,16.90814423644885,16.15176413943949,16.885162353515625,447287000,0.0,0.0
2023-01-17 00:00:00-05:00,16.885163700930974,17.713485409677194,16.885163700930974,17.6875057220459,511102000,0.0,0.0
2023-01-18 00:00:00-05:00,17.652535475198235,17.858366193598112,17.26785045404388,17.362773895263672,439624000,0.0,0.0
2023-01-19 00:00:00-05:00,17.02205215333367,17.182921549244565,16.717303453615347,16.75127410888672,452932000,0.0,0.0
2023-01-20 00:00:00-05:00,16.99706934760768,17.8413785956031,16.811222745760446,17.824392318725586,564967000,0.0,0.0
2023-01-23 00:00:00-05:00,18.049208922830783,19.22924361779151,17.803411956257197,19.17728614807129,655163000,0.0,0.0
2023-01-24 00:00:00-05:00,18.811584516005322,19.479038745727824,18.804590277949554,19.249225616455078,496204000,0.0,0.0
2023-01-25 00:00:00-05:00,18.89751808696201,19.354144722499697,18.56479049495344,19.30718231201172,449537000,0.0,0.0
2023-01-26 00:00:00-05:00,19.684870441693302,20.149489885366556,19.26221642846413,19.78578758239746,489535000,0.0,0.0
2023-01-27 00:00:00-05:00,19.446067014153495,20.61111281542293,19.38911447092714,20.34832763671875,542142000,0.0,0.0
2023-01-30 00:00:00-05:00,19.9336676842303,20.123510758938984,19.13432150128274,19.146312713623047,488611000,0.0,0.0
2023-01-31 00:00:00-05:00,19.154305515596747,19.67088244369698,18.934486316616958,19.521005630493164,498017000,0.0,0.0
2023-02-01 00:00:00-05:00,19.674877995136793,21.174648503788042,19.594943571300696,20.925853729248047,660477000,0.0,0.0
2023-02-02 00:00:00-05:00,20.982805922594803,21.931028319443673,20.683052314586803,21.691225051879883,564276000,0.0,0.0
2023-02-03 00:00:00-05:00,20.98280511679256,21.727195946386907,20.771977442286037,21.08272361755371,429366000,0.0,0.0
2023-02-06 00:00:00-05:00,20.788968007374493,21.552342537565156,20.76898392194429,21.07173728942871,452197000,0.0,0.0
2023-02-07 00:00:00-05:00,21.364493456754502,22.240776221047813,21.13268305609244,22.15484619140625,664150000,0.0,0.0
2023-02-08 00:00:00-05:00,22.368671190085877,22.859270343104374,21.989981762053976,22.18682098388672,559651000,0.0,0.0
2023-02-09 00:00:00-05:00,22.58749493647335,23.001155581267543,22.101892729953626,22.318714141845703,523876000,0.0,0.0
2023-02-10 00:00:00-05:00,21.672242294842736,22.059923209964126,20.79396224758763,21.247589111328125,550737000,0.0,0.0
2023-02-13 00:00:00-05:00,21.52036159743588,22.029944162478266,20.94483309823005,21.770156860351562,474919000,0.0,0.0
2023-02-14 00:00:00-05:00,21.56033311386482,23.0301294706449,21.348506785905062,22.952194213867188,675474000,0.0,0.0
2023-02-15 00:00:00-05:00,22.530533433777194,22.836282593182595,22.087897338644435,22.745357513427734,420575000,0.0,0.0
2023-02-16 00:00:00-05:00,22.114879171338252,22.531537591194823,21.909048448284622,21.98398780822754,412026000,0.0,0.0
2023-02-17 00:00:00-05:00,21.613292124399432,21.722202143594874,20.957829026914965,21.37049102783203,465888000,0.0,0.0
2023-02-21 00:00:00-05:00,20.982805051800373,21.47640004274012,20.601117866588783,20.63808822631836,410015000,0.0,0.0
2023-02-22 00:00:00-05:00,20.690048547419124,21.08672289537773,20.40428148237051,20.737009048461914,513184000,0.0,0.0
2023-02-23 00:00:00-05:00,23.42080908535159,23.86844224060142,23.00614795090794,23.644624710083008,1117995000,0.0,0.0
2023-02-24 00:00:00-05:00,23.205986370917074,23.454783066670746,22.928214087929295,23.266935348510742,589716000,0.0,0.0
2023-02-27 00:00:00-05:00,23.650618453752273,23.860445585416468,23.434795716672856,23.48175621032715,452994000,0.0,0.0
2023-02-28 00:00:00-05:00,23.352863375406507,23.805493492684064,23.18699892583366,23.196990966796875,455963000,0.0,0.0
2023-03-01 00:00:00-05:00,23.17300974177125,23.236958420824973,22.489569788217572,22.679414749145508,460026000,0.0,0.0
2023-03-02 00:00:00-05:00,22.469586585439902,23.36085446425789,22.41363077915596,23.29490852355957,389415000,0.0,0.0
2023-03-03 00:00:00-05:00,23.300908381853713,23.88043347879256,23.111063394953373,23.870441436767578,412393000,0.0,0.0
2023-03-06 00:00:00-05:00,23.87143962178628,24.22814576739972,23.467769168076714,23.53471565246582,437429000,0.0,0.0
2023-03-07 00:00:00-05:00,23.584684063816997,24.10934295943223,23.22591589464523,23.272886276245117,515154000,0.004,0.0
2023-03-08 00:00:00-05:00,23.47175440633603,24.184292857733897,23.40879557329516,24.16530418395996,513573000,0.0,0.0
2023-03-09 00:00:00-05:00,24.15930848577099,24.43812863634961,23.367822715310396,23.42078971862793,501257000,0.0,0.0
2023-03-10 00:00:00-05:00,23.39380627921089,23.61166519332035,22.71124903091007,22.95009422302246,474866000,0.0,0.0
2023-03-13 00:00:00-04:00,22.737233773647205,23.28287892325679,22.282529164620772,22.951093673706055,421890000,0.0,0.0
2023-03-14 00:00:00-04:00,23.48074905093903,24.20327932512599,23.444771213854455,24.047380447387695,474910000,0.0,0.0
2023-03-15 00:00:00-04:00,23.74557858510268,24.27023747433623,23.344839767755705,24.212276458740234,524486000,0.0,0.0
2023-03-16 00:00:00-04:00,24.01140628522713,25.57139207335748,23.878491278999082,25.524423599243164,583253000,0.0,0.0
2023-03-17 00:00:00-04:00,25.965136614007125,26.381865775250695,25.65133933448188,25.708303451538086,848547000,0.0,0.0
2023-03-20 00:00:00-04:00,25.598377162881242,26.007112142728072,25.113691289020508,25.88319206237793,432747000,0.0,0.0
2023-03-21 00:00:00-04:00,26.163008623155417,26.37487092143437,25.364527413942184,26.181995391845703,547408000,0.0,0.0
2023-03-22 00:00:00-04:00,26.40784575429176,27.571091621041035,26.2199680667983,26.45081901550293,797295000,0.0,0.0
2023-03-23 00:00:00-04:00,27.097400403214937,27.481151940364768,26.672677017823016,27.173351287841797,564889000,0.0,0.0
2023-03-24 00:00:00-04:00,27.01345490097488,27.14936630609579,26.337893083217622,26.76161766052246,454920000,0.0,0.0
2023-03-27 00:00:00-04:00,26.81957981588118,26.982474118225998,26.347886072267784,26.513778686523438,361026000,0.0,0.0
2023-03-28 00:00:00-04:00,26.429835146196694,26.49579229381834,25.83322250551309,26.392858505249023,356104000,0.0,0.0
2023-03-29 00:00:00-04:00,26.807592577809256,27.060426745627982,26.579739898813486,26.966487884521484,393694000,0.0,0.0
2023-03-30 00:00:00-04:00,27.2113254721655,27.481150669900916,27.084407100959258,27.365224838256836,364516000,0.0,0.0
2023-03-31 00:00:00-04:00,27.122386430264136,27.81593629126594,27.08740929659207,27.758974075317383,433933000,0.0,0.0
2023-04-03 00:00:00-04:00,27.491142656739395,27.98182313473036,27.318254628324375,27.94684600830078,398716000,0.0,0.0
2023-04-04 00:00:00-04:00,27.947850130837605,27.98182846186949,27.28927741449613,27.435182571411133,368592000,0.0,0.0
2023-04-05 00:00:00-04:00,26.811585800897024,26.980474822292805,26.37786749452917,26.86355209350586,515015000,0.0,0.0
2023-04-06 00:00:00-04:00,26.566746033983005,27.062424408814838,26.40984834215217,27.019453048706055,397654000,0.0,0.0
2023-04-10 00:00:00-04:00,26.805590178121808,27.603072562534653,26.651690804540983,27.561100006103516,395279000,0.0,0.0
2023-04-11 00:00:00-04:00,27.70600728201999,27.771964430932886,27.108393921533427,27.1513671875,314378000,0.0,0.0
2023-04-12 00:00:00-04:00,27.35223823307279,27.45017420598156,26.430835708972705,26.477806091308594,446259000,0.0,0.0
2023-04-13 00:00:00-04:00,26.7166476867757,26.869548260916794,26.31191176986607,26.445823669433594,353615000,0.0,0.0
2023-04-14 00:00:00-04:00,26.486796261789348,26.865549967420687,26.202980206526043,26.740631103515625,395660000,0.0,0.0
2023-04-17 00:00:00-04:00,26.547759434806412,26.988473203686386,26.415845135360854,26.98447608947754,321471000,0.0,0.0
2023-04-18 00:00:00-04:00,27.515128334563027,28.091753448676407,27.339241987468966,27.64904022216797,604812000,0.0,0.0
2023-04-19 00:00:00-04:00,27.343242553972818,27.98182777688548,27.21432656572957,27.912872314453125,358660000,0.0,0.0
2023-04-20 00:00:00-04:00,27.65304199464376,28.011810174837088,26.982477923410777,27.086410522460938,427713000,0.0,0.0
2023-04-21 00:00:00-04:00,26.934507038823,27.165358012841736,26.704656772926235,27.101398468017578,345103000,0.0,0.0
2023-04-24 00:00:00-04:00,26.995467887974886,27.3482375101197,26.653688900019212,27.02444839477539,339282000,0.0,0.0
2023-04-25 00:00:00-04:00,27.06042517631063,27.2293161185349,26.207980048962167,26.223968505859375,378527000,0.0,0.0
2023-04-26 00:00:00-04:00,26.984476752537656,27.312262999046098,26.687668618436636,26.938505172729492,406337000,0.0,0.0
2023-04-27 00:00:00-04:00,27.345240361377464,27.47715465361365,26.60771850599663,27.208328247070312,377161000,0.0,0.0
2023-04-28 00:00:00-04:00,27.20733314471315,27.739986302047615,27.053431845436577,27.730993270874023,292216000,0.0,0.0
2023-05-01 00:00:00-04:00,27.821933830592023,29.039143840728986,27.76197330034164,28.891239166259766,570329000,0.0,0.0
2023-05-02 00:00:00-04:00,28.661384689897297,28.81728357065356,28.06477206868038,28.191688537597656,402730000,0.0,0.0
2023-05-03 00:00:00-04:00,27.821930062469157,28.348588429903444,27.454168889483142,27.783954620361328,383387000,0.0,0.0
2023-05-04 00:00:00-04:00,27.63305419552841,27.840919391214324,27.22232162669159,27.544113159179688,321850000,0.0,0.0
2023-05-05 00:00:00-04:00,27.80794065911765,28.736336669906983,27.71300300195752,28.661386489868164,361494000,0.0,0.0
2023-05-08 00:00:00-04:00,28.503486722502963,29.201033629261158,28.331599383389104,29.132078170776367,344979000,0.0,0.0
2023-05-09 00:00:00-04:00,28.880242114895676,28.954193487526783,28.43153415102666,28.552453994750977,314869000,0.0,0.0
2023-05-10 00:00:00-04:00,28.986175863013205,29.094107482413545,28.442530182163917,28.866254806518555,369350000,0.0,0.0
2023-05-11 00:00:00-04:00,28.877246468531435,28.93121227658871,28.227668698313387,28.559452056884766,322149000,0.0,0.0
2023-05-12 00:00:00-04:00,28.51048218586155,28.761320627980606,28.02779588194695,28.321605682373047,274222000,0.0,0.0
2023-05-15 00:00:00-04:00,28.48949703703172,28.95019827906706,28.133729096093575,28.934207916259766,293926000,0.0,0.0
2023-05-16 00:00:00-04:00,28.822281983258687,29.850615404152038,28.81328895261737,29.194040298461914,449405000,0.0,0.0
2023-05-17 00:00:00-04:00,29.56479672728252,30.179397303455694,29.410897359281257,30.158411026000977,432535000,0.0,0.0
2023-05-18 00:00:00-04:00,30.39026164884716,31.807340536574944,30.30031991259901,31.657438278198242,748725000,0.0,0.0
2023-05-19 00:00:00-04:00,31.5155285475328,31.559500611313766,30.895932071373757,31.24370574951172,473908000,0.0,0.0
2023-05-22 00:00:00-04:00,30.880940609240973,31.499540191540188,30.660085299945322,31.155763626098633,372000000,0.0,0.0
2023-05-23 00:00:00-04:00,30.979879050427765,31.267692227057807,30.61111907309606,30.668081283569336,356253000,0.0,0.0
2023-05-24 00:00:00-04:00,30.19039081167834,30.587134398271413,29.786653705153253,30.518178939819336,721419000,0.0,0.0
2023-05-25 00:00:00-04:00,38.497999676577344,39.45437937248708,36.61122438823422,37.955352783203125,1543911000,0.0,0.0
2023-05-26 00:00:00-04:00,37.865408555661546,39.14457660817056,37.52562906518615,38.92072296142578,714397000,0.0,0.0
2023-05-30 00:00:00-04:00,40.56865561638492,41.91078253323842,39.92307495310247,40.08496856689453,923401000,0.0,0.0
2023-05-31 00:00:00-04:00,39.462370269421555,40.26884571341783,37.79745117886432,37.809444427490234,1002580000,0.0,0.0
2023-06-01 00:00:00-04:00,38.46401583415097,40.02400343803905,38.31511428598522,39.74418640136719,635873000,0.0,0.0
2023-06-02 00:00:00-04:00,40.070976234421984,40.47371455603789,39.032649105745655,39.301475524902344,482731000,0.0,0.0
2023-06-05 00:00:00-04:00,38.88374549804094,39.539317935308446,38.681876946870204,39.14557647705078,396094000,0.0,0.0
2023-06-06 00:00:00-04:00,38.80479449661519,39.13457828763214,38.123234212367855,38.62890625,388729000,0.0,0.0
2023-06-07 00:00:00-04:00,38.89376845678286,39.47744945385498,37.33561714302101,37.454551696777344,511998000,0.004,0.0
2023-06-08 00:00:00-04:00,37.703420255024895,38.842797765126164,37.48454176498526,38.488990783691406,417772000,0.0,0.0
2023-06-09 00:00:00-04:00,39.01570442200613,39.68933654764696,38.54596339529855,38.74885177612305,427717000,0.0,0.0
2023-06-12 00:00:00-04:00,39.17861302696572,39.50843099459079,38.59692983734383,39.46045684814453,388701000,0.0,0.0
2023-06-13 00:00:00-04:00,40.16407236318805,41.078573986392584,39.718316587873154,40.99961471557617,613208000,0.0,0.0
2023-06-14 00:00:00-04:00,40.80173019682722,42.97654179079345,40.52987541154227,42.97354507446289,740465000,0.0,0.0
2023-06-15 00:00:00-04:00,42.57875935956908,43.265384836246646,42.12400575806211,42.629730224609375,568622000,0.0,0.0
2023-06-16 00:00:00-04:00,43.42629077833163,43.69714280637508,42.637719859224546,42.668704986572266,655709000,0.0,0.0
2023-06-20 00:00:00-04:00,42.974540163328015,43.96599947936296,42.65071563542564,43.784095764160156,451153000,0.0,0.0
2023-06-21 00:00:00-04:00,43.477271257103546,43.59121130086883,42.05704873935784,43.02151870727539,551603000,0.0,0.0
2023-06-22 00:00:00-04:00,42.22994393165169,43.402304245478625,42.2109571046696,43.00152587890625,417737000,0.0,0.0
2023-06-23 00:00:00-04:00,42.440836083085124,42.78564528889148,41.9920797064,42.18597412109375,358140000,0.0,0.0
2023-06-26 00:00:00-04:00,42.43783350035223,42.74066959862616,40.078121507202255,40.609832763671875,594322000,0.0,0.0
2023-06-27 00:00:00-04:00,40.77674114143434,41.91711748885724,40.425934710005095,41.853153228759766,462175000,0.0,0.0
2023-06-28 00:00:00-04:00,40.637814961274316,41.82216977478574,40.49589414728599,41.094566345214844,582639000,0.0,0.0
2023-06-29 00:00:00-04:00,41.53532305058581,41.577299950801056,40.577845588400876,40.79972457885742,380514000,0.0,0.0
2023-06-30 00:00:00-04:00,41.657260733272246,42.526785015369995,41.47835753719588,42.2789192199707,501148000,0.0,0.0
2023-07-03 00:00:00-04:00,42.4938015963702,42.874594246480044,42.17897482861766,42.38985824584961,198209000,0.0,0.0
2023-07-05 00:00:00-04:00,42.11200726932329,43.15343851678274,42.062035314453695,42.29391098022461,323618000,0.0,0.0
2023-07-06 00:00:00-04:00,41.82117097723614,42.15598728056081,41.32344159639819,42.08002853393555,303582000,0.0,0.0
2023-07-07 00:00:00-04:00,42.298907804592,43.19042323587049,42.156986987539184,42.47980880737305,355881000,0.0,0.0
2023-07-10 00:00:00-04:00,42.63371945176666,42.78763472808004,41.626266381575874,42.156978607177734,353908000,0.0,0.0
2023-07-11 00:00:00-04:00,42.457817566804145,42.73466683788418,42.044045830740814,42.381858825683594,298244000,0.0,0.0
2023-07-12 00:00:00-04:00,43.00951883998821,43.911027066615475,42.75365801470833,43.87804412841797,481277000,0.0,0.0
2023-07-13 00:00:00-04:00,44.49371584363228,46.12982004252078,44.46772905127002,45.95191955566406,478204000,0.0,0.0
2023-07-14 00:00:00-04:00,46.557577615257735,48.06175733241629,45.03540997862711,45.44418716430664,772075000,0.0,0.0
2023-07-17 00:00:00-04:00,46.263742840846305,46.47062680609521,45.237302819243375,46.435646057128906,510488000,0.0,0.0
2023-07-18 00:00:00-04:00,46.675519644053644,47.86986733415163,45.709048195215274,47.46808624267578,569164000,0.0,0.0
2023-07-19 00:00:00-04:00,47.43810135841546,47.79190828525745,46.71649520501369,47.05131149291992,427502000,0.0,0.0
2023-07-20 00:00:00-04:00,46.48162003261086,47.061305343359635,45.03740890727205,45.49515914916992,537865000,0.0,0.0
2023-07-21 00:00:00-04:00,45.7630136202291,45.84097398700811,44.07593496513591,44.284820556640625,963769000,0.0,0.0
2023-07-24 00:00:00-04:00,44.70660012989196,45.08439611248811,44.0159789626472,44.58766555786133,382516000,0.0,0.0
2023-07-25 00:00:00-04:00,44.916479357127734,46.15779841353938,44.89848762347168,45.654075622558594,348081000,0.0,0.0
2023-07-26 00:00:00-04:00,45.99589396822997,46.027878005743126,44.60565396264289,45.42720413208008,364237000,0.0,0.0
2023-07-27 00:00:00-04:00,46.49361978738997,47.3691412842477,45.72503835474356,45.87495803833008,455976000,0.0,0.0
2023-07-28 00:00:00-04:00,46.64253893821814,47.00134424016971,46.35569676531063,46.72449493408203,331194000,0.0,0.0
2023-07-31 00:00:00-04:00,46.728486722217035,47.1042809800561,46.48062096434278,46.70349884033203,251055000,0.0,0.0
2023-08-01 00:00:00-04:00,46.434645552261735,46.874407881393104,46.00188318529818,46.48162078857422,237858000,0.0,0.0
2023-08-02 00:00:00-04:00,45.80599433851238,45.81498829927392,43.363327623503565,44.24484634399414,530142000,0.0,0.0
2023-08-03 00:00:00-04:00,43.776101176403955,45.093382845124545,43.776101176403955,44.4907112121582,324176000,0.0,0.0
2023-08-04 00:00:00-04:00,44.960450615371684,45.61708974786317,44.36877463741095,44.655616760253906,362666000,0.0,0.0
2023-08-07 00:00:00-04:00,45.086390535169315,45.51515735566512,44.538689151581146,45.3922233581543,322154000,0.0,0.0
2023-08-08 00:00:00-04:00,44.82853690012808,45.21732467059764,44.03197071564543,44.63964080810547,353843000,0.0,0.0
2023-08-09 00:00:00-04:00,44.249839662592294,44.28782094053219,42.11100798733163,42.53078079223633,586449000,0.0,0.0
2023-08-10 00:00:00-04:00,42.13699953791343,43.550229596888094,41.81217607853569,42.36487579345703,492705000,0.0,0.0
2023-08-11 00:00:00-04:00,41.72822134358296,41.995077780865394,40.61682850581949,40.83271026611328,533085000,0.0,0.0
2023-08-14 00:00:00-04:00,40.463906685181655,43.776097398299775,40.289002945920664,43.729122161865234,690286000,0.0,0.0
2023-08-15 00:00:00-04:00,44.535691571886225,45.24330550401963,43.68615300358398,43.9160270690918,676512000,0.0,0.0
2023-08-16 00:00:00-04:00,44.49570885554983,44.65062306232533,43.38231446466475,43.46227264404297,527451000,0.0,0.0
2023-08-17 00:00:00-04:00,43.94600464449855,44.03795349007865,42.97753170604989,43.32034683227539,452395000,0.0,0.0
2023-08-18 00:00:00-04:00,42.611732431819654,43.55421863038225,41.63726601370566,43.27537155151367,583768000,0.0,0.0
2023-08-21 00:00:00-04:00,44.46972532960602,47.03932184051733,44.197874362477556,46.941375732421875,692573000,0.0,0.0
2023-08-22 00:00:00-04:00,48.108734662611624,48.16070824217046,45.30826536444509,45.64308166503906,755293000,0.0,0.0
2023-08-23 00:00:00-04:00,45.840975904298595,47.174247686520786,45.18333397410903,47.090293884277344,779046000,0.0,0.0
2023-08-24 00:00:00-04:00,50.1885998204007,50.23857177595236,47.13326863032971,47.137264251708984,1156044000,0.0,0.0
2023-08-25 00:00:00-04:00,46.98635035429789,47.77891694569502,44.999432271074504,45.99289321899414,925341000,0.0,0.0
2023-08-28 00:00:00-04:00,46.45663639493685,46.9543657684175,44.863508175320256,46.809444427490234,685192000,0.0,0.0
2023-08-29 00:00:00-04:00,46.64053709400586,49.05422026588247,46.36568562252749,48.757381439208984,701397000,0.0,0.0
2023-08-30 00:00:00-04:00,49.01724039363048,49.89975805077244,48.398578637523045,49.23712158203125,735206000,0.0,0.0
2023-08-31 00:00:00-04:00,49.3530556627258,49.716855451174446,48.93128505282085,49.328067779541016,528570000,0.0,0.0
2023-09-01 00:00:00-04:00,49.73485103360682,49.77282850136187,48.115732155842714,48.4825325012207,463830000,0.0,0.0
2023-09-05 00:00:00-04:00,48.19668385603055,48.82434331645033,47.83388298536763,48.521507263183594,382653000,0.0,0.0
2023-09-06 00:00:00-04:00,48.418561612125444,48.526509476419605,46.55842365882449,47.03919982910156,468670000,0.004,0.0
2023-09-07 00:00:00-04:00,45.50390615122535,46.322526887042805,45.13107789383709,46.219573974609375,433330000,0.0,0.0
2023-09-08 00:00:00-04:00,45.92071940996517,46.584409473307375,45.250028806839694,45.55088806152344,473069000,0.0,0.0
2023-09-11 00:00:00-04:00,46.12661816019719,46.14161060053682,44.29147025437245,45.15707015991211,473966000,0.0,0.0
2023-09-12 00:00:00-04:00,44.7172700232729,45.65183817230261,44.510365202730895,44.84920883178711,349256000,0.0,0.0
2023-09-13 00:00:00-04:00,44.57933983256991,45.908725609094766,44.48238464078705,45.463932037353516,398355000,0.0,0.0
2023-09-14 00:00:00-04:00,45.92871548306057,45.965697093021376,45.110094621925995,45.55988693237305,370097000,0.0,0.0
2023-09-15 00:00:00-04:00,45.31999198709531,45.577871869694,43.78770131863037,43.879661560058594,506831000,0.0,0.0
2023-09-18 00:00:00-04:00,42.72819494263605,44.22150221868088,41.980540410534175,43.94562911987305,500271000,0.0,0.0
2023-09-19 00:00:00-04:00,43.81269066855042,43.94562846497067,42.98207442166159,43.49983596801758,373064000,0.0,0.0
2023-09-20 00:00:00-04:00,43.579802461208814,43.88266351133672,42.203441401322486,42.21943283081055,367108000,0.0,0.0
2023-09-21 00:00:00-04:00,41.563733109931555,42.080491854886056,40.96101186346446,40.99799346923828,450736000,0.0,0.0
2023-09-22 00:00:00-04:00,41.552736723974945,42.09548821247719,41.21189511865896,41.590721130371094,479236000,0.0,0.0
2023-09-25 00:00:00-04:00,41.571730182940165,42.516292052357294,41.157920528062995,42.20243835449219,419091000,0.0,0.0
2023-09-26 00:00:00-04:00,41.98154094572675,42.800161757936735,41.6357005718536,41.89158248901367,402282000,0.0,0.0
2023-09-27 00:00:00-04:00,42.31038955896758,42.852138257331035,41.609714131697665,42.44832229614258,444935000,0.0,0.0
2023-09-28 00:00:00-04:00,42.440328178113646,43.42587144415849,42.095490602814664,43.06903839111328,424663000,0.0,0.0
2023-09-29 00:00:00-04:00,43.80669850043533,44.12355300458746,43.28693891278796,43.478851318359375,397830000,0.0,0.0
2023-10-02 00:00:00-04:00,44.009599054426594,45.154069017187716,43.840678635675474,44.761253356933594,433298000,0.0,0.0
2023-10-03 00:00:00-04:00,44.78723595609942,45.109089160595936,43.22595946616348,43.49683380126953,470850000,0.0,0.0
2023-10-04 00:00:00-04:00,43.72173429497183,44.12254948213482,43.27194202372295,44.02059555053711,361821000,0.0,0.0
2023-10-05 00:00:00-04:00,44.02959243795168,44.879200950918715,43.867668737435245,44.66729736328125,393483000,0.0,0.0
2023-10-06 00:00:00-04:00,44.17252564280475,45.767786867817584,44.005603198940975,45.74079895019531,434436000,0.0,0.0
2023-10-09 00:00:00-04:00,44.821229292060885,45.583876376417216,44.34744981385024,45.25202941894531,409675000,0.0,0.0
2023-10-10 00:00:00-04:00,45.289010107776726,46.23756795276768,45.06711283415853,45.77678298950195,368582000,0.0,0.0
2023-10-11 00:00:00-04:00,46.17459898720651,46.83729386766852,46.02866671277973,46.78431701660156,378137000,0.0,0.0
2023-10-12 00:00:00-04:00,46.75532686388765,47.58694209872688,46.30853537914647,46.923248291015625,481325000,0.0,0.0
2023-10-13 00:00:00-04:00,46.93824369140591,47.09417346423808,45.25902168835329,45.439937591552734,474115000,0.0,0.0
2023-10-16 00:00:00-04:00,45.04212315084613,46.203583574312184,44.89119212930561,46.073646545410156,375099000,0.0,0.0
2023-10-17 00:00:00-04:00,43.9796198725083,44.73327224791512,42.46032345572455,43.91764831542969,812333000,0.0,0.0
2023-10-18 00:00:00-04:00,42.57127011789517,43.19898137436451,41.80562611222444,42.17645263671875,627294000,0.0,0.0
2023-10-19 00:00:00-04:00,42.79116734856338,43.27694225554759,41.86259688147746,42.08149719238281,501233000,0.0,0.0
2023-10-20 00:00:00-04:00,41.87058984444125,42.45032293422298,41.05896580650467,41.36782455444336,477266000,0.0,0.0
2023-10-23 00:00:00-04:00,41.20990005021661,43.22796572045594,40.92603122154225,42.9550895690918,478530000,0.0,0.0
2023-10-24 00:00:00-04:00,43.05704558498647,43.676757321663544,42.67122661422344,43.64277267456055,401463000,0.0,0.0
2023-10-25 00:00:00-04:00,43.377892970342636,43.6297789361814,41.53574830765745,41.7596435546875,398379000,0.0,0.0
2023-10-26 00:00:00-04:00,41.833612702341114,42.23642589504536,39.86152709976489,40.30731964111328,541001000,0.0,0.0
2023-10-27 00:00:00-04:00,41.11094855365019,41.18691356194545,39.99646337372596,40.481239318847656,416784000,0.0,0.0
2023-10-30 00:00:00-04:00,41.06796641155254,41.74664887563725,40.462244361806775,41.141929626464844,388028000,0.0,0.0
2023-10-31 00:00:00-04:00,40.43126324594468,40.86006537582252,39.21182716227926,40.7611083984375,517969000,0.0,0.0
2023-11-01 00:00:00-04:00,40.86506257244454,42.361370852066266,40.85007013008419,42.305397033691406,437593000,0.0,0.0
2023-11-02 00:00:00-04:00,43.307924724858786,43.86366687925398,42.874127693562194,43.485843658447266,409172000,0.0,0.0
2023-11-03 00:00:00-04:00,43.99960568025811,45.28800612867796,43.70274239785865,44.98414993286133,424610000,0.0,0.0
2023-11-06 00:00:00-05:00,45.264017491010264,45.91371784511654,44.87819475411046,45.729801177978516,400733000,0.0,0.0
2023-11-07 00:00:00-05:00,45.69782127762116,46.19658683928955,45.137080351571434,45.933712005615234,343165000,0.0,0.0
2023-11-08 00:00:00-05:00,46.07864213351029,46.84528891690733,45.946703314492126,46.552425384521484,346719000,0.0,0.0
2023-11-09 00:00:00-05:00,47.445004273987976,48.207651210787375,46.728337455833405,46.928245544433594,540496000,0.0,0.0
2023-11-10 00:00:00-05:00,47.4779945591138,48.44954438031616,47.261096034839866,48.31260681152344,421245000,0.0,0.0
2023-11-13 00:00:00-05:00,48.29761668915197,49.09324939614511,48.07671839068149,48.597476959228516,384136000,0.0,0.0
2023-11-14 00:00:00-05:00,49.656982745411305,49.81091072360735,49.0172798779873,49.632991790771484,416954000,0.0,0.0
2023-11-15 00:00:00-05:00,49.91186848194019,49.93685461268084,48.17767162806223,48.865352630615234,475497000,0.0,0.0
2023-11-16 00:00:00-05:00,48.656453168876766,49.50206198018349,48.30761579872143,49.45708084106445,339756000,0.0,0.0
2023-11-17 00:00:00-05:00,49.501058800683616,49.69397019639206,48.98429998268991,49.27516555786133,325205000,0.0,0.0
2023-11-20 00:00:00-05:00,49.28915491828104,50.52458236287964,49.15821508964933,50.38564682006836,414120000,0.0,0.0
2023-11-21 00:00:00-05:00,50.10277517356445,50.4935928571012,49.19919468409959,49.920860290527344,565747000,0.0,0.0
2023-11-22 00:00:00-05:00,49.828903283324706,50.311677390399474,47.66790243959162,48.69342803955078,899420000,0.0,0.0
2023-11-24 00:00:00-05:00,48.447546842242424,48.898338123964756,47.72288042046281,47.753868103027344,294645000,0.0,0.0
2023-11-27 00:00:00-05:00,47.777853703101385,48.50751503969105,47.629923460498674,48.21965026855469,395662000,0.0,0.0
2023-11-28 00:00:00-05:00,48.21365587465316,48.30061737366352,47.451008828305284,47.79884719848633,401491000,0.0,0.0
2023-11-29 00:00:00-05:00,48.356594013738764,48.73941604084302,47.83783339129859,48.11770248413086,382005000,0.0,0.0
2023-11-30 00:00:00-05:00,48.00174591431098,48.08770841421174,46.40049083853704,46.748329162597656,526247000,0.0,0.0
2023-12-01 00:00:00-05:00,46.50344524286752,47.178131734648986,46.165600596706255,46.74333190917969,369317000,0.0,0.0
2023-12-04 00:00:00-05:00,46.055649290414806,46.055649290414806,44.98914235651732,45.48891067504883,437543000,0.0,0.0
2023-12-05 00:00:00-05:00,45.448929830983346,46.58250295286297,45.25400334691917,46.548519134521484,371718000,0.004,0.0
2023-12-06 00:00:00-05:00,47.19727919635047,47.36921552517796,45.39495450352079,45.48591995239258,380590000,0.0,0.0
2023-12-07 00:00:00-05:00,45.682846700658764,46.611498843154216,45.58688206431512,46.57851028442383,350823000,0.0,0.0
2023-12-08 00:00:00-05:00,46.57750949930058,47.72307920041658,46.53252440936205,47.48816680908203,359224000,0.0,0.0
2023-12-11 00:00:00-05:00,47.47317498768805,47.51315707527434,45.81279915946564,46.6094970703125,509728000,0.0,0.0
2023-12-12 00:00:00-05:00,46.02871160445361,47.64810224234859,46.02871160445361,47.63910675048828,372387000,0.0,0.0
2023-12-13 00:00:00-05:00,47.61112654633229,48.57576453625137,47.59013451910957,48.06995391845703,447792000,0.0,0.0
2023-12-14 00:00:00-05:00,48.37183022607663,48.651723873245274,47.40419517924722,48.331844329833984,391232000,0.0,0.0
2023-12-15 00:00:00-05:00,48.175909002325604,49.38545387287282,48.10193546895566,48.871646881103516,479948000,0.0,0.0
2023-12-18 00:00:00-05:00,49.381456841806674,50.414066187630915,49.13155069141953,50.05820083618164,412587000,0.0,0.0
2023-12-19 00:00:00-05:00,49.40544401373602,49.68134136834579,48.87664329291069,49.58537673950195,464444000,0.0,0.0
2023-12-20 00:00:00-05:00,49.636352578237826,49.98022517040364,48.07993804838336,48.092933654785156,397894000,0.0,0.0
2023-12-21 00:00:00-05:00,48.79267736467951,49.076571148767,48.40082241502789,48.97161102294922,300425000,0.0,0.0
2023-12-22 00:00:00-05:00,49.17653306295307,49.36446221767303,48.44880569619553,48.81167221069336,252507000,0.0,0.0
2023-12-26 00:00:00-05:00,48.949613984887115,49.581376676631486,48.94161756801922,49.260498046875,244200000,0.0,0.0
2023-12-27 00:00:00-05:00,49.49241542635842,49.661350703421,49.066572842938115,49.3984489440918,233648000,0.0,0.0
2023-12-28 00:00:00-05:00,49.62436711615611,49.86527396770583,49.39345101981501,49.50341033935547,246587000,0.0,0.0
2023-12-29 00:00:00-05:00,49.79430147307111,49.978234327074226,48.732699840316755,49.50341033935547,389293000,0.0,0.0
2024-01-02 00:00:00-05:00,49.22551389912714,49.27649344260116,47.57713465197093,48.14991760253906,411254000,0.0,0.0
2024-01-03 00:00:00-05:00,47.46717173653147,48.16590678620074,47.302232772788166,47.55113983154297,320896000,0.0,0.0
2024-01-04 00:00:00-05:00,47.74906818641796,48.48179475152094,47.49016653492504,47.979984283447266,306535000,0.0,0.0
2024-01-05 00:00:00-05:00,48.4438038170967,49.52839547317931,48.28786035280196,49.07856369018555,415039000,0.0,0.0
2024-01-08 00:00:00-05:00,49.493411188465835,52.25537427649761,49.46042263300492,52.23337936401367,642510000,0.0,0.0
2024-01-09 00:00:00-05:00,52.38133132087113,54.304608899415356,51.670595858503674,53.120052337646484,773100000,0.0,0.0
2024-01-10 00:00:00-05:00,53.59587564392309,54.57950363229104,53.468920600031716,54.32959747314453,533796000,0.0,0.0
2024-01-11 00:00:00-05:00,54.978353810668786,55.32522366817502,53.539894837912634,54.80141830444336,596759000,0.0,0.0
2024-01-12 00:00:00-05:00,54.59949057976511,54.94936145206347,54.30960236510811,54.689456939697266,352994000,0.0,0.0
2024-01-16 00:00:00-05:00,54.99734961591672,56.813665103138256,54.879393878712925,56.360836029052734,449580000,0.0,0.0
2024-01-17 00:00:00-05:00,56.325847887071866,56.44980188752581,54.71945269845349,56.031959533691406,474394000,0.0,0.0
2024-01-18 00:00:00-05:00,57.23850610997206,57.57837864545508,56.08593900392558,57.08556365966797,491650000,0.0,0.0
2024-01-19 00:00:00-05:00,57.967230984594906,59.47766538428564,57.203517829580356,59.46866989135742,543501000,0.0,0.0
2024-01-22 00:00:00-05:00,60.0264592424289,60.3083548831195,59.04782663734,59.63160705566406,452955000,0.0,0.0
2024-01-23 00:00:00-05:00,59.54764104000483,59.88751357892662,58.56301013401379,59.850528717041016,294654000,0.0,0.0
2024-01-24 00:00:00-05:00,60.28136484798457,62.82540771389363,59.91550110281905,61.338966369628906,560271000,0.0,0.0
2024-01-25 00:00:00-05:00,62.326590967001806,62.69545573126452,60.8271540987025,61.593868255615234,482777000,0.0,0.0
2024-01-26 00:00:00-05:00,60.93711847607482,61.759811433716834,60.550266507965134,61.00809097290039,390309000,0.0,0.0
2024-01-29 00:00:00-05:00,61.20900862072411,62.46553664404452,60.88413369401423,62.44154739379883,348733000,0.0,0.0
2024-01-30 00:00:00-05:00,62.876387020851176,63.46916289646236,62.23662409247559,62.750431060791016,410735000,0.0,0.0
2024-01-31 00:00:00-05:00,61.41693329631054,62.24562445900208,60.67721323683143,61.503902435302734,453795000,0.0,0.0
2024-02-01 00:00:00-05:00,62.07668769492248,63.167281577618986,61.626859664228725,63.00334167480469,369146000,0.0,0.0
2024-02-02 00:00:00-05:00,63.94998587832111,66.57499963939881,63.66609208338151,66.13516998291016,476578000,0.0,0.0
2024-02-05 00:00:00-05:00,68.19939012424172,69.47091584987561,67.17977633836104,69.30597686767578,680078000,0.0,0.0
2024-02-06 00:00:00-05:00,69.60386495591794,69.72781896754408,66.27512050871108,68.19739532470703,683111000,0.0,0.0
2024-02-07 00:00:00-05:00,68.29335463883889,70.19364201712641,67.57462276790365,70.07268524169922,495575000,0.0,0.0
2024-02-08 00:00:00-05:00,70.04768899799114,70.76741990227906,69.42892572649546,69.61485290527344,414422000,0.0,0.0
2024-02-09 00:00:00-05:00,70.50652846806685,72.15790895507466,70.18564978274989,72.1059341430664,436637000,0.0,0.0
2024-02-12 00:00:00-05:00,72.57274383383451,74.5829904741092,71.22325216031359,72.22087860107422,613710000,0.0,0.0
2024-02-13 00:00:00-05:00,70.37358093821054,73.42243172037925,69.5938748865512,72.1009292602539,602580000,0.0,0.0
2024-02-14 00:00:00-05:00,73.17453257134588,74.20814111994534,71.91100698040367,73.87226867675781,504917000,0.0,0.0
2024-02-15 00:00:00-05:00,73.84126585429142,73.94722123185431,72.37281568709578,72.6307144165039,420122000,0.0,0.0
2024-02-16 00:00:00-05:00,74.07218819490586,74.37407680445715,72.4737892876657,72.58574676513672,495327000,0.0,0.0
2024-02-20 00:00:00-05:00,71.91999242878622,71.92899173506727,67.70857639129635,69.42593383789062,704833000,0.0,0.0
2024-02-21 00:00:00-05:00,67.9804743369606,68.86214710879592,66.22313849991595,67.4466781616211,690298000,0.0,0.0
2024-02-22 00:00:00-05:00,74.99684018330679,78.5455030813757,74.1921420425949,78.5085220336914,865100000,0.0,0.0
2024-02-23 00:00:00-05:00,80.759665666911,82.36305967089498,77.54087350099768,78.78740692138672,829388000,0.0,0.0
2024-02-26 00:00:00-05:00,79.67008277283831,80.61573447856021,78.47553160288044,79.06231689453125,503973000,0.0,0.0
2024-02-27 00:00:00-05:00,79.35119274989219,79.45016223022866,77.13303174065258,78.67144775390625,391705000,0.0,0.0
2024-02-28 00:00:00-05:00,77.59086697046706,78.90337002935253,77.09605003023249,77.63385009765625,393110000,0.0,0.0
2024-02-29 00:00:00-05:00,79.0643149217093,79.95997471561954,78.32059087723945,79.08230590820312,507289000,0.0,0.0
2024-03-01 00:00:00-05:00,79.96996422541928,82.26910374751212,79.40517391258761,82.24810791015625,479135000,0.0,0.0
2024-03-04 00:00:00-05:00,84.09841513764894,87.66207928922401,83.6875739405617,85.20500183105469,615616000,0.0,0.0
2024-03-05 00:00:00-05:00,85.24198821051228,86.06872004565462,83.38960003379123,85.93576049804688,520639000,0.004,0.0
2024-03-06 00:00:00-05:00,87.99308922719804,89.69452599594824,87.00141069166892,88.67086029052734,582520000,0.0,0.0
2024-03-07 00:00:00-05:00,90.12838069813151,92.7365248144859,89.57256358530061,92.63855743408203,608119000,0.0,0.0
2024-03-08 00:00:00-05:00,95.10675351305797,97.36801162259309,86.47758481062256,87.49925231933594,1142269000,0.0,0.0
2024-03-11 00:00:00-04:00,86.40060265646838,88.76782081371123,84.13834572804967,85.74581909179688,678364000,0.0,0.0
2024-03-12 00:00:00-04:00,88.02008324614344,91.92979413377263,86.12170491240781,91.8828125,668075000,0.0,0.0
2024-03-13 00:00:00-04:00,91.02508398682748,91.47393396528192,88.40594204784502,90.85813903808594,635713000,0.0,0.0
2024-03-14 00:00:00-04:00,89.54757446626068,90.61622350841212,86.57154750613068,87.91510772705078,602318000,0.0,0.0
2024-03-15 00:00:00-04:00,86.90144388293218,89.51658184476094,86.22866844065179,87.80814361572266,642086000,0.0,0.0
2024-03-18 00:00:00-04:00,90.35830507117406,92.37464071222252,87.05638881145386,88.42594146728516,668976000,0.0,0.0
2024-03-19 00:00:00-04:00,86.67151765212044,90.51425674084177,84.98207797118587,89.36863708496094,672171000,0.0,0.0
2024-03-20 00:00:00-04:00,89.76749997737916,90.38030520484318,88.19401951660328,90.34231567382812,479063000,0.0,0.0
2024-03-21 00:00:00-04:00,92.26968196617385,92.61756721905257,90.37530021359187,91.40496063232422,480372000,0.0,0.0
2024-03-22 00:00:00-04:00,91.11105766429952,94.7468638928685,90.8041593115699,94.25802612304688,586719000,0.0,0.0
2024-03-25 00:00:00-04:00,93.91013861786189,96.7342074446901,93.47928046219188,94.97078704833984,552136000,0.0,0.0
2024-03-26 00:00:00-04:00,95.8195062336972,96.34333614885402,92.47160751849903,92.53058624267578,513648000,0.0,0.0
2024-03-27 00:00:00-04:00,93.08141149546424,93.20936779906054,89.09372349939157,90.22035217285156,586067000,0.0,0.0
2024-03-28 00:00:00-04:00,89.97043858800308,91.27001464058522,89.16370444852706,90.32632446289062,435212000,0.0,0.0
2024-04-01 00:00:00-04:00,90.26933865065378,92.1947007975338,89.17469715880289,90.33331298828125,452441000,0.0,0.0
2024-04-02 00:00:00-04:00,88.41893947358703,90.06440242112468,87.59121620163441,89.42261505126953,433064000,0.0,0.0
2024-04-03 00:00:00-04:00,88.45493823513225,90.3443168469122,88.3709661913593,88.93477630615234,370067000,0.0,0.0
2024-04-04 00:00:00-04:00,90.37629845117095,90.60422800372173,85.85178433643762,85.87677764892578,434965000,0.0,0.0
2024-04-05 00:00:00-04:00,86.83745712010142,88.45193199631433,85.89777114739914,87.97908782958984,399678000,0.0,0.0
2024-04-08 00:00:00-04:00,88.67085666122206,88.80081883400379,86.70350850941023,87.10437774658203,283220000,0.0,0.0
2024-04-09 00:00:00-04:00,87.41326961083752,87.60620698800746,82.99472376686872,85.3259506225586,503547000,0.0,0.0
2024-04-10 00:00:00-04:00,83.89843024698811,87.3712879556285,83.68149867040677,87.01040649414062,431929000,0.0,0.0
2024-04-11 00:00:00-04:00,87.39128560717941,90.70919574606373,86.89745219051976,90.58623504638672,431637000,0.0,0.0
2024-04-12 00:00:00-04:00,89.66953167082109,90.1453808587556,87.50124546153059,88.15702819824219,426805000,0.0,0.0
2024-04-15 00:00:00-04:00,89.06872264461606,90.58322421693445,85.90076523534208,85.97274017333984,443077000,0.0,0.0
2024-04-16 00:00:00-04:00,86.40460421758179,88.08904823109181,86.03572977127556,87.38628387451172,370453000,0.0,0.0
2024-04-17 00:00:00-04:00,88.31097911873327,88.74584141967834,83.92242172115718,84.00740051269531,495400000,0.0,0.0
2024-04-18 00:00:00-04:00,84.94208621726145,86.16168663370678,82.37492908333081,84.64318084716797,447260000,0.0,0.0
2024-04-19 00:00:00-04:00,83.12269469975273,84.29630512599306,75.58117346384236,76.17497253417969,875198000,0.0,0.0
2024-04-22 00:00:00-04:00,78.07834524781059,80.04670035538005,76.3749101252901,79.49188232421875,596341000,0.0,0.0
2024-04-23 00:00:00-04:00,80.74247130165297,82.74181446817349,80.23763989778655,82.39592742919922,438559000,0.0,0.0
2024-04-24 00:00:00-04:00,83.92242471814481,84.0543851474842,79.15699208262093,79.65083312988281,512208000,0.0,0.0
2024-04-25 00:00:00-04:00,78.84209462361733,83.29563335625151,78.19730980842563,82.60486602783203,424641000,0.0,0.0
2024-04-26 00:00:00-04:00,83.79046380504667,88.30198162324554,83.35960564687717,87.7061767578125,551011000,0.0,0.0
2024-04-29 00:00:00-04:00,87.56622296271497,87.96308807915567,85.23798574736955,87.7281723022461,388971000,0.0,0.0
2024-04-30 00:00:00-04:00,87.21134125053536,88.78982495986544,86.27165520822136,86.37361907958984,363709000,0.0,0.0
2024-05-01 00:00:00-04:00,85.04905184528752,85.9717451202874,81.22830132116862,83.01371765136719,559863000,0.0,0.0
2024-05-02 00:00:00-04:00,84.42125626969049,86.20867093085921,83.17266601309362,85.78881072998047,377898000,0.0,0.0
2024-05-03 00:00:00-04:00,87.76016278941914,89.25166943381491,87.01140828668458,88.75983428955078,398341000,0.0,0.0
2024-05-06 00:00:00-04:00,89.36062948973989,92.18970149787158,89.02574047227303,92.10972595214844,376203000,0.0,0.0
2024-05-07 00:00:00-04:00,91.06806618454974,91.75084041902228,88.98175395384375,90.52424621582031,437342000,0.0,0.0
2024-05-08 00:00:00-04:00,89.45360566200054,91.16404211729393,89.39062281924463,90.3823013305664,325721000,0.0,0.0
2024-05-09 00:00:00-04:00,90.4992620554592,91.04208295679378,88.20202038816478,88.71784973144531,378013000,0.0,0.0
2024-05-10 00:00:00-04:00,90.2753342742342,91.3709748992257,89.19768547851668,89.84847259521484,335325000,0.0,0.0
2024-05-13 00:00:00-04:00,90.44827727503778,90.96811074029578,88.49991996993283,90.36930847167969,289680000,0.0,0.0
2024-05-14 00:00:00-04:00,89.56956971282393,91.62089767401247,88.90478722070216,91.32599639892578,296507000,0.0,0.0
2024-05-15 00:00:00-04:00,92.44161932872312,94.83083350687552,91.5689050462718,94.59890747070312,417735000,0.0,0.0
2024-05-16 00:00:00-04:00,94.87882442022669,95.78752238437566,94.07208269713682,94.3280029296875,323952000,0.0,0.0
2024-05-17 00:00:00-04:00,94.33800216120143,94.70887485375151,91.77584059273352,92.44861602783203,359691000,0.0,0.0
2024-05-20 00:00:00-04:00,93.71920279909754,95.16872341830162,93.40930707577944,94.74886322021484,318764000,0.0,0.0
2024-05-21 00:00:00-04:00,93.56825212335475,95.36866300361463,93.14939104451075,95.35466766357422,328946000,0.0,0.0
2024-05-22 00:00:00-04:00,95.42765114316352,95.98846392246197,93.21837781672151,94.91881561279297,548648000,0.0,0.0
2024-05-23 00:00:00-04:00,101.99448585081109,106.2850758370863,101.48664948420172,103.76490783691406,835065000,0.0,0.0
2024-05-24 00:00:00-04:00,104.41468788795488,106.44002335978084,102.96616635990915,106.43402862548828,429494000,0.0,0.0
2024-05-28 00:00:00-04:00,110.2077900069521,114.90124747385036,109.84690852832622,113.86358642578125,652728000,0.0,0.0
2024-05-29 00:00:00-04:00,113.01286640628571,115.45405793078952,110.86457027293942,114.78727722167969,557442000,0.0,0.0
2024-05-30 00:00:00-04:00,114.612337538274,115.78095222554882,109.62697631949285,110.46369934082031,487350000,0.0,0.0
2024-05-31 00:00:00-04:00,112.48303762096089,112.67997913664935,106.90487625910878,109.59699249267578,613263000,0.0,0.0
2024-06-03 00:00:00-04:00,113.58368201334555,114.96222686767578,111.96620962094242,114.96222686767578,438392000,0.0,0.0
2024-06-04 00:00:00-04:00,115.67800167050594,116.561706418007,114.00754518844305,116.39875793457031,403324000,0.0,0.0
2024-06-05 00:00:00-04:00,118.33210934086958,122.4087647447128,117.42940615929226,122.39977264404297,528402000,0.0,0.0
2024-06-06 00:00:00-04:00,124.00724541916884,125.54574130546908,118.28113030159747,120.958251953125,664696000,0.0,0.0
2024-06-07 00:00:00-04:00,119.7306529022316,121.65202623467715,117.98323363858707,120.8482894897461,412386000,0.0,0.0
2024-06-10 00:00:00-04:00,120.33046067723372,123.05955958930451,116.9715638416941,121.74999237060547,314162700,0.0,10.0
2024-06-11 00:00:00-04:00,121.73999195116299,122.83972700807324,118.7107397776175,120.88021087646484,222551200,0.01,0.0
2024-06-12 00:00:00-04:00,123.02967165119686,126.84872997628844,122.53979453852547,125.16914367675781,299595000,0.0,0.0
2024-06-13 00:00:00-04:00,129.3581169536998,129.76801958856166,127.12867070986337,129.57806396484375,260704500,0.0,0.0
2024-06-14 00:00:00-04:00,129.92799370452428,132.80727390157034,128.28839829543193,131.84751892089844,309320400,0.0,0.0
2024-06-17 00:00:00-04:00,132.9572533982128,133.69706139159663,129.54808953427707,130.94773864746094,288504400,0.0,0.0
2024-06-18 00:00:00-04:00,131.10769173939232,136.29641557179684,130.6578056523983,135.54660034179688,294335100,0.0,0.0
2024-06-20 00:00:00-04:00,139.76557010788932,140.72532511567726,129.48810330722768,130.74778747558594,517768400,0.0,0.0
2024-06-21 00:00:00-04:00,127.08867825178737,130.5978154647857,124.26937345205326,126.53881072998047,655484700,0.0,0.0
2024-06-24 00:00:00-04:00,123.20963548646723,124.42933613805307,118.01091965046173,118.08090209960938,476060900,0.0,0.0
2024-06-25 00:00:00-04:00,121.1701275508724,126.46882443182822,119.29059361747449,126.05892181396484,425787500,0.0,0.0
2024-06-26 00:00:00-04:00,126.09892059020918,128.08842814640124,122.56979155312732,126.36885833740234,362975900,0.0,0.0
2024-06-27 00:00:00-04:00,124.06941564080125,126.37885155800387,122.88970613137967,123.95944213867188,252571700,0.0,0.0
2024-06-28 00:00:00-04:00,124.54930428199576,127.67853027804634,122.71975337861936,123.50955963134766,315516700,0.0,0.0
2024-07-01 00:00:00-04:00,123.4395813225982,124.80923890749885,118.8007251119183,124.26937866210938,284885500,0.0,0.0
2024-07-02 00:00:00-04:00,121.10014907077634,123.37959365292392,121.00017523772506,122.6397705078125,218374000,0.0,0.0
2024-07-03 00:00:00-04:00,121.63003350315482,128.24839782714844,121.33010435521813,128.24839782714844,215749000,0.0,0.0
2024-07-05 00:00:00-04:00,127.34860945857926,128.81825608276083,125.64903140778242,125.79899597167969,214176700,0.0,0.0
2024-07-08 00:00:00-04:00,127.4585719244731,130.73776982046533,127.0086858992603,128.16839599609375,237677300,0.0,0.0
2024-07-09 00:00:00-04:00,130.3178959397844,133.78704236722226,128.61830251041144,131.34764099121094,285366600,0.0,0.0
2024-07-10 00:00:00-04:00,133.99698191654937,135.0667256558596,132.38737791270125,134.87677001953125,248978600,0.0,0.0
2024-07-11 00:00:00-04:00,135.71655549549055,136.1164508461357,127.0187019512054,127.36861419677734,374782700,0.0,0.0
2024-07-12 00:00:00-04:00,128.2284060345482,131.88750829381019,127.1886688828338,129.2081756591797,252680500,0.0,0.0
2024-07-15 00:00:00-04:00,130.52782847793975,131.35762580228223,127.14866403247436,128.40835571289062,208326200,0.0,0.0
2024-07-16 00:00:00-04:00,128.40835436238444,129.00819736720675,124.54930487008038,126.32886505126953,214769500,0.0,0.0
2024-07-17 00:00:00-04:00,121.32010271185337,121.8199795319496,116.69124610366761,117.96092987060547,390086200,0.0,0.0
2024-07-18 00:00:00-04:00,121.81997263511246,122.36984015709355,116.53127526261207,121.0601577758789,320979500,0.0,0.0
2024-07-19 00:00:00-04:00,120.32034955926778,121.57004161457283,117.34108797082892,117.90094757080078,217223800,0.0,0.0
2024-07-22 00:00:00-04:00,120.3203432330864,124.03942781453529,119.8304661088677,123.50955963134766,258068900,0.0,0.0
2024-07-23 00:00:00-04:00,122.74974719191928,124.65928025097237,122.06991443104106,122.5597915649414,173911000,0.0,0.0
2024-07-24 00:00:00-04:00,119.1406333610656,119.92043994002134,113.41204956795865,114.22184753417969,327776900,0.0,0.0
2024-07-25 00:00:00-04:00,113.01214947730902,116.60126129148769,106.27381225253961,112.25233459472656,460067000,0.0,0.0
2024-07-26 00:00:00-04:00,116.16136853298354,116.17136057676942,111.55250401293692,113.03213500976562,293399100,0.0,0.0
2024-07-29 00:00:00-04:00,113.66198865142056,116.25134680115113,111.27257816967544,111.5625,248152100,0.0,0.0
2024-07-30 00:00:00-04:00,111.49251876218644,111.96240417731258,102.51473565355279,103.7044448852539,486833300,0.0,0.0
2024-07-31 00:00:00-04:00,112.87217777091092,118.31083191790377,110.85267132044424,116.99115753173828,473174200,0.0,0.0
2024-08-01 00:00:00-04:00,117.50104810323892,120.13040514788088,106.78368749587625,109.18309783935547,523462300,0.0,0.0
2024-08-02 00:00:00-04:00,103.73443129488524,108.69320802636011,101.3450209019017,107.24356079101562,482027500,0.0,0.0
2024-08-05 00:00:00-04:00,92.0373150047539,103.38452459369911,90.66765743904186,100.42524719238281,552842400,0.0,0.0
2024-08-06 00:00:00-04:00,103.8144091952266,107.68345833707174,100.52522659409519,104.22431182861328,409012100,0.0,0.0
2024-08-07 00:00:00-04:00,107.78343659639361,108.77319818362058,98.6656883565928,98.88563537597656,411440400,0.0,0.0
2024-08-08 00:00:00-04:00,101.97486813365401,105.47400576569116,97.49596860854,104.94413757324219,391910000,0.0,0.0
2024-08-09 00:00:00-04:00,105.6139698534446,106.57373239559361,103.40451530940655,104.72418975830078,290844200,0.0,0.0
2024-08-12 00:00:00-04:00,106.29380933051287,111.04263923804827,106.23382655143305,108.9931411743164,325559900,0.0,0.0
2024-08-13 00:00:00-04:00,112.41229629244809,116.20136332032301,111.55250759337807,116.11138153076172,312646700,0.0,0.0
2024-08-14 00:00:00-04:00,118.5007970340635,118.57077948335262,114.04189674110647,118.05091094970703,339246400,0.0,0.0
2024-08-15 00:00:00-04:00,118.73074633761901,123.2096384456698,117.44106320591041,122.8297348022461,318086700,0.0,0.0
2024-08-16 00:00:00-04:00,121.90995234205361,124.9691958147952,121.15013749579563,124.54930114746094,302589900,0.0,0.0
2024-08-19 00:00:00-04:00,124.2493798220781,129.9679718017578,123.38959109072681,129.9679718017578,318333600,0.0,0.0
2024-08-20 00:00:00-04:00,128.36835370467122,129.84799998824454,125.85897770804885,127.21864318847656,300087400,0.0,0.0
2024-08-21 00:00:00-04:00,127.2886435744744,129.31815003716036,126.62881008429083,128.46835327148438,257883600,0.0,0.0
2024-08-22 00:00:00-04:00,129.98796994394152,130.717785815134,123.06966909662319,123.70951080322266,376189100,0.0,0.0
2024-08-23 00:00:00-04:00,125.82898983127045,129.56807382051312,125.18914813175064,129.33811950683594,323230300,0.0,0.0
2024-08-26 00:00:00-04:00,129.53808260280766,131.22765338990934,124.33935925298674,126.42884063720703,331964700,0.0,0.0
2024-08-27 00:00:00-04:00,125.01920259136338,129.1681743229575,123.84948497148315,128.26840209960938,303134600,0.0,0.0
2024-08-28 00:00:00-04:00,128.0884319398247,128.29838691719942,122.60978624415954,125.57905578613281,448101100,0.0,0.0
2024-08-29 00:00:00-04:00,121.33010304223866,124.3993464291812,116.6812470646182,117.56102752685547,453023300,0.0,0.0
2024-08-30 00:00:00-04:00,119.50054804230363,121.72000228172388,117.19111963899515,119.34059143066406,333751600,0.0,0.0
2024-09-03 00:00:00-04:00,115.9814171340765,116.18136480283337,107.26356453201906,107.973388671875,477155100,0.0,0.0
2024-09-04 00:00:00-04:00,105.38403194779274,113.24208832420429,104.09434887245212,106.18383026123047,372470300,0.0,0.0
2024-09-05 00:00:00-04:00,104.96413183407385,109.6229874268856,104.73419276980215,107.18358612060547,306850700,0.0,0.0
2024-09-06 00:00:00-04:00,108.01337995723738,108.12335346353827,100.92512296050285,102.8046646118164,413638100,0.0,0.0
2024-09-09 00:00:00-04:00,104.85415910703641,106.52375348417674,103.66445746112835,106.44377136230469,273912000,0.0,0.0
2024-09-10 00:00:00-04:00,107.78343479415585,109.37304700834024,104.92413884500664,108.0733642578125,268283700,0.0,0.0
2024-09-11 00:00:00-04:00,109.3630438515934,117.16112485124165,107.39352807236727,116.88119506835938,441422400,0.0,0.0
2024-09-12 00:00:00-04:00,116.82120128077001,120.77057045474369,115.3614370539407,119.12083435058594,367100500,0.01,0.0
2024-09-13 00:00:00-04:00,119.06084000976254,119.94069565795841,117.58107480834963,119.0808334350586,238358300,0.0,0.0
2024-09-16 00:00:00-04:00,116.77120810734208,118.16098383065176,114.34159881620232,116.7612075805664,248772300,0.0,0.0
2024-09-17 00:00:00-04:00,118.15099033708098,118.7808938826076,114.81153124290536,115.57140350341797,231925900,0.0,0.0
2024-09-18 00:00:00-04:00,115.87135202544096,117.68105834506785,113.20178347448297,113.35176086425781,310318900,0.0,0.0
2024-09-19 00:00:00-04:00,117.3311230698782,119.64075670028409,117.23114068021938,117.85104370117188,293506400,0.0,0.0
2024-09-20 00:00:00-04:00,117.041165532472,118.6009197546388,115.37143602446805,115.98133850097656,382462400,0.0,0.0
2024-09-23 00:00:00-04:00,116.5312567610485,116.97118080282907,114.84152614526418,116.24130249023438,206228500,0.0,0.0
2024-09-24 00:00:00-04:00,116.5012492087513,121.78040609310197,115.36143323881014,120.85055541992188,354966800,0.0,0.0
2024-09-25 00:00:00-04:00,122.00036937142775,124.91990547833531,121.5904392877682,123.4901351928711,284692900,0.0,0.0
2024-09-26 00:00:00-04:00,126.77960826024157,127.64946344549999,121.78041247124415,124.02005004882812,302582900,0.0,0.0
2024-09-27 00:00:00-04:00,123.9500642912149,124.01005220096552,119.24082267160239,121.38047790527344,271009200,0.0,0.0
2024-09-30 00:00:00-04:00,118.29096227592748,121.48045146740193,118.13099198549791,121.42046356201172,226553700,0.0,0.0
2024-10-01 00:00:00-04:00,121.75040758040218,122.42030559533124,115.77137385100936,116.9811782836914,302094500,0.0,0.0
2024-10-02 00:00:00-04:00,116.42127087200362,119.360792730428,115.12147695024304,118.83087921142578,221845900,0.0,0.0
2024-10-03 00:00:00-04:00,120.90054847309592,124.33999759824167,120.32063993396463,122.83023834228516,277118000,0.0,0.0
2024-10-04 00:00:00-04:00,124.91990339813242,125.01988578554294,121.810403092212,124.89990234375,243678100,0.0,0.0
2024-10-07 00:00:00-04:00,124.96989107230341,130.61898369823507,124.92989659161151,127.69945526123047,346250200,0.0,0.0
2024-10-08 00:00:00-04:00,130.23904002332463,133.45852325335272,129.39917881279587,132.86862182617188,285722500,0.0,0.0
2024-10-09 00:00:00-04:00,134.08841860906853,134.49835629027027,131.35886221320516,132.62864685058594,246191600,0.0,0.0
2024-10-10 00:00:00-04:00,131.8887724251562,134.97827142059657,130.97891523035668,134.78829956054688,242311300,0.0,0.0
2024-10-11 00:00:00-04:00,133.98843884138304,135.75815840657205,133.63850429309608,134.7783203125,170209500,0.0,0.0
2024-10-14 00:00:00-04:00,136.44805696221857,139.57755854294567,136.27808612883217,138.0478057861328,232347700,0.0,0.0
2024-10-15 00:00:00-04:00,137.84782283581688,138.547722466739,128.71930149862905,131.57884216308594,377831000,0.0,0.0
2024-10-16 00:00:00-04:00,133.9584403413635,136.5980149944232,131.55883256815804,135.6981658935547,264879700,0.0,0.0
2024-10-17 00:00:00-04:00,139.31759037510415,140.8673441853548,136.8479863322171,136.90797424316406,306435900,0.0,0.0
2024-10-18 00:00:00-04:00,138.64768884107772,138.87764756674068,137.25791307551907,137.97779846191406,176090200,0.0,0.0
2024-10-21 00:00:00-04:00,138.1077854115753,143.6868896484375,137.97780144123402,143.6868896484375,264554500,0.0,0.0
2024-10-22 00:00:00-04:00,142.88702644418225,144.39677817254247,141.7572032447214,143.56690979003906,226311600,0.0,0.0
2024-10-23 00:00:00-04:00,142.00715584596583,142.4070854107316,137.43789878035992,139.5375518798828,285930000,0.0,0.0
2024-10-24 00:00:00-04:00,140.79735837298583,141.3272719093067,138.4377373361036,140.38742065429688,172354900,0.0,0.0
2024-10-25 00:00:00-04:00,140.90732467853542,144.1068221770471,140.77735596279692,141.51722717285156,205122100,0.0,0.0
2024-10-28 00:00:00-04:00,142.9770029033179,143.11697977842437,140.02748037021578,140.49740600585938,173586700,0.0,0.0
2024-10-29 00:00:00-04:00,140.26742736816374,142.23711171034327,138.87765156261756,141.22727966308594,157593600,0.0,0.0
2024-10-30 00:00:00-04:00,139.51754595215704,140.30742741103543,136.78798938993828,139.3175811767578,179418100,0.0,0.0
2024-10-31 00:00:00-04:00,137.57788081150406,137.5878737112806,132.08875807974474,132.7386474609375,270039600,0.0,0.0
2024-11-01 00:00:00-04:00,134.67833522595924,137.2879161101812,134.5483665061615,135.3782196044922,207127800,0.0,0.0
2024-11-04 00:00:00-05:00,137.18793904541485,138.9376575905799,135.54820341905642,136.0281219482422,187528200,0.0,0.0
2024-11-05 00:00:00-05:00,137.4278859649573,140.3474144064953,137.30791015086248,139.8874969482422,160537400,0.0,0.0
2024-11-06 00:00:00-05:00,142.9370107400554,146.46644169789403,141.93717159604822,145.58657836914062,242043900,0.0,0.0
2024-11-07 00:00:00-05:00,146.3664587614797,148.9060435973239,146.14649291865044,148.85606384277344,207323300,0.0,0.0
2024-11-08 00:00:00-05:00,148.7460628790407,149.74590195013883,146.236457046531,147.6062469482422,175665800,0.0,0.0
2024-11-11 00:00:00-05:00,148.65606583595482,148.82605190369284,143.5469028263821,145.2366180419922,182325600,0.0,0.0
2024-11-12 00:00:00-05:00,146.7563770410738,149.62591028148023,145.98649668767203,148.26612854003906,198634700,0.0,0.0
2024-11-13 00:00:00-05:00,149.04602786184785,149.30598054586102,145.87652436377047,146.24647521972656,191903300,0.0,0.0
2024-11-14 00:00:00-05:00,147.6162371498861,148.97601887199116,145.52657719098687,146.7363739013672,194463300,0.0,0.0
2024-11-15 00:00:00-05:00,144.8466877533126,145.2166386002855,140.05746510375218,141.9571533203125,250132900,0.0,0.0
2024-11-18 00:00:00-05:00,139.47755210471132,141.52722527651324,137.1279241566863,140.12744140625,221866000,0.0,0.0
2024-11-19 00:00:00-05:00,141.2972716123141,147.10633445236968,140.96732287230222,146.98634338378906,227834900,0.0,0.0
2024-11-20 00:00:00-05:00,147.38629113505743,147.53626090336707,142.70703603144835,145.8665313720703,309871700,0.0,0.0
2024-11-21 00:00:00-05:00,149.32598496889756,152.8654088901037,140.67736706254192,146.6464080810547,400946600,0.0,0.0
2024-11-22 00:00:00-05:00,145.90650981286518,147.13632286743956,141.07730047570033,141.92715454101562,236406200,0.0,0.0
2024-11-25 00:00:00-05:00,141.9671640146257,142.02715192160386,135.79815839357323,135.9981231689453,344941900,0.0,0.0
2024-11-26 00:00:00-05:00,137.6778530821544,139.277601884859,135.64818075181995,136.89797973632812,190287700,0.0,0.0
2024-11-27 00:00:00-05:00,134.98827330747284,137.19792446250455,131.77879829463743,135.31822204589844,226370900,0.0,0.0
2024-11-29 00:00:00-05:00,136.75800311530705,139.32759715528792,136.02812477876728,138.22776794433594,141863200,0.0,0.0
2024-12-02 00:00:00-05:00,138.8076612979231,140.42739572538855,137.7978293194704,138.60769653320312,171682800,0.0,0.0
2024-12-03 00:00:00-05:00,138.23776359782383,140.51739577472358,137.92781588392697,140.23744201660156,164414000,0.0,0.0
2024-12-04 00:00:00-05:00,141.97715912549498,145.76654278655016,140.26742746830917,145.1166534423828,231224300,0.0,0.0
2024-12-05 00:00:00-05:00,145.0966598316491,146.52652104015894,143.93676281520223,145.04666137695312,172621200,0.01,0.0
2024-12-06 00:00:00-05:00,144.58670004061705,145.68658966441174,141.29699424160657,142.42689514160156,188505600,0.0,0.0
2024-12-09 00:00:00-05:00,138.9572148926683,139.93712045292858,137.1173878488451,138.79722595214844,189308600,0.0,0.0
2024-12-10 00:00:00-05:00,138.99721154250668,141.80696595909077,133.77769033829185,135.05758666992188,210020900,0.0,0.0
2024-12-11 00:00:00-05:00,137.3473626393387,140.15710166074888,135.19756655561218,139.29718017578125,184905200,0.0,0.0
2024-12-12 00:00:00-05:00,137.0673914713081,138.42726697152892,135.7875104425574,137.32736206054688,159211400,0.0,0.0
2024-12-13 00:00:00-05:00,138.92722683278515,139.58716980719961,132.52780616182653,134.23765563964844,231514900,0.0,0.0
2024-12-16 00:00:00-05:00,134.16764608739564,134.38762706465963,130.40799755691268,131.98785400390625,237951100,0.0,0.0
2024-12-17 00:00:00-05:00,129.07812250532473,131.57789255271604,126.84833189511964,130.3780059814453,259410300,0.0,0.0
2024-12-18 00:00:00-05:00,133.84768927135005,136.68742440979707,128.2682006428492,128.8981475830078,277444500,0.0,0.0
2024-12-19 00:00:00-05:00,131.7478712095932,134.01766661792476,129.5380830968377,130.66796875,209719200,0.0,0.0
2024-12-20 00:00:00-05:00,129.7980572196654,135.26755529215387,128.20820713472543,134.68760681152344,306528600,0.0,0.0
2024-12-23 00:00:00-05:00,136.2674627166313,139.77713434768583,135.1075657604122,139.6571502685547,176053500,0.0,0.0
2024-12-24 00:00:00-05:00,139.98712655305678,141.88694573903672,138.6372445869122,140.2071075439453,105157000,0.0,0.0
2024-12-26 00:00:00-05:00,139.68715493157526,140.8370583714796,137.7173348045662,139.91712951660156,116205600,0.0,0.0
2024-12-27 00:00:00-05:00,138.53725762424156,139.00721560881072,134.69761453351015,136.9973907470703,170582600,0.0,0.0
2024-12-30 00:00:00-05:00,134.81759702407376,140.2570989672278,134.00767398793965,137.47735595703125,167734700,0.0,0.0
2024-12-31 00:00:00-05:00,138.0173106258272,138.05731549303724,133.8176997545706,134.27764892578125,155659200,0.0,0.0
2025-01-02 00:00:00-05:00,135.98748671158143,138.8672266066605,134.61761764692358,138.29727172851562,198247200,0.0,0.0
2025-01-03 00:00:00-05:00,139.99711439640743,144.88666393436952,139.71714137538024,144.4567108154297,229322500,0.0,0.0
2025-01-06 00:00:00-05:00,148.57632545203526,152.14600432101588,147.80640728049391,149.41624450683594,265377400,0.0,0.0
2025-01-07 00:00:00-05:00,153.0159191493047,153.1159160516902,139.99711279126652,140.12710571289062,351782200,0.0,0.0
2025-01-08 00:00:00-05:00,142.5668963792699,143.9367655713296,137.5473535279277,140.0971221923828,227349900,0.0,0.0
2025-01-10 00:00:00-05:00,137.43735839735214,139.90713250101766,134.20765966847648,135.8975067138672,207602500,0.0,0.0
2025-01-13 00:00:00-05:00,129.97805065881337,133.47772877314173,129.49808381781634,133.21774291992188,204808900,0.0,0.0
2025-01-14 00:00:00-05:00,136.0374931021696,136.3674645891877,130.03804480886453,131.7478790283203,195590500,0.0,0.0
2025-01-15 00:00:00-05:00,133.63770458598145,136.43745017340345,131.277920981104,136.22747802734375,185217300,0.0,0.0
2025-01-16 00:00:00-05:00,138.6272498193542,138.73724031386243,133.47772952507327,133.55772399902344,209235600,0.0,0.0
2025-01-17 00:00:00-05:00,136.67743145335606,138.48726255165812,135.44754884500142,137.6973419189453,201188800,0.0,0.0
2025-01-21 00:00:00-05:00,139.14720257048143,141.8169551308445,137.07738566270945,140.81704711914062,197749000,0.0,0.0
2025-01-22 00:00:00-05:00,144.64670591256592,147.77640781491758,143.65679142482674,147.05648803710938,237651400,0.0,0.0
2025-01-23 00:00:00-05:00,145.03666800279981,147.2164602628041,143.706788444335,147.2064666748047,155915500,0.0,0.0
2025-01-24 00:00:00-05:00,148.35634349735062,148.95629439391405,141.86695041120194,142.60687255859375,234657600,0.0,0.0
2025-01-27 00:00:00-05:00,124.78852130861458,128.3881809500624,116.68926041493282,118.40910339355469,818830900,0.0,0.0
2025-01-28 00:00:00-05:00,121.79880142784785,128.9881430022562,116.23931491482392,128.9781494140625,579666400,0.0,0.0
2025-01-29 00:00:00-05:00,126.48836708502724,126.87833061040895,120.03896327722832,123.6886215209961,467120600,0.0,0.0
2025-01-30 00:00:00-05:00,123.08867408422283,124.9885008224628,118.08913405132431,124.63853454589844,392925500,0.0,0.0
2025-01-31 00:00:00-05:00,123.76861793270326,127.83824341487099,119.1790436181177,120.0589599609375,390372900,0.0,0.0
2025-02-03 00:00:00-05:00,114.7394486968032,118.55909714130068,112.99961082645434,116.64927673339844,371235700,0.0,0.0
2025-02-04 00:00:00-05:00,116.94924444838958,121.1888524384042,116.68926621972048,118.63909149169922,256550000,0.0,0.0
2025-02-05 00:00:00-05:00,121.74880228526035,124.98850212428793,120.74889426826606,124.81851959228516,262230800,0.0,0.0
2025-02-06 00:00:00-05:00,127.40827329026631,128.7581551695,125.19847756454047,128.66815185546875,251483600,0.0,0.0
2025-02-07 00:00:00-05:00,129.20811063964976,130.35799871586244,124.9884977355082,129.8280487060547,228186300,0.0,0.0
2025-02-10 00:00:00-05:00,130.0780330404282,134.98758517024453,129.94805537047182,133.55772399902344,216989100,0.0,0.0
2025-02-11 00:00:00-05:00,132.56781502240796,134.4676342706669,131.0079608594355,132.7877960205078,178902400,0.0,0.0
2025-02-12 00:00:00-05:00,130.00805277951918,132.22784993678553,129.0681367435288,131.12794494628906,160278600,0.0,0.0
2025-02-13 00:00:00-05:00,131.54790450828392,136.487452862588,131.15794096754342,135.27755737304688,197430000,0.0,0.0
2025-02-14 00:00:00-05:00,136.46744211776974,139.23719160158925,135.4875365315285,138.8372344970703,195479600,0.0,0.0
2025-02-18 00:00:00-05:00,141.25701494818574,143.4268135927519,137.91731045487123,139.38717651367188,219176600,0.0,0.0
2025-02-19 00:00:00-05:00,139.49716663707372,141.34700263351252,137.2073839146051,139.21719360351562,167536000,0.0,0.0
2025-02-20 00:00:00-05:00,140.01712771481476,140.6470746897965,136.7774200315485,140.0971221923828,143903600,0.0,0.0
2025-02-21 00:00:00-05:00,140.02711787829398,141.4470007486669,134.01767593596887,134.41763305664062,228217600,0.0,0.0
2025-02-24 00:00:00-05:00,136.5474420161462,138.57725415414035,130.06804206967678,130.2680206298828,251381100,0.0,0.0
2025-02-25 00:00:00-05:00,129.96804527013506,130.18802626376245,124.42856133510212,126.61835479736328,271428700,0.0,0.0
2025-02-26 00:00:00-05:00,129.97805439122038,133.71770077604796,128.478192299153,131.26792907714844,322553800,0.0,0.0
2025-02-27 00:00:00-05:00,134.9875872324259,134.99758082030266,119.99896764539281,120.13895416259766,443175800,0.0,0.0
2025-02-28 00:00:00-05:00,118.00914142194866,125.07849083366686,116.38929530836823,124.90850830078125,389091100,0.0,0.0
2025-03-03 00:00:00-05:00,123.49864257535764,123.68861991301428,112.26967207329028,114.04950714111328,411381400,0.0,0.0
2025-03-04 00:00:00-05:00,110.63982667322061,119.29902637351395,110.09987541363249,115.97933197021484,398163300,0.0,0.0
2025-03-05 00:00:00-05:00,117.56918811598004,118.26912068620358,114.49947076595478,117.28921508789062,284337900,0.0,0.0
2025-03-06 00:00:00-05:00,113.51955654224739,115.3393888375433,110.209863429875,110.55982971191406,321181900,0.0,0.0
2025-03-07 00:00:00-05:00,111.2397716760376,113.46957000648335,107.5501084934214,112.67964172363281,341755500,0.0,0.0
2025-03-10 00:00:00-04:00,109.88989097369002,111.83970852661247,105.45029700249104,106.97016143798828,366487400,0.0,0.0
2025-03-11 00:00:00-04:00,106.98015850635034,112.22967568900775,104.76036144852146,108.75,354865700,0.0,0.0
2025-03-12 00:00:00-04:00,114.12000274658203,116.76000213623047,112.87999725341797,115.73999786376953,323857500,0.01,0.0
2025-03-13 00:00:00-04:00,117.02999877929688,117.76000213623047,113.79000091552734,115.58000183105469,299033100,0.0,0.0
2025-03-14 00:00:00-04:00,118.61000061035156,121.87999725341797,118.1500015258789,121.66999816894531,276742800,0.0,0.0
